onset	duration	nwb_table	stim_id	delay	diameter	x	y	contrast	spatial_frequency	temporal_frequency	orientation	slap2_trial_idx
5.487007999792695	0.34299999499999956	gratings	13.0	0.342999995	360.0	0.0	0.0	1.0	0.0399999991	2.0	5.10508823	0.0
6.1830079993233085	0.34299999499999956	gratings	3.0	0.342999995	360.0	0.0	0.0	1.0	0.0399999991	2.0	1.17809725	0.0
6.88399999961257	0.34299999499999956	gratings	14.0	0.342999995	360.0	0.0	0.0	1.0	0.0399999991	2.0	5.497787	0.0
7.583999999798834	0.34299999499999956	gratings	11.0	0.342999995	360.0	0.0	0.0	1.0	0.0399999991	2.0	4.49422264	0.0
8.283007999882102	0.34299999499999956	gratings	1.0	0.342999995	360.0	0.0	0.0	1.0	0.0399999991	2.0	0.392699093	0.0
8.98399999924004	0.34299999499999956	gratings	4.0	0.342999995	360.0	0.0	0.0	1.0	0.0399999991	2.0	1.57079637	0.0
9.683999999426305	0.34299999499999956	gratings	6.0	0.342999995	360.0	0.0	0.0	1.0	0.0399999991	2.0	2.3561945	0.0
10.38399999961257	0.34299999499999956	gratings	9.0	0.342999995	360.0	0.0	0.0	1.0	0.0399999991	2.0	3.53429174	0.0
11.083007999695837	0.34299999499999956	gratings	2.0	0.342999995	360.0	0.0	0.0	1.0	0.0399999991	2.0	0.785398185	0.0
11.783007999882102	0.34299999499999956	gratings	5.0	0.342999995	360.0	0.0	0.0	1.0	0.0399999991	2.0	1.96349537	0.0
12.48399999924004	0.34299999499999956	gratings	10.0	0.342999995	360.0	0.0	0.0	1.0	0.0399999991	2.0	3.92699075	0.0
13.183999999426305	0.34299999499999956	gratings	8.0	0.342999995	360.0	0.0	0.0	1.0	0.0399999991	2.0	3.14159274	0.0
13.88399999961257	0.34299999499999956	gratings	7.0	0.342999995	360.0	0.0	0.0	1.0	0.0399999991	2.0	2.7488935	0.0
14.583999999798834	0.34299999499999956	gratings	5.0	0.342999995	360.0	0.0	0.0	1.0	0.0399999991	2.0	1.96349537	0.0
15.283999999985099	0.34299999499999956	gratings	3.0	0.342999995	360.0	0.0	0.0	1.0	0.0399999991	2.0	1.17809725	0.0
15.98399999924004	0.34299999499999956	gratings	10.0	0.342999995	360.0	0.0	0.0	1.0	0.0399999991	2.0	3.92699075	0.0
16.683999999426305	0.34299999499999956	gratings	12.0	0.342999995	360.0	0.0	0.0	1.0	0.0399999991	2.0	4.71238899	0.0
17.38399999961257	0.34299999499999956	gratings	8.0	0.342999995	360.0	0.0	0.0	1.0	0.0399999991	2.0	3.14159274	0.0
18.083999999798834	0.34299999499999956	gratings	12.0	0.342999995	360.0	0.0	0.0	1.0	0.0399999991	2.0	4.71238899	0.0
18.7839999999851	0.34299999499999956	gratings	1.0	0.342999995	360.0	0.0	0.0	1.0	0.0399999991	2.0	0.392699093	0.0
19.48399999924004	0.34299999499999956	gratings	11.0	0.342999995	360.0	0.0	0.0	1.0	0.0399999991	2.0	4.49422264	0.0
20.183999999426305	0.34299999499999956	gratings	2.0	0.342999995	360.0	0.0	0.0	1.0	0.0399999991	2.0	0.785398185	0.0
20.88399999961257	0.34299999499999956	gratings	8.0	0.342999995	360.0	0.0	0.0	1.0	0.0399999991	2.0	3.14159274	0.0
21.583999999798834	0.34299999499999956	gratings	11.0	0.342999995	360.0	0.0	0.0	1.0	0.0399999991	2.0	4.49422264	0.0
22.2839999999851	0.34299999499999956	gratings	9.0	0.342999995	360.0	0.0	0.0	1.0	0.0399999991	2.0	3.53429174	0.0
22.98399999924004	0.34299999499999956	gratings	5.0	0.342999995	360.0	0.0	0.0	1.0	0.0399999991	2.0	1.96349537	0.0
23.683999999426305	0.34299999499999956	gratings	0.0	0.342999995	360.0	0.0	0.0	1.0	0.0399999991	2.0	0.0	0.0
24.38399999961257	0.34299999499999956	gratings	12.0	0.342999995	360.0	0.0	0.0	1.0	0.0399999991	2.0	4.71238899	0.0
25.083999999798834	0.34299999499999956	gratings	8.0	0.342999995	360.0	0.0	0.0	1.0	0.0399999991	2.0	3.14159274	0.0
25.7839999999851	0.34299999499999956	gratings	6.0	0.342999995	360.0	0.0	0.0	1.0	0.0399999991	2.0	2.3561945	0.0
26.48399999924004	0.34299999499999956	gratings	8.0	0.342999995	360.0	0.0	0.0	1.0	0.0399999991	2.0	3.14159274	0.0
27.183999999426305	0.34299999499999956	gratings	0.0	0.342999995	360.0	0.0	0.0	1.0	0.0399999991	2.0	0.0	0.0
27.88399999961257	0.34299999499999956	gratings	0.0	0.342999995	360.0	0.0	0.0	1.0	0.0399999991	2.0	0.0	0.0
28.583999999798834	0.34299999499999956	gratings	5.0	0.342999995	360.0	0.0	0.0	1.0	0.0399999991	2.0	1.96349537	0.0
29.2839999999851	0.34299999499999956	gratings	1.0	0.342999995	360.0	0.0	0.0	1.0	0.0399999991	2.0	0.392699093	0.0
29.98399999924004	0.34299999499999956	gratings	10.0	0.342999995	360.0	0.0	0.0	1.0	0.0399999991	2.0	3.92699075	0.0
30.683999999426305	0.34299999499999956	gratings	10.0	0.342999995	360.0	0.0	0.0	1.0	0.0399999991	2.0	3.92699075	1.0
31.38399999961257	0.34299999499999956	gratings	13.0	0.342999995	360.0	0.0	0.0	1.0	0.0399999991	2.0	5.10508823	1.0
32.083999999798834	0.34299999499999956	gratings	11.0	0.342999995	360.0	0.0	0.0	1.0	0.0399999991	2.0	4.49422264	1.0
32.7839999999851	0.34299999499999956	gratings	5.0	0.342999995	360.0	0.0	0.0	1.0	0.0399999991	2.0	1.96349537	1.0
33.48399999924004	0.34299999499999956	gratings	8.0	0.342999995	360.0	0.0	0.0	1.0	0.0399999991	2.0	3.14159274	1.0
34.183999999426305	0.34299999499999956	gratings	1.0	0.342999995	360.0	0.0	0.0	1.0	0.0399999991	2.0	0.392699093	1.0
34.88399999961257	0.34299999499999956	gratings	1.0	0.342999995	360.0	0.0	0.0	1.0	0.0399999991	2.0	0.392699093	1.0
35.583999999798834	0.34299999499999956	gratings	9.0	0.342999995	360.0	0.0	0.0	1.0	0.0399999991	2.0	3.53429174	1.0
36.2839999999851	0.34299999499999956	gratings	3.0	0.342999995	360.0	0.0	0.0	1.0	0.0399999991	2.0	1.17809725	1.0
36.98399999924004	0.34299999499999956	gratings	8.0	0.342999995	360.0	0.0	0.0	1.0	0.0399999991	2.0	3.14159274	1.0
37.683999999426305	0.34299999499999956	gratings	5.0	0.342999995	360.0	0.0	0.0	1.0	0.0399999991	2.0	1.96349537	1.0
38.38399999961257	0.34299999499999956	gratings	11.0	0.342999995	360.0	0.0	0.0	1.0	0.0399999991	2.0	4.49422264	1.0
39.083999999798834	0.34299999499999956	gratings	1.0	0.342999995	360.0	0.0	0.0	1.0	0.0399999991	2.0	0.392699093	1.0
39.7839999999851	0.34299999499999956	gratings	9.0	0.342999995	360.0	0.0	0.0	1.0	0.0399999991	2.0	3.53429174	1.0
40.48399999924004	0.34299999499999956	gratings	4.0	0.342999995	360.0	0.0	0.0	1.0	0.0399999991	2.0	1.57079637	1.0
41.183999999426305	0.34299999499999956	gratings	10.0	0.342999995	360.0	0.0	0.0	1.0	0.0399999991	2.0	3.92699075	1.0
41.88399999961257	0.34299999499999956	gratings	7.0	0.342999995	360.0	0.0	0.0	1.0	0.0399999991	2.0	2.7488935	1.0
42.583999999798834	0.34299999499999956	gratings	4.0	0.342999995	360.0	0.0	0.0	1.0	0.0399999991	2.0	1.57079637	1.0
43.2839999999851	0.34299999499999956	gratings	2.0	0.342999995	360.0	0.0	0.0	1.0	0.0399999991	2.0	0.785398185	1.0
43.98399999924004	0.34299999499999956	gratings	1.0	0.342999995	360.0	0.0	0.0	1.0	0.0399999991	2.0	0.392699093	1.0
44.683999999426305	0.34299999499999956	gratings	6.0	0.342999995	360.0	0.0	0.0	1.0	0.0399999991	2.0	2.3561945	1.0
45.38399999961257	0.34299999499999956	gratings	1.0	0.342999995	360.0	0.0	0.0	1.0	0.0399999991	2.0	0.392699093	1.0
46.083999999798834	0.34299999499999956	gratings	9.0	0.342999995	360.0	0.0	0.0	1.0	0.0399999991	2.0	3.53429174	1.0
46.7839999999851	0.34299999499999956	gratings	15.0	0.342999995	360.0	0.0	0.0	0.0	0.0399999991	2.0	0.0	1.0
47.48399999924004	0.34299999499999956	gratings	4.0	0.342999995	360.0	0.0	0.0	1.0	0.0399999991	2.0	1.57079637	1.0
48.183999999426305	0.34299999499999956	gratings	14.0	0.342999995	360.0	0.0	0.0	1.0	0.0399999991	2.0	5.497787	1.0
48.88399999961257	0.34299999499999956	gratings	10.0	0.342999995	360.0	0.0	0.0	1.0	0.0399999991	2.0	3.92699075	1.0
49.583999999798834	0.34299999499999956	gratings	3.0	0.342999995	360.0	0.0	0.0	1.0	0.0399999991	2.0	1.17809725	1.0
50.2839999999851	0.34299999499999956	gratings	14.0	0.342999995	360.0	0.0	0.0	1.0	0.0399999991	2.0	5.497787	1.0
50.98399999924004	0.34299999499999956	gratings	6.0	0.342999995	360.0	0.0	0.0	1.0	0.0399999991	2.0	2.3561945	1.0
51.683999999426305	0.34299999499999956	gratings	4.0	0.342999995	360.0	0.0	0.0	1.0	0.0399999991	2.0	1.57079637	1.0
52.38399999961257	0.34299999499999956	gratings	15.0	0.342999995	360.0	0.0	0.0	0.0	0.0399999991	2.0	0.0	1.0
53.083999999798834	0.34299999499999956	gratings	5.0	0.342999995	360.0	0.0	0.0	1.0	0.0399999991	2.0	1.96349537	1.0
53.7839999999851	0.34299999499999956	gratings	6.0	0.342999995	360.0	0.0	0.0	1.0	0.0399999991	2.0	2.3561945	1.0
54.48399999924004	0.34299999499999956	gratings	13.0	0.342999995	360.0	0.0	0.0	1.0	0.0399999991	2.0	5.10508823	1.0
55.183999999426305	0.34299999499999956	gratings	7.0	0.342999995	360.0	0.0	0.0	1.0	0.0399999991	2.0	2.7488935	1.0
55.88399999961257	0.34299999499999956	gratings	0.0	0.342999995	360.0	0.0	0.0	1.0	0.0399999991	2.0	0.0	1.0
56.583999999798834	0.34299999499999956	gratings	12.0	0.342999995	360.0	0.0	0.0	1.0	0.0399999991	2.0	4.71238899	1.0
57.2839999999851	0.34299999499999956	gratings	9.0	0.342999995	360.0	0.0	0.0	1.0	0.0399999991	2.0	3.53429174	1.0
57.98399999924004	0.34299999499999956	gratings	12.0	0.342999995	360.0	0.0	0.0	1.0	0.0399999991	2.0	4.71238899	1.0
58.683999999426305	0.34299999499999956	gratings	7.0	0.342999995	360.0	0.0	0.0	1.0	0.0399999991	2.0	2.7488935	1.0
59.38399999961257	0.34299999499999956	gratings	10.0	0.342999995	360.0	0.0	0.0	1.0	0.0399999991	2.0	3.92699075	1.0
60.083999999798834	0.34299999499999956	gratings	1.0	0.342999995	360.0	0.0	0.0	1.0	0.0399999991	2.0	0.392699093	-1.0
60.7839999999851	0.34299999499999956	gratings	13.0	0.342999995	360.0	0.0	0.0	1.0	0.0399999991	2.0	5.10508823	2.0
61.48399999924004	0.34299999499999956	gratings	13.0	0.342999995	360.0	0.0	0.0	1.0	0.0399999991	2.0	5.10508823	2.0
62.183999999426305	0.34299999499999956	gratings	9.0	0.342999995	360.0	0.0	0.0	1.0	0.0399999991	2.0	3.53429174	2.0
62.88399999961257	0.34299999499999956	gratings	15.0	0.342999995	360.0	0.0	0.0	0.0	0.0399999991	2.0	0.0	2.0
63.583999999798834	0.34299999499999956	gratings	13.0	0.342999995	360.0	0.0	0.0	1.0	0.0399999991	2.0	5.10508823	2.0
64.2839999999851	0.34299999499999956	gratings	3.0	0.342999995	360.0	0.0	0.0	1.0	0.0399999991	2.0	1.17809725	2.0
64.98399999924004	0.34299999499999956	gratings	9.0	0.342999995	360.0	0.0	0.0	1.0	0.0399999991	2.0	3.53429174	2.0
65.6839999994263	0.34299999499999956	gratings	11.0	0.342999995	360.0	0.0	0.0	1.0	0.0399999991	2.0	4.49422264	2.0
66.38399999961257	0.34299999499999956	gratings	6.0	0.342999995	360.0	0.0	0.0	1.0	0.0399999991	2.0	2.3561945	2.0
67.08399999979883	0.34299999499999956	gratings	6.0	0.342999995	360.0	0.0	0.0	1.0	0.0399999991	2.0	2.3561945	2.0
67.7839999999851	0.34299999499999956	gratings	8.0	0.342999995	360.0	0.0	0.0	1.0	0.0399999991	2.0	3.14159274	2.0
68.48399999924004	0.34299999499999956	gratings	10.0	0.342999995	360.0	0.0	0.0	1.0	0.0399999991	2.0	3.92699075	2.0
69.1839999994263	0.34299999499999956	gratings	6.0	0.342999995	360.0	0.0	0.0	1.0	0.0399999991	2.0	2.3561945	2.0
69.88399999961257	0.34299999499999956	gratings	9.0	0.342999995	360.0	0.0	0.0	1.0	0.0399999991	2.0	3.53429174	2.0
70.58399999979883	0.34299999499999956	gratings	5.0	0.342999995	360.0	0.0	0.0	1.0	0.0399999991	2.0	1.96349537	2.0
71.2839999999851	0.34299999499999956	gratings	14.0	0.342999995	360.0	0.0	0.0	1.0	0.0399999991	2.0	5.497787	2.0
71.98399999924004	0.34299999499999956	gratings	12.0	0.342999995	360.0	0.0	0.0	1.0	0.0399999991	2.0	4.71238899	2.0
72.6839999994263	0.34299999499999956	gratings	6.0	0.342999995	360.0	0.0	0.0	1.0	0.0399999991	2.0	2.3561945	2.0
73.38399999961257	0.34299999499999956	gratings	13.0	0.342999995	360.0	0.0	0.0	1.0	0.0399999991	2.0	5.10508823	2.0
74.08399999979883	0.34299999499999956	gratings	15.0	0.342999995	360.0	0.0	0.0	0.0	0.0399999991	2.0	0.0	2.0
74.7839999999851	0.34299999499999956	gratings	9.0	0.342999995	360.0	0.0	0.0	1.0	0.0399999991	2.0	3.53429174	2.0
75.48399999924004	0.34299999499999956	gratings	11.0	0.342999995	360.0	0.0	0.0	1.0	0.0399999991	2.0	4.49422264	2.0
76.1839999994263	0.34299999499999956	gratings	3.0	0.342999995	360.0	0.0	0.0	1.0	0.0399999991	2.0	1.17809725	2.0
76.88399999961257	0.34299999499999956	gratings	0.0	0.342999995	360.0	0.0	0.0	1.0	0.0399999991	2.0	0.0	2.0
77.58399999979883	0.34299999499999956	gratings	3.0	0.342999995	360.0	0.0	0.0	1.0	0.0399999991	2.0	1.17809725	2.0
78.2839999999851	0.34299999499999956	gratings	10.0	0.342999995	360.0	0.0	0.0	1.0	0.0399999991	2.0	3.92699075	2.0
78.98399999924004	0.34299999499999956	gratings	5.0	0.342999995	360.0	0.0	0.0	1.0	0.0399999991	2.0	1.96349537	2.0
79.6839999994263	0.34299999499999956	gratings	5.0	0.342999995	360.0	0.0	0.0	1.0	0.0399999991	2.0	1.96349537	2.0
80.38399999961257	0.34299999499999956	gratings	7.0	0.342999995	360.0	0.0	0.0	1.0	0.0399999991	2.0	2.7488935	2.0
81.08399999979883	0.34299999499999956	gratings	6.0	0.342999995	360.0	0.0	0.0	1.0	0.0399999991	2.0	2.3561945	2.0
81.7839999999851	0.34299999499999956	gratings	4.0	0.342999995	360.0	0.0	0.0	1.0	0.0399999991	2.0	1.57079637	2.0
82.48399999924004	0.34299999499999956	gratings	7.0	0.342999995	360.0	0.0	0.0	1.0	0.0399999991	2.0	2.7488935	2.0
83.1839999994263	0.34299999499999956	gratings	1.0	0.342999995	360.0	0.0	0.0	1.0	0.0399999991	2.0	0.392699093	2.0
83.88399999961257	0.34299999499999956	gratings	5.0	0.342999995	360.0	0.0	0.0	1.0	0.0399999991	2.0	1.96349537	2.0
84.58399999979883	0.34299999499999956	gratings	0.0	0.342999995	360.0	0.0	0.0	1.0	0.0399999991	2.0	0.0	2.0
85.2839999999851	0.34299999499999956	gratings	9.0	0.342999995	360.0	0.0	0.0	1.0	0.0399999991	2.0	3.53429174	2.0
85.98399999924004	0.34299999499999956	gratings	1.0	0.342999995	360.0	0.0	0.0	1.0	0.0399999991	2.0	0.392699093	2.0
86.6839999994263	0.34299999499999956	gratings	9.0	0.342999995	360.0	0.0	0.0	1.0	0.0399999991	2.0	3.53429174	2.0
87.38399999961257	0.34299999499999956	gratings	14.0	0.342999995	360.0	0.0	0.0	1.0	0.0399999991	2.0	5.497787	2.0
88.08399999979883	0.34299999499999956	gratings	15.0	0.342999995	360.0	0.0	0.0	0.0	0.0399999991	2.0	0.0	2.0
88.7839999999851	0.34299999499999956	gratings	12.0	0.342999995	360.0	0.0	0.0	1.0	0.0399999991	2.0	4.71238899	2.0
89.48399999924004	0.34299999499999956	gratings	5.0	0.342999995	360.0	0.0	0.0	1.0	0.0399999991	2.0	1.96349537	2.0
90.1839999994263	0.34299999499999956	gratings	4.0	0.342999995	360.0	0.0	0.0	1.0	0.0399999991	2.0	1.57079637	-1.0
90.88399999961257	0.34299999499999956	gratings	2.0	0.342999995	360.0	0.0	0.0	1.0	0.0399999991	2.0	0.785398185	3.0
91.58399999979883	0.34299999499999956	gratings	8.0	0.342999995	360.0	0.0	0.0	1.0	0.0399999991	2.0	3.14159274	3.0
92.2839999999851	0.34299999499999956	gratings	15.0	0.342999995	360.0	0.0	0.0	0.0	0.0399999991	2.0	0.0	3.0
92.98399999924004	0.34299999499999956	gratings	8.0	0.342999995	360.0	0.0	0.0	1.0	0.0399999991	2.0	3.14159274	3.0
93.6839999994263	0.34299999499999956	gratings	10.0	0.342999995	360.0	0.0	0.0	1.0	0.0399999991	2.0	3.92699075	3.0
94.38399999961257	0.34299999499999956	gratings	4.0	0.342999995	360.0	0.0	0.0	1.0	0.0399999991	2.0	1.57079637	3.0
95.08399999979883	0.34299999499999956	gratings	3.0	0.342999995	360.0	0.0	0.0	1.0	0.0399999991	2.0	1.17809725	3.0
95.7839999999851	0.34299999499999956	gratings	0.0	0.342999995	360.0	0.0	0.0	1.0	0.0399999991	2.0	0.0	3.0
96.48399999924004	0.34299999499999956	gratings	7.0	0.342999995	360.0	0.0	0.0	1.0	0.0399999991	2.0	2.7488935	3.0
97.1839999994263	0.34299999499999956	gratings	12.0	0.342999995	360.0	0.0	0.0	1.0	0.0399999991	2.0	4.71238899	3.0
97.88399999961257	0.34299999499999956	gratings	12.0	0.342999995	360.0	0.0	0.0	1.0	0.0399999991	2.0	4.71238899	3.0
98.58399999979883	0.34299999499999956	gratings	6.0	0.342999995	360.0	0.0	0.0	1.0	0.0399999991	2.0	2.3561945	3.0
99.2839999999851	0.34299999499999956	gratings	15.0	0.342999995	360.0	0.0	0.0	0.0	0.0399999991	2.0	0.0	3.0
99.98399999924004	0.34299999499999956	gratings	1.0	0.342999995	360.0	0.0	0.0	1.0	0.0399999991	2.0	0.392699093	3.0
100.6839999994263	0.34299999499999956	gratings	8.0	0.342999995	360.0	0.0	0.0	1.0	0.0399999991	2.0	3.14159274	3.0
101.38399999961257	0.34299999499999956	gratings	0.0	0.342999995	360.0	0.0	0.0	1.0	0.0399999991	2.0	0.0	3.0
102.08399999979883	0.34299999499999956	gratings	5.0	0.342999995	360.0	0.0	0.0	1.0	0.0399999991	2.0	1.96349537	3.0
102.7839999999851	0.34299999499999956	gratings	15.0	0.342999995	360.0	0.0	0.0	0.0	0.0399999991	2.0	0.0	3.0
103.48399999924004	0.34299999499999956	gratings	7.0	0.342999995	360.0	0.0	0.0	1.0	0.0399999991	2.0	2.7488935	3.0
104.1839999994263	0.34299999499999956	gratings	8.0	0.342999995	360.0	0.0	0.0	1.0	0.0399999991	2.0	3.14159274	3.0
104.88399999961257	0.34299999499999956	gratings	6.0	0.342999995	360.0	0.0	0.0	1.0	0.0399999991	2.0	2.3561945	3.0
105.58399999979883	0.34299999499999956	gratings	0.0	0.342999995	360.0	0.0	0.0	1.0	0.0399999991	2.0	0.0	3.0
106.2839999999851	0.34299999499999956	gratings	2.0	0.342999995	360.0	0.0	0.0	1.0	0.0399999991	2.0	0.785398185	3.0
106.98399999924004	0.34299999499999956	gratings	8.0	0.342999995	360.0	0.0	0.0	1.0	0.0399999991	2.0	3.14159274	3.0
107.6839999994263	0.34299999499999956	gratings	9.0	0.342999995	360.0	0.0	0.0	1.0	0.0399999991	2.0	3.53429174	3.0
108.38399999961257	0.34299999499999956	gratings	12.0	0.342999995	360.0	0.0	0.0	1.0	0.0399999991	2.0	4.71238899	3.0
109.08399999979883	0.34299999499999956	gratings	5.0	0.342999995	360.0	0.0	0.0	1.0	0.0399999991	2.0	1.96349537	3.0
109.7839999999851	0.34299999499999956	gratings	15.0	0.342999995	360.0	0.0	0.0	0.0	0.0399999991	2.0	0.0	3.0
110.48399999924004	0.34299999499999956	gratings	14.0	0.342999995	360.0	0.0	0.0	1.0	0.0399999991	2.0	5.497787	3.0
111.1839999994263	0.34299999499999956	gratings	1.0	0.342999995	360.0	0.0	0.0	1.0	0.0399999991	2.0	0.392699093	3.0
111.88399999961257	0.34299999499999956	gratings	6.0	0.342999995	360.0	0.0	0.0	1.0	0.0399999991	2.0	2.3561945	3.0
112.58399999979883	0.34299999499999956	gratings	10.0	0.342999995	360.0	0.0	0.0	1.0	0.0399999991	2.0	3.92699075	3.0
113.2839999999851	0.34299999499999956	gratings	14.0	0.342999995	360.0	0.0	0.0	1.0	0.0399999991	2.0	5.497787	3.0
113.98399999924004	0.34299999499999956	gratings	14.0	0.342999995	360.0	0.0	0.0	1.0	0.0399999991	2.0	5.497787	3.0
114.6839999994263	0.34299999499999956	gratings	12.0	0.342999995	360.0	0.0	0.0	1.0	0.0399999991	2.0	4.71238899	3.0
115.38399999961257	0.34299999499999956	gratings	5.0	0.342999995	360.0	0.0	0.0	1.0	0.0399999991	2.0	1.96349537	3.0
116.08399999979883	0.34299999499999956	gratings	2.0	0.342999995	360.0	0.0	0.0	1.0	0.0399999991	2.0	0.785398185	3.0
116.7839999999851	0.34299999499999956	gratings	5.0	0.342999995	360.0	0.0	0.0	1.0	0.0399999991	2.0	1.96349537	3.0
117.48399999924004	0.34299999499999956	gratings	4.0	0.342999995	360.0	0.0	0.0	1.0	0.0399999991	2.0	1.57079637	3.0
118.1839999994263	0.34299999499999956	gratings	7.0	0.342999995	360.0	0.0	0.0	1.0	0.0399999991	2.0	2.7488935	3.0
118.88399999961257	0.34299999499999956	gratings	14.0	0.342999995	360.0	0.0	0.0	1.0	0.0399999991	2.0	5.497787	3.0
119.58399999979883	0.34299999499999956	gratings	1.0	0.342999995	360.0	0.0	0.0	1.0	0.0399999991	2.0	0.392699093	3.0
120.2839999999851	0.34299999499999956	gratings	0.0	0.342999995	360.0	0.0	0.0	1.0	0.0399999991	2.0	0.0	-1.0
120.98399999924004	0.34299999499999956	gratings	15.0	0.342999995	360.0	0.0	0.0	0.0	0.0399999991	2.0	0.0	4.0
121.6839999994263	0.34299999499999956	gratings	15.0	0.342999995	360.0	0.0	0.0	0.0	0.0399999991	2.0	0.0	4.0
122.38399999961257	0.34299999499999956	gratings	7.0	0.342999995	360.0	0.0	0.0	1.0	0.0399999991	2.0	2.7488935	4.0
123.08399999979883	0.34299999499999956	gratings	4.0	0.342999995	360.0	0.0	0.0	1.0	0.0399999991	2.0	1.57079637	4.0
123.7839999999851	0.34299999499999956	gratings	15.0	0.342999995	360.0	0.0	0.0	0.0	0.0399999991	2.0	0.0	4.0
124.48399999924004	0.34299999499999956	gratings	3.0	0.342999995	360.0	0.0	0.0	1.0	0.0399999991	2.0	1.17809725	4.0
125.1839999994263	0.34299999499999956	gratings	13.0	0.342999995	360.0	0.0	0.0	1.0	0.0399999991	2.0	5.10508823	4.0
125.88399999961257	0.34299999499999956	gratings	5.0	0.342999995	360.0	0.0	0.0	1.0	0.0399999991	2.0	1.96349537	4.0
126.58399999979883	0.34299999499999956	gratings	4.0	0.342999995	360.0	0.0	0.0	1.0	0.0399999991	2.0	1.57079637	4.0
127.2839999999851	0.34299999499999956	gratings	8.0	0.342999995	360.0	0.0	0.0	1.0	0.0399999991	2.0	3.14159274	4.0
127.98399999924004	0.34299999500001377	gratings	1.0	0.342999995	360.0	0.0	0.0	1.0	0.0399999991	2.0	0.392699093	4.0
128.6839999994263	0.34299999500001377	gratings	11.0	0.342999995	360.0	0.0	0.0	1.0	0.0399999991	2.0	4.49422264	4.0
129.38399999961257	0.34299999500001377	gratings	10.0	0.342999995	360.0	0.0	0.0	1.0	0.0399999991	2.0	3.92699075	4.0
130.08399999979883	0.34299999500001377	gratings	15.0	0.342999995	360.0	0.0	0.0	0.0	0.0399999991	2.0	0.0	4.0
130.7839999999851	0.34299999500001377	gratings	13.0	0.342999995	360.0	0.0	0.0	1.0	0.0399999991	2.0	5.10508823	4.0
131.48399999924004	0.34299999500001377	gratings	5.0	0.342999995	360.0	0.0	0.0	1.0	0.0399999991	2.0	1.96349537	4.0
132.1839999994263	0.34299999500001377	gratings	8.0	0.342999995	360.0	0.0	0.0	1.0	0.0399999991	2.0	3.14159274	4.0
132.88399999961257	0.34299999500001377	gratings	12.0	0.342999995	360.0	0.0	0.0	1.0	0.0399999991	2.0	4.71238899	4.0
133.58399999979883	0.34299999500001377	gratings	12.0	0.342999995	360.0	0.0	0.0	1.0	0.0399999991	2.0	4.71238899	4.0
134.2839999999851	0.34299999500001377	gratings	10.0	0.342999995	360.0	0.0	0.0	1.0	0.0399999991	2.0	3.92699075	4.0
134.98399999924004	0.34299999500001377	gratings	8.0	0.342999995	360.0	0.0	0.0	1.0	0.0399999991	2.0	3.14159274	4.0
135.6839999994263	0.34299999500001377	gratings	10.0	0.342999995	360.0	0.0	0.0	1.0	0.0399999991	2.0	3.92699075	4.0
136.38399999961257	0.34299999500001377	gratings	1.0	0.342999995	360.0	0.0	0.0	1.0	0.0399999991	2.0	0.392699093	4.0
137.08399999979883	0.34299999500001377	gratings	2.0	0.342999995	360.0	0.0	0.0	1.0	0.0399999991	2.0	0.785398185	4.0
137.7839999999851	0.34299999500001377	gratings	10.0	0.342999995	360.0	0.0	0.0	1.0	0.0399999991	2.0	3.92699075	4.0
138.48399999924004	0.34299999500001377	gratings	15.0	0.342999995	360.0	0.0	0.0	0.0	0.0399999991	2.0	0.0	4.0
139.1849919995293	0.34299999500001377	gratings	6.0	0.342999995	360.0	0.0	0.0	1.0	0.0399999991	2.0	2.3561945	4.0
139.88499199971557	0.34299999500001377	gratings	12.0	0.342999995	360.0	0.0	0.0	1.0	0.0399999991	2.0	4.71238899	4.0
140.58499199990183	0.34299999500001377	gratings	13.0	0.342999995	360.0	0.0	0.0	1.0	0.0399999991	2.0	5.10508823	4.0
141.2839999999851	0.34299999500001377	gratings	3.0	0.342999995	360.0	0.0	0.0	1.0	0.0399999991	2.0	1.17809725	4.0
141.98499199934304	0.34299999500001377	gratings	13.0	0.342999995	360.0	0.0	0.0	1.0	0.0399999991	2.0	5.10508823	4.0
142.6849919995293	0.34299999500001377	gratings	8.0	0.342999995	360.0	0.0	0.0	1.0	0.0399999991	2.0	3.14159274	4.0
143.38499199971557	0.34299999500001377	gratings	10.0	0.342999995	360.0	0.0	0.0	1.0	0.0399999991	2.0	3.92699075	4.0
144.08499199990183	0.34299999500001377	gratings	1.0	0.342999995	360.0	0.0	0.0	1.0	0.0399999991	2.0	0.392699093	4.0
144.7849920000881	0.34299999500001377	gratings	4.0	0.342999995	360.0	0.0	0.0	1.0	0.0399999991	2.0	1.57079637	4.0
145.48499199934304	0.34299999500001377	gratings	10.0	0.342999995	360.0	0.0	0.0	1.0	0.0399999991	2.0	3.92699075	4.0
146.1849919995293	0.34299999500001377	gratings	11.0	0.342999995	360.0	0.0	0.0	1.0	0.0399999991	2.0	4.49422264	4.0
146.88499199971557	0.34299999500001377	gratings	5.0	0.342999995	360.0	0.0	0.0	1.0	0.0399999991	2.0	1.96349537	4.0
147.58499199990183	0.34299999500001377	gratings	11.0	0.342999995	360.0	0.0	0.0	1.0	0.0399999991	2.0	4.49422264	4.0
148.2849920000881	0.34299999500001377	gratings	4.0	0.342999995	360.0	0.0	0.0	1.0	0.0399999991	2.0	1.57079637	4.0
148.98499199934304	0.34299999500001377	gratings	9.0	0.342999995	360.0	0.0	0.0	1.0	0.0399999991	2.0	3.53429174	4.0
149.6849919995293	0.34299999500001377	gratings	1.0	0.342999995	360.0	0.0	0.0	1.0	0.0399999991	2.0	0.392699093	4.0
150.38499199971557	0.34299999500001377	gratings	2.0	0.342999995	360.0	0.0	0.0	1.0	0.0399999991	2.0	0.785398185	-1.0
151.08499199990183	0.34299999500001377	gratings	15.0	0.342999995	360.0	0.0	0.0	0.0	0.0399999991	2.0	0.0	5.0
151.7849920000881	0.34299999500001377	gratings	12.0	0.342999995	360.0	0.0	0.0	1.0	0.0399999991	2.0	4.71238899	5.0
152.48499199934304	0.34299999500001377	gratings	6.0	0.342999995	360.0	0.0	0.0	1.0	0.0399999991	2.0	2.3561945	5.0
153.1849919995293	0.34299999500001377	gratings	13.0	0.342999995	360.0	0.0	0.0	1.0	0.0399999991	2.0	5.10508823	5.0
153.88499199971557	0.34299999500001377	gratings	2.0	0.342999995	360.0	0.0	0.0	1.0	0.0399999991	2.0	0.785398185	5.0
154.58499199990183	0.34299999500001377	gratings	2.0	0.342999995	360.0	0.0	0.0	1.0	0.0399999991	2.0	0.785398185	5.0
155.2849920000881	0.34299999500001377	gratings	4.0	0.342999995	360.0	0.0	0.0	1.0	0.0399999991	2.0	1.57079637	5.0
155.98499199934304	0.34299999500001377	gratings	11.0	0.342999995	360.0	0.0	0.0	1.0	0.0399999991	2.0	4.49422264	5.0
156.6849919995293	0.34299999500001377	gratings	0.0	0.342999995	360.0	0.0	0.0	1.0	0.0399999991	2.0	0.0	5.0
157.38499199971557	0.34299999500001377	gratings	14.0	0.342999995	360.0	0.0	0.0	1.0	0.0399999991	2.0	5.497787	5.0
158.08499199990183	0.34299999500001377	gratings	8.0	0.342999995	360.0	0.0	0.0	1.0	0.0399999991	2.0	3.14159274	5.0
158.7849920000881	0.34299999500001377	gratings	6.0	0.342999995	360.0	0.0	0.0	1.0	0.0399999991	2.0	2.3561945	5.0
159.48499199934304	0.34299999500001377	gratings	5.0	0.342999995	360.0	0.0	0.0	1.0	0.0399999991	2.0	1.96349537	5.0
160.1849919995293	0.34299999500001377	gratings	7.0	0.342999995	360.0	0.0	0.0	1.0	0.0399999991	2.0	2.7488935	5.0
160.88499199971557	0.34299999500001377	gratings	3.0	0.342999995	360.0	0.0	0.0	1.0	0.0399999991	2.0	1.17809725	5.0
161.58499199990183	0.34299999500001377	gratings	5.0	0.342999995	360.0	0.0	0.0	1.0	0.0399999991	2.0	1.96349537	5.0
162.2849920000881	0.34299999500001377	gratings	11.0	0.342999995	360.0	0.0	0.0	1.0	0.0399999991	2.0	4.49422264	5.0
162.98499199934304	0.34299999500001377	gratings	3.0	0.342999995	360.0	0.0	0.0	1.0	0.0399999991	2.0	1.17809725	5.0
163.6849919995293	0.34299999500001377	gratings	2.0	0.342999995	360.0	0.0	0.0	1.0	0.0399999991	2.0	0.785398185	5.0
164.38499199971557	0.34299999500001377	gratings	11.0	0.342999995	360.0	0.0	0.0	1.0	0.0399999991	2.0	4.49422264	5.0
165.08499199990183	0.34299999500001377	gratings	15.0	0.342999995	360.0	0.0	0.0	0.0	0.0399999991	2.0	0.0	5.0
165.7849920000881	0.34299999500001377	gratings	4.0	0.342999995	360.0	0.0	0.0	1.0	0.0399999991	2.0	1.57079637	5.0
166.48499199934304	0.34299999500001377	gratings	12.0	0.342999995	360.0	0.0	0.0	1.0	0.0399999991	2.0	4.71238899	5.0
167.1849919995293	0.34299999500001377	gratings	4.0	0.342999995	360.0	0.0	0.0	1.0	0.0399999991	2.0	1.57079637	5.0
167.88499199971557	0.34299999500001377	gratings	2.0	0.342999995	360.0	0.0	0.0	1.0	0.0399999991	2.0	0.785398185	5.0
168.58499199990183	0.34299999500001377	gratings	12.0	0.342999995	360.0	0.0	0.0	1.0	0.0399999991	2.0	4.71238899	5.0
169.2849920000881	0.34299999500001377	gratings	8.0	0.342999995	360.0	0.0	0.0	1.0	0.0399999991	2.0	3.14159274	5.0
169.98499199934304	0.34299999500001377	gratings	14.0	0.342999995	360.0	0.0	0.0	1.0	0.0399999991	2.0	5.497787	5.0
170.6849919995293	0.34299999500001377	gratings	4.0	0.342999995	360.0	0.0	0.0	1.0	0.0399999991	2.0	1.57079637	5.0
171.38499199971557	0.34299999500001377	gratings	15.0	0.342999995	360.0	0.0	0.0	0.0	0.0399999991	2.0	0.0	5.0
172.08499199990183	0.34299999500001377	gratings	7.0	0.342999995	360.0	0.0	0.0	1.0	0.0399999991	2.0	2.7488935	5.0
172.7849920000881	0.34299999500001377	gratings	11.0	0.342999995	360.0	0.0	0.0	1.0	0.0399999991	2.0	4.49422264	5.0
173.48499199934304	0.34299999500001377	gratings	6.0	0.342999995	360.0	0.0	0.0	1.0	0.0399999991	2.0	2.3561945	5.0
174.1849919995293	0.34299999500001377	gratings	9.0	0.342999995	360.0	0.0	0.0	1.0	0.0399999991	2.0	3.53429174	5.0
174.88499199971557	0.34299999500001377	gratings	15.0	0.342999995	360.0	0.0	0.0	0.0	0.0399999991	2.0	0.0	5.0
175.58499199990183	0.34299999500001377	gratings	15.0	0.342999995	360.0	0.0	0.0	0.0	0.0399999991	2.0	0.0	5.0
176.2849920000881	0.34299999500001377	gratings	7.0	0.342999995	360.0	0.0	0.0	1.0	0.0399999991	2.0	2.7488935	5.0
176.98499199934304	0.34299999500001377	gratings	4.0	0.342999995	360.0	0.0	0.0	1.0	0.0399999991	2.0	1.57079637	5.0
177.6849919995293	0.34299999500001377	gratings	5.0	0.342999995	360.0	0.0	0.0	1.0	0.0399999991	2.0	1.96349537	5.0
178.38499199971557	0.34299999500001377	gratings	2.0	0.342999995	360.0	0.0	0.0	1.0	0.0399999991	2.0	0.785398185	5.0
179.08499199990183	0.34299999500001377	gratings	10.0	0.342999995	360.0	0.0	0.0	1.0	0.0399999991	2.0	3.92699075	5.0
179.7849920000881	0.34299999500001377	gratings	5.0	0.342999995	360.0	0.0	0.0	1.0	0.0399999991	2.0	1.96349537	5.0
180.48499199934304	0.34299999500001377	gratings	3.0	0.342999995	360.0	0.0	0.0	1.0	0.0399999991	2.0	1.17809725	-1.0
181.1849919995293	0.34299999500001377	gratings	6.0	0.342999995	360.0	0.0	0.0	1.0	0.0399999991	2.0	2.3561945	6.0
181.88499199971557	0.34299999500001377	gratings	9.0	0.342999995	360.0	0.0	0.0	1.0	0.0399999991	2.0	3.53429174	6.0
182.58499199990183	0.34299999500001377	gratings	15.0	0.342999995	360.0	0.0	0.0	0.0	0.0399999991	2.0	0.0	6.0
183.2849920000881	0.34299999500001377	gratings	13.0	0.342999995	360.0	0.0	0.0	1.0	0.0399999991	2.0	5.10508823	6.0
183.98499199934304	0.34299999500001377	gratings	4.0	0.342999995	360.0	0.0	0.0	1.0	0.0399999991	2.0	1.57079637	6.0
184.6849919995293	0.34299999500001377	gratings	7.0	0.342999995	360.0	0.0	0.0	1.0	0.0399999991	2.0	2.7488935	6.0
185.38499199971557	0.34299999500001377	gratings	11.0	0.342999995	360.0	0.0	0.0	1.0	0.0399999991	2.0	4.49422264	6.0
186.08499199990183	0.34299999500001377	gratings	0.0	0.342999995	360.0	0.0	0.0	1.0	0.0399999991	2.0	0.0	6.0
186.7849920000881	0.34299999500001377	gratings	2.0	0.342999995	360.0	0.0	0.0	1.0	0.0399999991	2.0	0.785398185	6.0
187.48499199934304	0.34299999500001377	gratings	8.0	0.342999995	360.0	0.0	0.0	1.0	0.0399999991	2.0	3.14159274	6.0
188.1849919995293	0.34299999500001377	gratings	8.0	0.342999995	360.0	0.0	0.0	1.0	0.0399999991	2.0	3.14159274	6.0
188.88499199971557	0.34299999500001377	gratings	15.0	0.342999995	360.0	0.0	0.0	0.0	0.0399999991	2.0	0.0	6.0
189.58499199990183	0.34299999500001377	gratings	12.0	0.342999995	360.0	0.0	0.0	1.0	0.0399999991	2.0	4.71238899	6.0
190.2849920000881	0.34299999500001377	gratings	2.0	0.342999995	360.0	0.0	0.0	1.0	0.0399999991	2.0	0.785398185	6.0
190.98499199934304	0.34299999500001377	gratings	11.0	0.342999995	360.0	0.0	0.0	1.0	0.0399999991	2.0	4.49422264	6.0
191.6849919995293	0.34299999500001377	gratings	14.0	0.342999995	360.0	0.0	0.0	1.0	0.0399999991	2.0	5.497787	6.0
192.38499199971557	0.34299999500001377	gratings	11.0	0.342999995	360.0	0.0	0.0	1.0	0.0399999991	2.0	4.49422264	6.0
193.08499199990183	0.34299999500001377	gratings	5.0	0.342999995	360.0	0.0	0.0	1.0	0.0399999991	2.0	1.96349537	6.0
193.7849920000881	0.34299999500001377	gratings	2.0	0.342999995	360.0	0.0	0.0	1.0	0.0399999991	2.0	0.785398185	6.0
194.48499199934304	0.34299999500001377	gratings	3.0	0.342999995	360.0	0.0	0.0	1.0	0.0399999991	2.0	1.17809725	6.0
195.1849919995293	0.34299999500001377	gratings	14.0	0.342999995	360.0	0.0	0.0	1.0	0.0399999991	2.0	5.497787	6.0
195.88499199971557	0.34299999500001377	gratings	0.0	0.342999995	360.0	0.0	0.0	1.0	0.0399999991	2.0	0.0	6.0
196.58499199990183	0.34299999500001377	gratings	4.0	0.342999995	360.0	0.0	0.0	1.0	0.0399999991	2.0	1.57079637	6.0
197.2849920000881	0.34299999500001377	gratings	10.0	0.342999995	360.0	0.0	0.0	1.0	0.0399999991	2.0	3.92699075	6.0
197.98499199934304	0.34299999500001377	gratings	15.0	0.342999995	360.0	0.0	0.0	0.0	0.0399999991	2.0	0.0	6.0
198.6849919995293	0.34299999500001377	gratings	12.0	0.342999995	360.0	0.0	0.0	1.0	0.0399999991	2.0	4.71238899	6.0
199.38499199971557	0.34299999500001377	gratings	13.0	0.342999995	360.0	0.0	0.0	1.0	0.0399999991	2.0	5.10508823	6.0
200.08499199990183	0.34299999500001377	gratings	9.0	0.342999995	360.0	0.0	0.0	1.0	0.0399999991	2.0	3.53429174	6.0
200.7849920000881	0.34299999500001377	gratings	14.0	0.342999995	360.0	0.0	0.0	1.0	0.0399999991	2.0	5.497787	6.0
201.48499199934304	0.34299999500001377	gratings	8.0	0.342999995	360.0	0.0	0.0	1.0	0.0399999991	2.0	3.14159274	6.0
202.1849919995293	0.34299999500001377	gratings	10.0	0.342999995	360.0	0.0	0.0	1.0	0.0399999991	2.0	3.92699075	6.0
202.88499199971557	0.34299999500001377	gratings	4.0	0.342999995	360.0	0.0	0.0	1.0	0.0399999991	2.0	1.57079637	6.0
203.58499199990183	0.34299999500001377	gratings	13.0	0.342999995	360.0	0.0	0.0	1.0	0.0399999991	2.0	5.10508823	6.0
204.2849920000881	0.34299999500001377	gratings	11.0	0.342999995	360.0	0.0	0.0	1.0	0.0399999991	2.0	4.49422264	6.0
204.98499199934304	0.34299999500001377	gratings	6.0	0.342999995	360.0	0.0	0.0	1.0	0.0399999991	2.0	2.3561945	6.0
205.6849919995293	0.34299999500001377	gratings	1.0	0.342999995	360.0	0.0	0.0	1.0	0.0399999991	2.0	0.392699093	6.0
206.38499199971557	0.34299999500001377	gratings	10.0	0.342999995	360.0	0.0	0.0	1.0	0.0399999991	2.0	3.92699075	6.0
207.08499199990183	0.34299999500001377	gratings	12.0	0.342999995	360.0	0.0	0.0	1.0	0.0399999991	2.0	4.71238899	6.0
207.7849920000881	0.34299999500001377	gratings	0.0	0.342999995	360.0	0.0	0.0	1.0	0.0399999991	2.0	0.0	6.0
208.48499199934304	0.34299999500001377	gratings	15.0	0.342999995	360.0	0.0	0.0	0.0	0.0399999991	2.0	0.0	6.0
209.1849919995293	0.34299999500001377	gratings	1.0	0.342999995	360.0	0.0	0.0	1.0	0.0399999991	2.0	0.392699093	6.0
209.88499199971557	0.34299999500001377	gratings	0.0	0.342999995	360.0	0.0	0.0	1.0	0.0399999991	2.0	0.0	6.0
210.58499199990183	0.34299999500001377	gratings	3.0	0.342999995	360.0	0.0	0.0	1.0	0.0399999991	2.0	1.17809725	-1.0
211.2849920000881	0.34299999500001377	gratings	0.0	0.342999995	360.0	0.0	0.0	1.0	0.0399999991	2.0	0.0	7.0
211.98499199934304	0.34299999500001377	gratings	6.0	0.342999995	360.0	0.0	0.0	1.0	0.0399999991	2.0	2.3561945	7.0
212.6849919995293	0.34299999500001377	gratings	10.0	0.342999995	360.0	0.0	0.0	1.0	0.0399999991	2.0	3.92699075	7.0
213.38499199971557	0.34299999500001377	gratings	14.0	0.342999995	360.0	0.0	0.0	1.0	0.0399999991	2.0	5.497787	7.0
214.08499199990183	0.34299999500001377	gratings	1.0	0.342999995	360.0	0.0	0.0	1.0	0.0399999991	2.0	0.392699093	7.0
214.7849920000881	0.34299999500001377	gratings	6.0	0.342999995	360.0	0.0	0.0	1.0	0.0399999991	2.0	2.3561945	7.0
215.48499199934304	0.34299999500001377	gratings	14.0	0.342999995	360.0	0.0	0.0	1.0	0.0399999991	2.0	5.497787	7.0
216.1849919995293	0.34299999500001377	gratings	13.0	0.342999995	360.0	0.0	0.0	1.0	0.0399999991	2.0	5.10508823	7.0
216.88499199971557	0.34299999500001377	gratings	6.0	0.342999995	360.0	0.0	0.0	1.0	0.0399999991	2.0	2.3561945	7.0
217.58499199990183	0.34299999500001377	gratings	10.0	0.342999995	360.0	0.0	0.0	1.0	0.0399999991	2.0	3.92699075	7.0
218.2849920000881	0.34299999500001377	gratings	6.0	0.342999995	360.0	0.0	0.0	1.0	0.0399999991	2.0	2.3561945	7.0
218.98499199934304	0.34299999500001377	gratings	14.0	0.342999995	360.0	0.0	0.0	1.0	0.0399999991	2.0	5.497787	7.0
219.6849919995293	0.34299999500001377	gratings	2.0	0.342999995	360.0	0.0	0.0	1.0	0.0399999991	2.0	0.785398185	7.0
220.38499199971557	0.34299999500001377	gratings	6.0	0.342999995	360.0	0.0	0.0	1.0	0.0399999991	2.0	2.3561945	7.0
221.08499199990183	0.34299999500001377	gratings	2.0	0.342999995	360.0	0.0	0.0	1.0	0.0399999991	2.0	0.785398185	7.0
221.7849920000881	0.34299999500001377	gratings	0.0	0.342999995	360.0	0.0	0.0	1.0	0.0399999991	2.0	0.0	7.0
222.48499199934304	0.34299999500001377	gratings	12.0	0.342999995	360.0	0.0	0.0	1.0	0.0399999991	2.0	4.71238899	7.0
223.1849919995293	0.34299999500001377	gratings	2.0	0.342999995	360.0	0.0	0.0	1.0	0.0399999991	2.0	0.785398185	7.0
223.88499199971557	0.34299999500001377	gratings	7.0	0.342999995	360.0	0.0	0.0	1.0	0.0399999991	2.0	2.7488935	7.0
224.58499199990183	0.34299999500001377	gratings	13.0	0.342999995	360.0	0.0	0.0	1.0	0.0399999991	2.0	5.10508823	7.0
225.2849920000881	0.34299999500001377	gratings	6.0	0.342999995	360.0	0.0	0.0	1.0	0.0399999991	2.0	2.3561945	7.0
225.98499199934304	0.34299999500001377	gratings	10.0	0.342999995	360.0	0.0	0.0	1.0	0.0399999991	2.0	3.92699075	7.0
226.6849919995293	0.34299999500001377	gratings	0.0	0.342999995	360.0	0.0	0.0	1.0	0.0399999991	2.0	0.0	7.0
227.38499199971557	0.34299999500001377	gratings	1.0	0.342999995	360.0	0.0	0.0	1.0	0.0399999991	2.0	0.392699093	7.0
228.08499199990183	0.34299999500001377	gratings	3.0	0.342999995	360.0	0.0	0.0	1.0	0.0399999991	2.0	1.17809725	7.0
228.7849920000881	0.34299999500001377	gratings	5.0	0.342999995	360.0	0.0	0.0	1.0	0.0399999991	2.0	1.96349537	7.0
229.48499199934304	0.34299999500001377	gratings	12.0	0.342999995	360.0	0.0	0.0	1.0	0.0399999991	2.0	4.71238899	7.0
230.1849919995293	0.34299999500001377	gratings	15.0	0.342999995	360.0	0.0	0.0	0.0	0.0399999991	2.0	0.0	7.0
230.88499199971557	0.34299999500001377	gratings	3.0	0.342999995	360.0	0.0	0.0	1.0	0.0399999991	2.0	1.17809725	7.0
231.58499199990183	0.34299999500001377	gratings	7.0	0.342999995	360.0	0.0	0.0	1.0	0.0399999991	2.0	2.7488935	7.0
232.2849920000881	0.34299999500001377	gratings	3.0	0.342999995	360.0	0.0	0.0	1.0	0.0399999991	2.0	1.17809725	7.0
232.98499199934304	0.34299999500001377	gratings	9.0	0.342999995	360.0	0.0	0.0	1.0	0.0399999991	2.0	3.53429174	7.0
233.6849919995293	0.34299999500001377	gratings	0.0	0.342999995	360.0	0.0	0.0	1.0	0.0399999991	2.0	0.0	7.0
234.38499199971557	0.34299999500001377	gratings	15.0	0.342999995	360.0	0.0	0.0	0.0	0.0399999991	2.0	0.0	7.0
235.08499199990183	0.34299999500001377	gratings	14.0	0.342999995	360.0	0.0	0.0	1.0	0.0399999991	2.0	5.497787	7.0
235.7849920000881	0.34299999500001377	gratings	2.0	0.342999995	360.0	0.0	0.0	1.0	0.0399999991	2.0	0.785398185	7.0
236.48499199934304	0.34299999500001377	gratings	2.0	0.342999995	360.0	0.0	0.0	1.0	0.0399999991	2.0	0.785398185	7.0
237.1849919995293	0.34299999500001377	gratings	7.0	0.342999995	360.0	0.0	0.0	1.0	0.0399999991	2.0	2.7488935	7.0
237.88499199971557	0.34299999500001377	gratings	1.0	0.342999995	360.0	0.0	0.0	1.0	0.0399999991	2.0	0.392699093	7.0
238.58499199990183	0.34299999500001377	gratings	15.0	0.342999995	360.0	0.0	0.0	0.0	0.0399999991	2.0	0.0	7.0
239.2849920000881	0.34299999500001377	gratings	15.0	0.342999995	360.0	0.0	0.0	0.0	0.0399999991	2.0	0.0	7.0
239.98499199934304	0.34299999500001377	gratings	15.0	0.342999995	360.0	0.0	0.0	0.0	0.0399999991	2.0	0.0	7.0
240.6849919995293	0.34299999500001377	gratings	7.0	0.342999995	360.0	0.0	0.0	1.0	0.0399999991	2.0	2.7488935	8.0
241.38499199971557	0.34299999500001377	gratings	15.0	0.342999995	360.0	0.0	0.0	0.0	0.0399999991	2.0	0.0	8.0
242.08499199990183	0.34299999500001377	gratings	9.0	0.342999995	360.0	0.0	0.0	1.0	0.0399999991	2.0	3.53429174	8.0
242.7849920000881	0.34299999500001377	gratings	9.0	0.342999995	360.0	0.0	0.0	1.0	0.0399999991	2.0	3.53429174	8.0
243.48499199934304	0.34299999500001377	gratings	10.0	0.342999995	360.0	0.0	0.0	1.0	0.0399999991	2.0	3.92699075	8.0
244.1849919995293	0.34299999500001377	gratings	4.0	0.342999995	360.0	0.0	0.0	1.0	0.0399999991	2.0	1.57079637	8.0
244.88499199971557	0.34299999500001377	gratings	7.0	0.342999995	360.0	0.0	0.0	1.0	0.0399999991	2.0	2.7488935	8.0
245.58499199990183	0.34299999500001377	gratings	7.0	0.342999995	360.0	0.0	0.0	1.0	0.0399999991	2.0	2.7488935	8.0
246.2849920000881	0.34299999500001377	gratings	4.0	0.342999995	360.0	0.0	0.0	1.0	0.0399999991	2.0	1.57079637	8.0
246.98499199934304	0.34299999500001377	gratings	11.0	0.342999995	360.0	0.0	0.0	1.0	0.0399999991	2.0	4.49422264	8.0
247.6849919995293	0.34299999500001377	gratings	13.0	0.342999995	360.0	0.0	0.0	1.0	0.0399999991	2.0	5.10508823	8.0
248.38499199971557	0.34299999500001377	gratings	14.0	0.342999995	360.0	0.0	0.0	1.0	0.0399999991	2.0	5.497787	8.0
249.08499199990183	0.34299999500001377	gratings	7.0	0.342999995	360.0	0.0	0.0	1.0	0.0399999991	2.0	2.7488935	8.0
249.7849920000881	0.34299999500001377	gratings	13.0	0.342999995	360.0	0.0	0.0	1.0	0.0399999991	2.0	5.10508823	8.0
250.48499199934304	0.34299999500001377	gratings	14.0	0.342999995	360.0	0.0	0.0	1.0	0.0399999991	2.0	5.497787	8.0
251.18502399977297	0.34299999500001377	gratings	10.0	0.342999995	360.0	0.0	0.0	1.0	0.0399999991	2.0	3.92699075	8.0
251.88499199971557	0.34299999500001377	gratings	15.0	0.342999995	360.0	0.0	0.0	0.0	0.0399999991	2.0	0.0	8.0
252.58499199990183	0.34299999500001377	gratings	2.0	0.342999995	360.0	0.0	0.0	1.0	0.0399999991	2.0	0.785398185	8.0
253.2849920000881	0.34299999500001377	gratings	11.0	0.342999995	360.0	0.0	0.0	1.0	0.0399999991	2.0	4.49422264	8.0
253.98499199934304	0.34299999500001377	gratings	1.0	0.342999995	360.0	0.0	0.0	1.0	0.0399999991	2.0	0.392699093	8.0
254.6849919995293	0.34299999500001377	gratings	7.0	0.342999995	360.0	0.0	0.0	1.0	0.0399999991	2.0	2.7488935	8.0
255.38499199971557	0.34299999500001377	gratings	0.0	0.342999995	360.0	0.0	0.0	1.0	0.0399999991	2.0	0.0	8.0
256.08499199990183	0.34299999500001377	gratings	10.0	0.342999995	360.0	0.0	0.0	1.0	0.0399999991	2.0	3.92699075	8.0
256.7849920000881	0.34299999500001377	gratings	1.0	0.342999995	360.0	0.0	0.0	1.0	0.0399999991	2.0	0.392699093	8.0
257.48499199934304	0.34299999500001377	gratings	5.0	0.342999995	360.0	0.0	0.0	1.0	0.0399999991	2.0	1.96349537	8.0
258.1849919995293	0.34299999500001377	gratings	13.0	0.342999995	360.0	0.0	0.0	1.0	0.0399999991	2.0	5.10508823	8.0
258.88499199971557	0.34299999500001377	gratings	7.0	0.342999995	360.0	0.0	0.0	1.0	0.0399999991	2.0	2.7488935	8.0
259.58499199990183	0.34299999500001377	gratings	11.0	0.342999995	360.0	0.0	0.0	1.0	0.0399999991	2.0	4.49422264	8.0
260.2849920000881	0.34299999500001377	gratings	1.0	0.342999995	360.0	0.0	0.0	1.0	0.0399999991	2.0	0.392699093	8.0
260.98499199934304	0.34299999500001377	gratings	14.0	0.342999995	360.0	0.0	0.0	1.0	0.0399999991	2.0	5.497787	8.0
261.6849919995293	0.34299999500001377	gratings	0.0	0.342999995	360.0	0.0	0.0	1.0	0.0399999991	2.0	0.0	8.0
262.38499199971557	0.34299999500001377	gratings	12.0	0.342999995	360.0	0.0	0.0	1.0	0.0399999991	2.0	4.71238899	8.0
263.08499199990183	0.34299999500001377	gratings	9.0	0.342999995	360.0	0.0	0.0	1.0	0.0399999991	2.0	3.53429174	8.0
263.78601599950343	0.34299999500001377	gratings	2.0	0.342999995	360.0	0.0	0.0	1.0	0.0399999991	2.0	0.785398185	8.0
264.48499199934304	0.34299999500001377	gratings	8.0	0.342999995	360.0	0.0	0.0	1.0	0.0399999991	2.0	3.14159274	8.0
265.1849919995293	0.34299999500001377	gratings	4.0	0.342999995	360.0	0.0	0.0	1.0	0.0399999991	2.0	1.57079637	8.0
265.88499199971557	0.34299999500001377	gratings	3.0	0.342999995	360.0	0.0	0.0	1.0	0.0399999991	2.0	1.17809725	8.0
266.58499199990183	0.34299999500001377	gratings	7.0	0.342999995	360.0	0.0	0.0	1.0	0.0399999991	2.0	2.7488935	8.0
267.28601599950343	0.34299999500001377	gratings	5.0	0.342999995	360.0	0.0	0.0	1.0	0.0399999991	2.0	1.96349537	8.0
267.9860159996897	0.34299999500001377	gratings	14.0	0.342999995	360.0	0.0	0.0	1.0	0.0399999991	2.0	5.497787	8.0
268.68601599987596	0.34299999500001377	gratings	7.0	0.342999995	360.0	0.0	0.0	1.0	0.0399999991	2.0	2.7488935	8.0
269.3860160000622	0.34299999500001377	gratings	13.0	0.342999995	360.0	0.0	0.0	1.0	0.0399999991	2.0	5.10508823	8.0
270.08601599931717	0.34299999500001377	gratings	7.0	0.342999995	360.0	0.0	0.0	1.0	0.0399999991	2.0	2.7488935	-1.0
270.7849920000881	0.34299999500001377	gratings	10.0	0.342999995	360.0	0.0	0.0	1.0	0.0399999991	2.0	3.92699075	9.0
271.48499199934304	0.34299999500001377	gratings	6.0	0.342999995	360.0	0.0	0.0	1.0	0.0399999991	2.0	2.3561945	9.0
272.18601599987596	0.34299999500001377	gratings	2.0	0.342999995	360.0	0.0	0.0	1.0	0.0399999991	2.0	0.785398185	9.0
272.8860160000622	0.34299999500001377	gratings	8.0	0.342999995	360.0	0.0	0.0	1.0	0.0399999991	2.0	3.14159274	9.0
273.58601599931717	0.34299999500001377	gratings	15.0	0.342999995	360.0	0.0	0.0	0.0	0.0399999991	2.0	0.0	9.0
274.28601599950343	0.34299999500001377	gratings	2.0	0.342999995	360.0	0.0	0.0	1.0	0.0399999991	2.0	0.785398185	9.0
274.9860159996897	0.34299999500001377	gratings	8.0	0.342999995	360.0	0.0	0.0	1.0	0.0399999991	2.0	3.14159274	9.0
275.68601599987596	0.34299999500001377	gratings	12.0	0.342999995	360.0	0.0	0.0	1.0	0.0399999991	2.0	4.71238899	9.0
276.3860160000622	0.34299999500001377	gratings	10.0	0.342999995	360.0	0.0	0.0	1.0	0.0399999991	2.0	3.92699075	9.0
277.08601599931717	0.34299999500001377	gratings	14.0	0.342999995	360.0	0.0	0.0	1.0	0.0399999991	2.0	5.497787	9.0
277.78601599950343	0.34299999500001377	gratings	3.0	0.342999995	360.0	0.0	0.0	1.0	0.0399999991	2.0	1.17809725	9.0
278.4860159996897	0.34299999500001377	gratings	3.0	0.342999995	360.0	0.0	0.0	1.0	0.0399999991	2.0	1.17809725	9.0
279.18601599987596	0.34299999500001377	gratings	15.0	0.342999995	360.0	0.0	0.0	0.0	0.0399999991	2.0	0.0	9.0
279.8860160000622	0.34299999500001377	gratings	5.0	0.342999995	360.0	0.0	0.0	1.0	0.0399999991	2.0	1.96349537	9.0
280.58601599931717	0.34299999500001377	gratings	8.0	0.342999995	360.0	0.0	0.0	1.0	0.0399999991	2.0	3.14159274	9.0
281.28601599950343	0.34299999500001377	gratings	4.0	0.342999995	360.0	0.0	0.0	1.0	0.0399999991	2.0	1.57079637	9.0
281.9860159996897	0.34299999500001377	gratings	11.0	0.342999995	360.0	0.0	0.0	1.0	0.0399999991	2.0	4.49422264	9.0
282.68601599987596	0.34299999500001377	gratings	9.0	0.342999995	360.0	0.0	0.0	1.0	0.0399999991	2.0	3.53429174	9.0
283.3860160000622	0.34299999500001377	gratings	7.0	0.342999995	360.0	0.0	0.0	1.0	0.0399999991	2.0	2.7488935	9.0
284.08601599931717	0.34299999500001377	gratings	0.0	0.342999995	360.0	0.0	0.0	1.0	0.0399999991	2.0	0.0	9.0
284.78601599950343	0.34299999500001377	gratings	12.0	0.342999995	360.0	0.0	0.0	1.0	0.0399999991	2.0	4.71238899	9.0
285.4860159996897	0.34299999500001377	gratings	14.0	0.342999995	360.0	0.0	0.0	1.0	0.0399999991	2.0	5.497787	9.0
286.18601599987596	0.34299999500001377	gratings	15.0	0.342999995	360.0	0.0	0.0	0.0	0.0399999991	2.0	0.0	9.0
286.8860160000622	0.34299999500001377	gratings	2.0	0.342999995	360.0	0.0	0.0	1.0	0.0399999991	2.0	0.785398185	9.0
287.58601599931717	0.34299999500001377	gratings	2.0	0.342999995	360.0	0.0	0.0	1.0	0.0399999991	2.0	0.785398185	9.0
288.28601599950343	0.34299999500001377	gratings	10.0	0.342999995	360.0	0.0	0.0	1.0	0.0399999991	2.0	3.92699075	9.0
288.9860159996897	0.34299999500001377	gratings	13.0	0.342999995	360.0	0.0	0.0	1.0	0.0399999991	2.0	5.10508823	9.0
289.68601599987596	0.34299999500001377	gratings	8.0	0.342999995	360.0	0.0	0.0	1.0	0.0399999991	2.0	3.14159274	9.0
290.3860160000622	0.34299999500001377	gratings	7.0	0.342999995	360.0	0.0	0.0	1.0	0.0399999991	2.0	2.7488935	9.0
291.08601599931717	0.34299999500001377	gratings	15.0	0.342999995	360.0	0.0	0.0	0.0	0.0399999991	2.0	0.0	9.0
291.78601599950343	0.34299999500001377	gratings	13.0	0.342999995	360.0	0.0	0.0	1.0	0.0399999991	2.0	5.10508823	9.0
292.4860159996897	0.34299999500001377	gratings	7.0	0.342999995	360.0	0.0	0.0	1.0	0.0399999991	2.0	2.7488935	9.0
293.18601599987596	0.34299999500001377	gratings	5.0	0.342999995	360.0	0.0	0.0	1.0	0.0399999991	2.0	1.96349537	9.0
293.8860160000622	0.34299999500001377	gratings	14.0	0.342999995	360.0	0.0	0.0	1.0	0.0399999991	2.0	5.497787	9.0
294.58601599931717	0.34299999500001377	gratings	12.0	0.342999995	360.0	0.0	0.0	1.0	0.0399999991	2.0	4.71238899	9.0
295.28601599950343	0.34299999500001377	gratings	1.0	0.342999995	360.0	0.0	0.0	1.0	0.0399999991	2.0	0.392699093	9.0
295.9860159996897	0.34299999500001377	gratings	11.0	0.342999995	360.0	0.0	0.0	1.0	0.0399999991	2.0	4.49422264	9.0
296.68601599987596	0.34299999500001377	gratings	4.0	0.342999995	360.0	0.0	0.0	1.0	0.0399999991	2.0	1.57079637	9.0
297.3860160000622	0.34299999500001377	gratings	5.0	0.342999995	360.0	0.0	0.0	1.0	0.0399999991	2.0	1.96349537	9.0
298.08601599931717	0.34299999500001377	gratings	4.0	0.342999995	360.0	0.0	0.0	1.0	0.0399999991	2.0	1.57079637	9.0
298.78601599950343	0.34299999500001377	gratings	11.0	0.342999995	360.0	0.0	0.0	1.0	0.0399999991	2.0	4.49422264	9.0
299.4860159996897	0.34299999500001377	gratings	13.0	0.342999995	360.0	0.0	0.0	1.0	0.0399999991	2.0	5.10508823	9.0
300.18601599987596	0.34299999500001377	gratings	0.0	0.342999995	360.0	0.0	0.0	1.0	0.0399999991	2.0	0.0	-1.0
300.8860160000622	0.34299999500001377	gratings	11.0	0.342999995	360.0	0.0	0.0	1.0	0.0399999991	2.0	4.49422264	10.0
301.58601599931717	0.34299999500001377	gratings	12.0	0.342999995	360.0	0.0	0.0	1.0	0.0399999991	2.0	4.71238899	10.0
302.28601599950343	0.34299999500001377	gratings	2.0	0.342999995	360.0	0.0	0.0	1.0	0.0399999991	2.0	0.785398185	10.0
302.9860159996897	0.34299999500001377	gratings	0.0	0.342999995	360.0	0.0	0.0	1.0	0.0399999991	2.0	0.0	10.0
303.68601599987596	0.34299999500001377	gratings	13.0	0.342999995	360.0	0.0	0.0	1.0	0.0399999991	2.0	5.10508823	10.0
304.3860160000622	0.34299999500001377	gratings	3.0	0.342999995	360.0	0.0	0.0	1.0	0.0399999991	2.0	1.17809725	10.0
305.08601599931717	0.34299999500001377	gratings	6.0	0.342999995	360.0	0.0	0.0	1.0	0.0399999991	2.0	2.3561945	10.0
305.78601599950343	0.34299999500001377	gratings	14.0	0.342999995	360.0	0.0	0.0	1.0	0.0399999991	2.0	5.497787	10.0
306.4860159996897	0.34299999500001377	gratings	4.0	0.342999995	360.0	0.0	0.0	1.0	0.0399999991	2.0	1.57079637	10.0
307.18601599987596	0.34299999500001377	gratings	15.0	0.342999995	360.0	0.0	0.0	0.0	0.0399999991	2.0	0.0	10.0
307.8860160000622	0.34299999500001377	gratings	13.0	0.342999995	360.0	0.0	0.0	1.0	0.0399999991	2.0	5.10508823	10.0
308.58601599931717	0.34299999500001377	gratings	12.0	0.342999995	360.0	0.0	0.0	1.0	0.0399999991	2.0	4.71238899	10.0
309.28601599950343	0.34299999500001377	gratings	12.0	0.342999995	360.0	0.0	0.0	1.0	0.0399999991	2.0	4.71238899	10.0
309.9860159996897	0.34299999500001377	gratings	14.0	0.342999995	360.0	0.0	0.0	1.0	0.0399999991	2.0	5.497787	10.0
310.68601599987596	0.34299999500001377	gratings	13.0	0.342999995	360.0	0.0	0.0	1.0	0.0399999991	2.0	5.10508823	10.0
311.3860160000622	0.34299999500001377	gratings	0.0	0.342999995	360.0	0.0	0.0	1.0	0.0399999991	2.0	0.0	10.0
312.08601599931717	0.34299999500001377	gratings	10.0	0.342999995	360.0	0.0	0.0	1.0	0.0399999991	2.0	3.92699075	10.0
312.78601599950343	0.34299999500001377	gratings	2.0	0.342999995	360.0	0.0	0.0	1.0	0.0399999991	2.0	0.785398185	10.0
313.4860159996897	0.34299999500001377	gratings	5.0	0.342999995	360.0	0.0	0.0	1.0	0.0399999991	2.0	1.96349537	10.0
314.18601599987596	0.34299999500001377	gratings	0.0	0.342999995	360.0	0.0	0.0	1.0	0.0399999991	2.0	0.0	10.0
314.8860160000622	0.34299999500001377	gratings	12.0	0.342999995	360.0	0.0	0.0	1.0	0.0399999991	2.0	4.71238899	10.0
315.58601599931717	0.34299999500001377	gratings	11.0	0.342999995	360.0	0.0	0.0	1.0	0.0399999991	2.0	4.49422264	10.0
316.28601599950343	0.34299999500001377	gratings	14.0	0.342999995	360.0	0.0	0.0	1.0	0.0399999991	2.0	5.497787	10.0
316.9860159996897	0.34299999500001377	gratings	3.0	0.342999995	360.0	0.0	0.0	1.0	0.0399999991	2.0	1.17809725	10.0
317.68601599987596	0.34299999500001377	gratings	9.0	0.342999995	360.0	0.0	0.0	1.0	0.0399999991	2.0	3.53429174	10.0
318.3860160000622	0.34299999500001377	gratings	12.0	0.342999995	360.0	0.0	0.0	1.0	0.0399999991	2.0	4.71238899	10.0
319.08601599931717	0.34299999500001377	gratings	13.0	0.342999995	360.0	0.0	0.0	1.0	0.0399999991	2.0	5.10508823	10.0
319.78601599950343	0.34299999500001377	gratings	13.0	0.342999995	360.0	0.0	0.0	1.0	0.0399999991	2.0	5.10508823	10.0
320.4860159996897	0.34299999500001377	gratings	1.0	0.342999995	360.0	0.0	0.0	1.0	0.0399999991	2.0	0.392699093	10.0
321.18601599987596	0.34299999500001377	gratings	13.0	0.342999995	360.0	0.0	0.0	1.0	0.0399999991	2.0	5.10508823	10.0
321.8860160000622	0.34299999500001377	gratings	13.0	0.342999995	360.0	0.0	0.0	1.0	0.0399999991	2.0	5.10508823	10.0
322.58601599931717	0.34299999500001377	gratings	10.0	0.342999995	360.0	0.0	0.0	1.0	0.0399999991	2.0	3.92699075	10.0
323.28601599950343	0.34299999500001377	gratings	2.0	0.342999995	360.0	0.0	0.0	1.0	0.0399999991	2.0	0.785398185	10.0
323.9860159996897	0.34299999500001377	gratings	9.0	0.342999995	360.0	0.0	0.0	1.0	0.0399999991	2.0	3.53429174	10.0
324.68601599987596	0.34299999500001377	gratings	5.0	0.342999995	360.0	0.0	0.0	1.0	0.0399999991	2.0	1.96349537	10.0
325.3860160000622	0.34299999500001377	gratings	0.0	0.342999995	360.0	0.0	0.0	1.0	0.0399999991	2.0	0.0	10.0
326.08601599931717	0.34299999500001377	gratings	9.0	0.342999995	360.0	0.0	0.0	1.0	0.0399999991	2.0	3.53429174	10.0
326.78601599950343	0.34299999500001377	gratings	2.0	0.342999995	360.0	0.0	0.0	1.0	0.0399999991	2.0	0.785398185	10.0
327.4860159996897	0.34299999500001377	gratings	14.0	0.342999995	360.0	0.0	0.0	1.0	0.0399999991	2.0	5.497787	10.0
328.18601599987596	0.34299999500001377	gratings	1.0	0.342999995	360.0	0.0	0.0	1.0	0.0399999991	2.0	0.392699093	10.0
328.8860160000622	0.34299999500001377	gratings	14.0	0.342999995	360.0	0.0	0.0	1.0	0.0399999991	2.0	5.497787	10.0
329.58601599931717	0.34299999500001377	gratings	2.0	0.342999995	360.0	0.0	0.0	1.0	0.0399999991	2.0	0.785398185	10.0
330.28601599950343	0.34299999500001377	gratings	7.0	0.342999995	360.0	0.0	0.0	1.0	0.0399999991	2.0	2.7488935	-1.0
330.9860159996897	0.34299999500001377	gratings	5.0	0.342999995	360.0	0.0	0.0	1.0	0.0399999991	2.0	1.96349537	11.0
331.68601599987596	0.34299999500001377	gratings	14.0	0.342999995	360.0	0.0	0.0	1.0	0.0399999991	2.0	5.497787	11.0
332.3860160000622	0.34299999500001377	gratings	2.0	0.342999995	360.0	0.0	0.0	1.0	0.0399999991	2.0	0.785398185	11.0
333.08601599931717	0.34299999500001377	gratings	5.0	0.342999995	360.0	0.0	0.0	1.0	0.0399999991	2.0	1.96349537	11.0
333.78601599950343	0.34299999500001377	gratings	1.0	0.342999995	360.0	0.0	0.0	1.0	0.0399999991	2.0	0.392699093	11.0
334.4860159996897	0.34299999500001377	gratings	10.0	0.342999995	360.0	0.0	0.0	1.0	0.0399999991	2.0	3.92699075	11.0
335.18601599987596	0.34299999500001377	gratings	11.0	0.342999995	360.0	0.0	0.0	1.0	0.0399999991	2.0	4.49422264	11.0
335.8860160000622	0.34299999500001377	gratings	12.0	0.342999995	360.0	0.0	0.0	1.0	0.0399999991	2.0	4.71238899	11.0
336.58601599931717	0.34299999500001377	gratings	3.0	0.342999995	360.0	0.0	0.0	1.0	0.0399999991	2.0	1.17809725	11.0
337.28601599950343	0.34299999500001377	gratings	6.0	0.342999995	360.0	0.0	0.0	1.0	0.0399999991	2.0	2.3561945	11.0
337.9860159996897	0.34299999500001377	gratings	3.0	0.342999995	360.0	0.0	0.0	1.0	0.0399999991	2.0	1.17809725	11.0
338.68601599987596	0.34299999500001377	gratings	5.0	0.342999995	360.0	0.0	0.0	1.0	0.0399999991	2.0	1.96349537	11.0
339.3860160000622	0.34299999500001377	gratings	2.0	0.342999995	360.0	0.0	0.0	1.0	0.0399999991	2.0	0.785398185	11.0
340.08601599931717	0.34299999500001377	gratings	15.0	0.342999995	360.0	0.0	0.0	0.0	0.0399999991	2.0	0.0	11.0
340.78601599950343	0.34299999500001377	gratings	4.0	0.342999995	360.0	0.0	0.0	1.0	0.0399999991	2.0	1.57079637	11.0
341.4860159996897	0.34299999500001377	gratings	12.0	0.342999995	360.0	0.0	0.0	1.0	0.0399999991	2.0	4.71238899	11.0
342.18601599987596	0.34299999500001377	gratings	10.0	0.342999995	360.0	0.0	0.0	1.0	0.0399999991	2.0	3.92699075	11.0
342.8860160000622	0.34299999500001377	gratings	4.0	0.342999995	360.0	0.0	0.0	1.0	0.0399999991	2.0	1.57079637	11.0
343.58601599931717	0.34299999500001377	gratings	2.0	0.342999995	360.0	0.0	0.0	1.0	0.0399999991	2.0	0.785398185	11.0
344.28601599950343	0.34299999500001377	gratings	14.0	0.342999995	360.0	0.0	0.0	1.0	0.0399999991	2.0	5.497787	11.0
344.9860159996897	0.34299999500001377	gratings	12.0	0.342999995	360.0	0.0	0.0	1.0	0.0399999991	2.0	4.71238899	11.0
345.68601599987596	0.34299999500001377	gratings	1.0	0.342999995	360.0	0.0	0.0	1.0	0.0399999991	2.0	0.392699093	11.0
346.3860160000622	0.34299999500001377	gratings	11.0	0.342999995	360.0	0.0	0.0	1.0	0.0399999991	2.0	4.49422264	11.0
347.08601599931717	0.34299999500001377	gratings	2.0	0.342999995	360.0	0.0	0.0	1.0	0.0399999991	2.0	0.785398185	11.0
347.78601599950343	0.34299999500001377	gratings	9.0	0.342999995	360.0	0.0	0.0	1.0	0.0399999991	2.0	3.53429174	11.0
348.4860159996897	0.34299999500001377	gratings	2.0	0.342999995	360.0	0.0	0.0	1.0	0.0399999991	2.0	0.785398185	11.0
349.18601599987596	0.34299999500001377	gratings	14.0	0.342999995	360.0	0.0	0.0	1.0	0.0399999991	2.0	5.497787	11.0
349.8860160000622	0.34299999500001377	gratings	6.0	0.342999995	360.0	0.0	0.0	1.0	0.0399999991	2.0	2.3561945	11.0
350.58601599931717	0.34299999500001377	gratings	10.0	0.342999995	360.0	0.0	0.0	1.0	0.0399999991	2.0	3.92699075	11.0
351.28601599950343	0.34299999500001377	gratings	4.0	0.342999995	360.0	0.0	0.0	1.0	0.0399999991	2.0	1.57079637	11.0
351.9860159996897	0.34299999500001377	gratings	4.0	0.342999995	360.0	0.0	0.0	1.0	0.0399999991	2.0	1.57079637	11.0
352.68601599987596	0.34299999500001377	gratings	0.0	0.342999995	360.0	0.0	0.0	1.0	0.0399999991	2.0	0.0	11.0
353.3860160000622	0.34299999500001377	gratings	1.0	0.342999995	360.0	0.0	0.0	1.0	0.0399999991	2.0	0.392699093	11.0
354.08601599931717	0.34299999500001377	gratings	5.0	0.342999995	360.0	0.0	0.0	1.0	0.0399999991	2.0	1.96349537	11.0
354.78601599950343	0.34299999500001377	gratings	12.0	0.342999995	360.0	0.0	0.0	1.0	0.0399999991	2.0	4.71238899	11.0
355.4860159996897	0.34299999500001377	gratings	4.0	0.342999995	360.0	0.0	0.0	1.0	0.0399999991	2.0	1.57079637	11.0
356.18601599987596	0.34299999500001377	gratings	8.0	0.342999995	360.0	0.0	0.0	1.0	0.0399999991	2.0	3.14159274	11.0
356.8860160000622	0.34299999500001377	gratings	1.0	0.342999995	360.0	0.0	0.0	1.0	0.0399999991	2.0	0.392699093	11.0
357.58700799942017	0.34299999500001377	gratings	0.0	0.342999995	360.0	0.0	0.0	1.0	0.0399999991	2.0	0.0	11.0
358.28601599950343	0.34299999500001377	gratings	11.0	0.342999995	360.0	0.0	0.0	1.0	0.0399999991	2.0	4.49422264	11.0
358.9860159996897	0.34299999500001377	gratings	14.0	0.342999995	360.0	0.0	0.0	1.0	0.0399999991	2.0	5.497787	11.0
359.68601599987596	0.34299999500001377	gratings	13.0	0.342999995	360.0	0.0	0.0	1.0	0.0399999991	2.0	5.10508823	11.0
360.3860160000622	0.34299999500001377	gratings	12.0	0.342999995	360.0	0.0	0.0	1.0	0.0399999991	2.0	4.71238899	-1.0
361.08601599931717	0.34299999500001377	gratings	11.0	0.342999995	360.0	0.0	0.0	1.0	0.0399999991	2.0	4.49422264	12.0
361.78601599950343	0.34299999500001377	gratings	11.0	0.342999995	360.0	0.0	0.0	1.0	0.0399999991	2.0	4.49422264	12.0
362.4860159996897	0.34299999500001377	gratings	6.0	0.342999995	360.0	0.0	0.0	1.0	0.0399999991	2.0	2.3561945	12.0
363.18601599987596	0.34299999500001377	gratings	1.0	0.342999995	360.0	0.0	0.0	1.0	0.0399999991	2.0	0.392699093	12.0
363.8860160000622	0.34299999500001377	gratings	6.0	0.342999995	360.0	0.0	0.0	1.0	0.0399999991	2.0	2.3561945	12.0
364.58601599931717	0.34299999500001377	gratings	3.0	0.342999995	360.0	0.0	0.0	1.0	0.0399999991	2.0	1.17809725	12.0
365.28601599950343	0.34299999500001377	gratings	1.0	0.342999995	360.0	0.0	0.0	1.0	0.0399999991	2.0	0.392699093	12.0
365.9860159996897	0.34299999500001377	gratings	12.0	0.342999995	360.0	0.0	0.0	1.0	0.0399999991	2.0	4.71238899	12.0
366.68601599987596	0.34299999500001377	gratings	0.0	0.342999995	360.0	0.0	0.0	1.0	0.0399999991	2.0	0.0	12.0
367.3860160000622	0.34299999500001377	gratings	13.0	0.342999995	360.0	0.0	0.0	1.0	0.0399999991	2.0	5.10508823	12.0
368.08601599931717	0.34299999500001377	gratings	1.0	0.342999995	360.0	0.0	0.0	1.0	0.0399999991	2.0	0.392699093	12.0
368.78601599950343	0.34299999500001377	gratings	12.0	0.342999995	360.0	0.0	0.0	1.0	0.0399999991	2.0	4.71238899	12.0
369.4860159996897	0.34299999500001377	gratings	1.0	0.342999995	360.0	0.0	0.0	1.0	0.0399999991	2.0	0.392699093	12.0
370.18601599987596	0.34299999500001377	gratings	9.0	0.342999995	360.0	0.0	0.0	1.0	0.0399999991	2.0	3.53429174	12.0
370.8860160000622	0.34299999500001377	gratings	6.0	0.342999995	360.0	0.0	0.0	1.0	0.0399999991	2.0	2.3561945	12.0
371.58601599931717	0.34299999500001377	gratings	14.0	0.342999995	360.0	0.0	0.0	1.0	0.0399999991	2.0	5.497787	12.0
372.28601599950343	0.34299999500001377	gratings	12.0	0.342999995	360.0	0.0	0.0	1.0	0.0399999991	2.0	4.71238899	12.0
372.9860159996897	0.34299999500001377	gratings	12.0	0.342999995	360.0	0.0	0.0	1.0	0.0399999991	2.0	4.71238899	12.0
373.68601599987596	0.34299999500001377	gratings	14.0	0.342999995	360.0	0.0	0.0	1.0	0.0399999991	2.0	5.497787	12.0
374.3860160000622	0.34299999500001377	gratings	1.0	0.342999995	360.0	0.0	0.0	1.0	0.0399999991	2.0	0.392699093	12.0
375.08601599931717	0.34299999500001377	gratings	0.0	0.342999995	360.0	0.0	0.0	1.0	0.0399999991	2.0	0.0	12.0
375.78601599950343	0.34299999500001377	gratings	8.0	0.342999995	360.0	0.0	0.0	1.0	0.0399999991	2.0	3.14159274	12.0
376.4860159996897	0.34299999500001377	gratings	7.0	0.342999995	360.0	0.0	0.0	1.0	0.0399999991	2.0	2.7488935	12.0
377.18601599987596	0.34299999500001377	gratings	8.0	0.342999995	360.0	0.0	0.0	1.0	0.0399999991	2.0	3.14159274	12.0
377.8860160000622	0.34299999500001377	gratings	0.0	0.342999995	360.0	0.0	0.0	1.0	0.0399999991	2.0	0.0	12.0
378.58601599931717	0.34299999500001377	gratings	12.0	0.342999995	360.0	0.0	0.0	1.0	0.0399999991	2.0	4.71238899	12.0
379.28601599950343	0.34299999500001377	gratings	11.0	0.342999995	360.0	0.0	0.0	1.0	0.0399999991	2.0	4.49422264	12.0
379.9860159996897	0.34299999500001377	gratings	1.0	0.342999995	360.0	0.0	0.0	1.0	0.0399999991	2.0	0.392699093	12.0
380.68700799997896	0.34299999500001377	gratings	14.0	0.342999995	360.0	0.0	0.0	1.0	0.0399999991	2.0	5.497787	12.0
381.3860160000622	0.34299999500001377	gratings	15.0	0.342999995	360.0	0.0	0.0	0.0	0.0399999991	2.0	0.0	12.0
382.08601599931717	0.34299999500001377	gratings	6.0	0.342999995	360.0	0.0	0.0	1.0	0.0399999991	2.0	2.3561945	12.0
382.78601599950343	0.34299999500001377	gratings	1.0	0.342999995	360.0	0.0	0.0	1.0	0.0399999991	2.0	0.392699093	12.0
383.4860159996897	0.34299999500001377	gratings	6.0	0.342999995	360.0	0.0	0.0	1.0	0.0399999991	2.0	2.3561945	12.0
384.18601599987596	0.34299999500001377	gratings	6.0	0.342999995	360.0	0.0	0.0	1.0	0.0399999991	2.0	2.3561945	12.0
384.8860160000622	0.34299999500001377	gratings	10.0	0.342999995	360.0	0.0	0.0	1.0	0.0399999991	2.0	3.92699075	12.0
385.58601599931717	0.34299999500001377	gratings	9.0	0.342999995	360.0	0.0	0.0	1.0	0.0399999991	2.0	3.53429174	12.0
386.28601599950343	0.34299999500001377	gratings	0.0	0.342999995	360.0	0.0	0.0	1.0	0.0399999991	2.0	0.0	12.0
386.9860159996897	0.34299999500001377	gratings	9.0	0.342999995	360.0	0.0	0.0	1.0	0.0399999991	2.0	3.53429174	12.0
387.68601599987596	0.34299999500001377	gratings	3.0	0.342999995	360.0	0.0	0.0	1.0	0.0399999991	2.0	1.17809725	12.0
388.3860160000622	0.34299999500001377	gratings	6.0	0.342999995	360.0	0.0	0.0	1.0	0.0399999991	2.0	2.3561945	12.0
389.08601599931717	0.34299999500001377	gratings	7.0	0.342999995	360.0	0.0	0.0	1.0	0.0399999991	2.0	2.7488935	12.0
389.78601599950343	0.34299999500001377	gratings	9.0	0.342999995	360.0	0.0	0.0	1.0	0.0399999991	2.0	3.53429174	12.0
390.4860159996897	0.34299999500001377	gratings	3.0	0.342999995	360.0	0.0	0.0	1.0	0.0399999991	2.0	1.17809725	-1.0
391.18601599987596	0.34299999500001377	gratings	1.0	0.342999995	360.0	0.0	0.0	1.0	0.0399999991	2.0	0.392699093	13.0
391.8860160000622	0.34299999500001377	gratings	10.0	0.342999995	360.0	0.0	0.0	1.0	0.0399999991	2.0	3.92699075	13.0
392.58601599931717	0.34299999500001377	gratings	7.0	0.342999995	360.0	0.0	0.0	1.0	0.0399999991	2.0	2.7488935	13.0
393.28601599950343	0.34299999500001377	gratings	1.0	0.342999995	360.0	0.0	0.0	1.0	0.0399999991	2.0	0.392699093	13.0
393.9870079997927	0.34299999500001377	gratings	0.0	0.342999995	360.0	0.0	0.0	1.0	0.0399999991	2.0	0.0	13.0
394.68601599987596	0.34299999500001377	gratings	13.0	0.342999995	360.0	0.0	0.0	1.0	0.0399999991	2.0	5.10508823	13.0
395.3860160000622	0.34299999500001377	gratings	13.0	0.342999995	360.0	0.0	0.0	1.0	0.0399999991	2.0	5.10508823	13.0
396.08601599931717	0.34299999500001377	gratings	2.0	0.342999995	360.0	0.0	0.0	1.0	0.0399999991	2.0	0.785398185	13.0
396.78700799960643	0.34299999500001377	gratings	6.0	0.342999995	360.0	0.0	0.0	1.0	0.0399999991	2.0	2.3561945	13.0
397.4860159996897	0.34299999500001377	gratings	8.0	0.342999995	360.0	0.0	0.0	1.0	0.0399999991	2.0	3.14159274	13.0
398.18700799997896	0.34299999500001377	gratings	4.0	0.342999995	360.0	0.0	0.0	1.0	0.0399999991	2.0	1.57079637	13.0
398.8860160000622	0.34299999500001377	gratings	14.0	0.342999995	360.0	0.0	0.0	1.0	0.0399999991	2.0	5.497787	13.0
399.58601599931717	0.34299999500001377	gratings	7.0	0.342999995	360.0	0.0	0.0	1.0	0.0399999991	2.0	2.7488935	13.0
400.28700799960643	0.34299999500001377	gratings	13.0	0.342999995	360.0	0.0	0.0	1.0	0.0399999991	2.0	5.10508823	13.0
400.9860159996897	0.34299999500001377	gratings	10.0	0.342999995	360.0	0.0	0.0	1.0	0.0399999991	2.0	3.92699075	13.0
401.68700799997896	0.34299999500001377	gratings	0.0	0.342999995	360.0	0.0	0.0	1.0	0.0399999991	2.0	0.0	13.0
402.3870079992339	0.34299999500001377	gratings	8.0	0.342999995	360.0	0.0	0.0	1.0	0.0399999991	2.0	3.14159274	13.0
403.08700799942017	0.34299999500001377	gratings	8.0	0.342999995	360.0	0.0	0.0	1.0	0.0399999991	2.0	3.14159274	13.0
403.78700799960643	0.34299999500001377	gratings	7.0	0.342999995	360.0	0.0	0.0	1.0	0.0399999991	2.0	2.7488935	13.0
404.4870079997927	0.34299999500001377	gratings	7.0	0.342999995	360.0	0.0	0.0	1.0	0.0399999991	2.0	2.7488935	13.0
405.18700799997896	0.34299999500001377	gratings	6.0	0.342999995	360.0	0.0	0.0	1.0	0.0399999991	2.0	2.3561945	13.0
405.8870079992339	0.34299999500001377	gratings	6.0	0.342999995	360.0	0.0	0.0	1.0	0.0399999991	2.0	2.3561945	13.0
406.58700799942017	0.34299999500001377	gratings	8.0	0.342999995	360.0	0.0	0.0	1.0	0.0399999991	2.0	3.14159274	13.0
407.28700799960643	0.34299999500001377	gratings	9.0	0.342999995	360.0	0.0	0.0	1.0	0.0399999991	2.0	3.53429174	13.0
407.9870079997927	0.34299999500001377	gratings	5.0	0.342999995	360.0	0.0	0.0	1.0	0.0399999991	2.0	1.96349537	13.0
408.68700799997896	0.34299999500001377	gratings	12.0	0.342999995	360.0	0.0	0.0	1.0	0.0399999991	2.0	4.71238899	13.0
409.3870079992339	0.34299999500001377	gratings	9.0	0.342999995	360.0	0.0	0.0	1.0	0.0399999991	2.0	3.53429174	13.0
410.08700799942017	0.34299999500001377	gratings	4.0	0.342999995	360.0	0.0	0.0	1.0	0.0399999991	2.0	1.57079637	13.0
410.78700799960643	0.34299999500001377	gratings	15.0	0.342999995	360.0	0.0	0.0	0.0	0.0399999991	2.0	0.0	13.0
411.4870079997927	0.34299999500001377	gratings	13.0	0.342999995	360.0	0.0	0.0	1.0	0.0399999991	2.0	5.10508823	13.0
412.18700799997896	0.34299999500001377	gratings	12.0	0.342999995	360.0	0.0	0.0	1.0	0.0399999991	2.0	4.71238899	13.0
412.8870079992339	0.34299999500001377	gratings	4.0	0.342999995	360.0	0.0	0.0	1.0	0.0399999991	2.0	1.57079637	13.0
413.58700799942017	0.34299999500001377	gratings	14.0	0.342999995	360.0	0.0	0.0	1.0	0.0399999991	2.0	5.497787	13.0
414.28700799960643	0.34299999500001377	gratings	11.0	0.342999995	360.0	0.0	0.0	1.0	0.0399999991	2.0	4.49422264	13.0
414.9870079997927	0.34299999500001377	gratings	1.0	0.342999995	360.0	0.0	0.0	1.0	0.0399999991	2.0	0.392699093	13.0
415.68700799997896	0.34299999500001377	gratings	8.0	0.342999995	360.0	0.0	0.0	1.0	0.0399999991	2.0	3.14159274	13.0
416.3870079992339	0.34299999500001377	gratings	7.0	0.342999995	360.0	0.0	0.0	1.0	0.0399999991	2.0	2.7488935	13.0
417.08700799942017	0.34299999500001377	gratings	3.0	0.342999995	360.0	0.0	0.0	1.0	0.0399999991	2.0	1.17809725	13.0
417.78700799960643	0.34299999500001377	gratings	13.0	0.342999995	360.0	0.0	0.0	1.0	0.0399999991	2.0	5.10508823	13.0
418.4870079997927	0.34299999500001377	gratings	11.0	0.342999995	360.0	0.0	0.0	1.0	0.0399999991	2.0	4.49422264	13.0
419.18700799997896	0.34299999500001377	gratings	2.0	0.342999995	360.0	0.0	0.0	1.0	0.0399999991	2.0	0.785398185	13.0
419.8870079992339	0.34299999500001377	gratings	4.0	0.342999995	360.0	0.0	0.0	1.0	0.0399999991	2.0	1.57079637	13.0
420.5900159999728	0.34299999500001377	gratings	12.0	0.342999995	360.0	0.0	0.0	1.0	0.0399999991	2.0	4.71238899	14.0
421.28700799960643	0.34299999500001377	gratings	1.0	0.342999995	360.0	0.0	0.0	1.0	0.0399999991	2.0	0.392699093	14.0
421.9870079997927	0.34299999500001377	gratings	6.0	0.342999995	360.0	0.0	0.0	1.0	0.0399999991	2.0	2.3561945	14.0
422.68700799997896	0.34299999500001377	gratings	7.0	0.342999995	360.0	0.0	0.0	1.0	0.0399999991	2.0	2.7488935	14.0
423.3870079992339	0.34299999500001377	gratings	9.0	0.342999995	360.0	0.0	0.0	1.0	0.0399999991	2.0	3.53429174	14.0
424.08700799942017	0.34299999500001377	gratings	14.0	0.342999995	360.0	0.0	0.0	1.0	0.0399999991	2.0	5.497787	14.0
424.78700799960643	0.34299999500001377	gratings	7.0	0.342999995	360.0	0.0	0.0	1.0	0.0399999991	2.0	2.7488935	14.0
425.4870079997927	0.34299999500001377	gratings	11.0	0.342999995	360.0	0.0	0.0	1.0	0.0399999991	2.0	4.49422264	14.0
426.18700799997896	0.34299999500001377	gratings	15.0	0.342999995	360.0	0.0	0.0	0.0	0.0399999991	2.0	0.0	14.0
426.8870079992339	0.34299999500001377	gratings	11.0	0.342999995	360.0	0.0	0.0	1.0	0.0399999991	2.0	4.49422264	14.0
427.58700799942017	0.34299999500001377	gratings	13.0	0.342999995	360.0	0.0	0.0	1.0	0.0399999991	2.0	5.10508823	14.0
428.28700799960643	0.34299999500001377	gratings	10.0	0.342999995	360.0	0.0	0.0	1.0	0.0399999991	2.0	3.92699075	14.0
428.9870079997927	0.34299999500001377	gratings	14.0	0.342999995	360.0	0.0	0.0	1.0	0.0399999991	2.0	5.497787	14.0
429.68700799997896	0.34299999500001377	gratings	12.0	0.342999995	360.0	0.0	0.0	1.0	0.0399999991	2.0	4.71238899	14.0
430.3870079992339	0.34299999500001377	gratings	3.0	0.342999995	360.0	0.0	0.0	1.0	0.0399999991	2.0	1.17809725	14.0
431.08700799942017	0.34299999500001377	gratings	4.0	0.342999995	360.0	0.0	0.0	1.0	0.0399999991	2.0	1.57079637	14.0
431.78700799960643	0.34299999500001377	gratings	14.0	0.342999995	360.0	0.0	0.0	1.0	0.0399999991	2.0	5.497787	14.0
432.4870079997927	0.34299999500001377	gratings	15.0	0.342999995	360.0	0.0	0.0	0.0	0.0399999991	2.0	0.0	14.0
433.18700799997896	0.34299999500001377	gratings	9.0	0.342999995	360.0	0.0	0.0	1.0	0.0399999991	2.0	3.53429174	14.0
433.8870079992339	0.34299999500001377	gratings	11.0	0.342999995	360.0	0.0	0.0	1.0	0.0399999991	2.0	4.49422264	14.0
434.58700799942017	0.34299999500001377	gratings	15.0	0.342999995	360.0	0.0	0.0	0.0	0.0399999991	2.0	0.0	14.0
435.28700799960643	0.34299999500001377	gratings	7.0	0.342999995	360.0	0.0	0.0	1.0	0.0399999991	2.0	2.7488935	14.0
435.9870079997927	0.34299999500001377	gratings	9.0	0.342999995	360.0	0.0	0.0	1.0	0.0399999991	2.0	3.53429174	14.0
436.68700799997896	0.34299999500001377	gratings	6.0	0.342999995	360.0	0.0	0.0	1.0	0.0399999991	2.0	2.3561945	14.0
437.3870079992339	0.34299999500001377	gratings	2.0	0.342999995	360.0	0.0	0.0	1.0	0.0399999991	2.0	0.785398185	14.0
438.08700799942017	0.34299999500001377	gratings	12.0	0.342999995	360.0	0.0	0.0	1.0	0.0399999991	2.0	4.71238899	14.0
438.78700799960643	0.34299999500001377	gratings	14.0	0.342999995	360.0	0.0	0.0	1.0	0.0399999991	2.0	5.497787	14.0
439.4870079997927	0.34299999500001377	gratings	2.0	0.342999995	360.0	0.0	0.0	1.0	0.0399999991	2.0	0.785398185	14.0
440.18700799997896	0.34299999500001377	gratings	3.0	0.342999995	360.0	0.0	0.0	1.0	0.0399999991	2.0	1.17809725	14.0
440.8870079992339	0.34299999500001377	gratings	10.0	0.342999995	360.0	0.0	0.0	1.0	0.0399999991	2.0	3.92699075	14.0
441.58700799942017	0.34299999500001377	gratings	7.0	0.342999995	360.0	0.0	0.0	1.0	0.0399999991	2.0	2.7488935	14.0
442.28700799960643	0.34299999500001377	gratings	3.0	0.342999995	360.0	0.0	0.0	1.0	0.0399999991	2.0	1.17809725	14.0
442.9870079997927	0.34299999500001377	gratings	11.0	0.342999995	360.0	0.0	0.0	1.0	0.0399999991	2.0	4.49422264	14.0
443.68700799997896	0.34299999500001377	gratings	8.0	0.342999995	360.0	0.0	0.0	1.0	0.0399999991	2.0	3.14159274	14.0
444.3870079992339	0.34299999500001377	gratings	14.0	0.342999995	360.0	0.0	0.0	1.0	0.0399999991	2.0	5.497787	14.0
445.08700799942017	0.34299999500001377	gratings	7.0	0.342999995	360.0	0.0	0.0	1.0	0.0399999991	2.0	2.7488935	14.0
445.78700799960643	0.34299999500001377	gratings	14.0	0.342999995	360.0	0.0	0.0	1.0	0.0399999991	2.0	5.497787	14.0
446.4870079997927	0.34299999500001377	gratings	11.0	0.342999995	360.0	0.0	0.0	1.0	0.0399999991	2.0	4.49422264	14.0
447.18700799997896	0.34299999500001377	gratings	10.0	0.342999995	360.0	0.0	0.0	1.0	0.0399999991	2.0	3.92699075	14.0
447.8870079992339	0.34299999500001377	gratings	13.0	0.342999995	360.0	0.0	0.0	1.0	0.0399999991	2.0	5.10508823	14.0
448.58700799942017	0.34299999500001377	gratings	8.0	0.342999995	360.0	0.0	0.0	1.0	0.0399999991	2.0	3.14159274	14.0
449.28700799960643	0.34299999500001377	gratings	6.0	0.342999995	360.0	0.0	0.0	1.0	0.0399999991	2.0	2.3561945	14.0
449.9870079997927	0.34299999500001377	gratings	7.0	0.342999995	360.0	0.0	0.0	1.0	0.0399999991	2.0	2.7488935	14.0
450.68700799997896	0.34299999500001377	gratings	7.0	0.342999995	360.0	0.0	0.0	1.0	0.0399999991	2.0	2.7488935	15.0
451.3870079992339	0.34299999500001377	gratings	2.0	0.342999995	360.0	0.0	0.0	1.0	0.0399999991	2.0	0.785398185	15.0
452.08700799942017	0.34299999500001377	gratings	0.0	0.342999995	360.0	0.0	0.0	1.0	0.0399999991	2.0	0.0	15.0
452.78700799960643	0.34299999500001377	gratings	4.0	0.342999995	360.0	0.0	0.0	1.0	0.0399999991	2.0	1.57079637	15.0
453.4870079997927	0.34299999500001377	gratings	10.0	0.342999995	360.0	0.0	0.0	1.0	0.0399999991	2.0	3.92699075	15.0
454.18700799997896	0.34299999500001377	gratings	8.0	0.342999995	360.0	0.0	0.0	1.0	0.0399999991	2.0	3.14159274	15.0
454.8870079992339	0.34299999500001377	gratings	10.0	0.342999995	360.0	0.0	0.0	1.0	0.0399999991	2.0	3.92699075	15.0
455.58700799942017	0.34299999500001377	gratings	5.0	0.342999995	360.0	0.0	0.0	1.0	0.0399999991	2.0	1.96349537	15.0
456.28700799960643	0.34299999500001377	gratings	5.0	0.342999995	360.0	0.0	0.0	1.0	0.0399999991	2.0	1.96349537	15.0
456.9870079997927	0.34299999500001377	gratings	11.0	0.342999995	360.0	0.0	0.0	1.0	0.0399999991	2.0	4.49422264	15.0
457.68700799997896	0.34299999500001377	gratings	6.0	0.342999995	360.0	0.0	0.0	1.0	0.0399999991	2.0	2.3561945	15.0
458.3870079992339	0.34299999500001377	gratings	0.0	0.342999995	360.0	0.0	0.0	1.0	0.0399999991	2.0	0.0	15.0
459.08700799942017	0.34299999500001377	gratings	0.0	0.342999995	360.0	0.0	0.0	1.0	0.0399999991	2.0	0.0	15.0
459.78700799960643	0.34299999500001377	gratings	3.0	0.342999995	360.0	0.0	0.0	1.0	0.0399999991	2.0	1.17809725	15.0
460.4870079997927	0.34299999500001377	gratings	2.0	0.342999995	360.0	0.0	0.0	1.0	0.0399999991	2.0	0.785398185	15.0
461.18700799997896	0.34299999500001377	gratings	0.0	0.342999995	360.0	0.0	0.0	1.0	0.0399999991	2.0	0.0	15.0
461.8870079992339	0.34299999500001377	gratings	5.0	0.342999995	360.0	0.0	0.0	1.0	0.0399999991	2.0	1.96349537	15.0
462.58700799942017	0.34299999500001377	gratings	1.0	0.342999995	360.0	0.0	0.0	1.0	0.0399999991	2.0	0.392699093	15.0
463.28700799960643	0.34299999500001377	gratings	11.0	0.342999995	360.0	0.0	0.0	1.0	0.0399999991	2.0	4.49422264	15.0
463.9870079997927	0.34299999500001377	gratings	2.0	0.342999995	360.0	0.0	0.0	1.0	0.0399999991	2.0	0.785398185	15.0
464.68700799997896	0.34299999500001377	gratings	7.0	0.342999995	360.0	0.0	0.0	1.0	0.0399999991	2.0	2.7488935	15.0
465.3870079992339	0.34299999500001377	gratings	0.0	0.342999995	360.0	0.0	0.0	1.0	0.0399999991	2.0	0.0	15.0
466.08700799942017	0.34299999500001377	gratings	5.0	0.342999995	360.0	0.0	0.0	1.0	0.0399999991	2.0	1.96349537	15.0
466.78700799960643	0.34299999500001377	gratings	0.0	0.342999995	360.0	0.0	0.0	1.0	0.0399999991	2.0	0.0	15.0
467.4870079997927	0.34299999500001377	gratings	14.0	0.342999995	360.0	0.0	0.0	1.0	0.0399999991	2.0	5.497787	15.0
468.18700799997896	0.34299999500001377	gratings	15.0	0.342999995	360.0	0.0	0.0	0.0	0.0399999991	2.0	0.0	15.0
468.8870079992339	0.34299999500001377	gratings	9.0	0.342999995	360.0	0.0	0.0	1.0	0.0399999991	2.0	3.53429174	15.0
469.58700799942017	0.34299999500001377	gratings	5.0	0.342999995	360.0	0.0	0.0	1.0	0.0399999991	2.0	1.96349537	15.0
470.28700799960643	0.34299999500001377	gratings	5.0	0.342999995	360.0	0.0	0.0	1.0	0.0399999991	2.0	1.96349537	15.0
470.9870079997927	0.34299999500001377	gratings	3.0	0.342999995	360.0	0.0	0.0	1.0	0.0399999991	2.0	1.17809725	15.0
471.68700799997896	0.34299999500001377	gratings	15.0	0.342999995	360.0	0.0	0.0	0.0	0.0399999991	2.0	0.0	15.0
472.3870079992339	0.34299999500001377	gratings	13.0	0.342999995	360.0	0.0	0.0	1.0	0.0399999991	2.0	5.10508823	15.0
473.08700799942017	0.34299999500001377	gratings	14.0	0.342999995	360.0	0.0	0.0	1.0	0.0399999991	2.0	5.497787	15.0
473.7879999997094	0.34299999500001377	gratings	13.0	0.342999995	360.0	0.0	0.0	1.0	0.0399999991	2.0	5.10508823	15.0
474.4870079997927	0.34299999500001377	gratings	3.0	0.342999995	360.0	0.0	0.0	1.0	0.0399999991	2.0	1.17809725	15.0
475.18700799997896	0.34299999500001377	gratings	8.0	0.342999995	360.0	0.0	0.0	1.0	0.0399999991	2.0	3.14159274	15.0
475.8870079992339	0.34299999500001377	gratings	6.0	0.342999995	360.0	0.0	0.0	1.0	0.0399999991	2.0	2.3561945	15.0
476.58700799942017	0.34299999500001377	gratings	0.0	0.342999995	360.0	0.0	0.0	1.0	0.0399999991	2.0	0.0	15.0
477.28700799960643	0.34299999500001377	gratings	15.0	0.342999995	360.0	0.0	0.0	0.0	0.0399999991	2.0	0.0	15.0
477.9870079997927	0.34299999500001377	gratings	11.0	0.342999995	360.0	0.0	0.0	1.0	0.0399999991	2.0	4.49422264	15.0
478.68700799997896	0.34299999500001377	gratings	3.0	0.342999995	360.0	0.0	0.0	1.0	0.0399999991	2.0	1.17809725	15.0
479.3870079992339	0.34299999500001377	gratings	10.0	0.342999995	360.0	0.0	0.0	1.0	0.0399999991	2.0	3.92699075	15.0
480.08700799942017	0.34299999500001377	gratings	9.0	0.342999995	360.0	0.0	0.0	1.0	0.0399999991	2.0	3.53429174	-1.0
480.78700799960643	0.34299999500001377	gratings	4.0	0.342999995	360.0	0.0	0.0	1.0	0.0399999991	2.0	1.57079637	16.0
481.4870079997927	0.34299999500001377	gratings	2.0	0.342999995	360.0	0.0	0.0	1.0	0.0399999991	2.0	0.785398185	16.0
482.18800000008196	0.34299999500001377	gratings	4.0	0.342999995	360.0	0.0	0.0	1.0	0.0399999991	2.0	1.57079637	16.0
482.8870079992339	0.34299999500001377	gratings	0.0	0.342999995	360.0	0.0	0.0	1.0	0.0399999991	2.0	0.0	16.0
483.58700799942017	0.34299999500001377	gratings	4.0	0.342999995	360.0	0.0	0.0	1.0	0.0399999991	2.0	1.57079637	16.0
484.28700799960643	0.34299999500001377	gratings	11.0	0.342999995	360.0	0.0	0.0	1.0	0.0399999991	2.0	4.49422264	16.0
484.9870079997927	0.34299999500001377	gratings	2.0	0.342999995	360.0	0.0	0.0	1.0	0.0399999991	2.0	0.785398185	16.0
485.68700799997896	0.34299999500001377	gratings	11.0	0.342999995	360.0	0.0	0.0	1.0	0.0399999991	2.0	4.49422264	16.0
486.3870079992339	0.34299999500001377	gratings	5.0	0.342999995	360.0	0.0	0.0	1.0	0.0399999991	2.0	1.96349537	16.0
487.08700799942017	0.34299999500001377	gratings	15.0	0.342999995	360.0	0.0	0.0	0.0	0.0399999991	2.0	0.0	16.0
487.78700799960643	0.34299999500001377	gratings	10.0	0.342999995	360.0	0.0	0.0	1.0	0.0399999991	2.0	3.92699075	16.0
488.4870079997927	0.34299999500001377	gratings	10.0	0.342999995	360.0	0.0	0.0	1.0	0.0399999991	2.0	3.92699075	16.0
489.18700799997896	0.34299999500001377	gratings	3.0	0.342999995	360.0	0.0	0.0	1.0	0.0399999991	2.0	1.17809725	16.0
489.8870079992339	0.34299999500001377	gratings	13.0	0.342999995	360.0	0.0	0.0	1.0	0.0399999991	2.0	5.10508823	16.0
490.58700799942017	0.34299999500001377	gratings	3.0	0.342999995	360.0	0.0	0.0	1.0	0.0399999991	2.0	1.17809725	16.0
491.28700799960643	0.34299999500001377	gratings	9.0	0.342999995	360.0	0.0	0.0	1.0	0.0399999991	2.0	3.53429174	16.0
491.9870079997927	0.34299999500001377	gratings	4.0	0.342999995	360.0	0.0	0.0	1.0	0.0399999991	2.0	1.57079637	16.0
492.68700799997896	0.34299999500001377	gratings	7.0	0.342999995	360.0	0.0	0.0	1.0	0.0399999991	2.0	2.7488935	16.0
493.3870079992339	0.34299999500001377	gratings	1.0	0.342999995	360.0	0.0	0.0	1.0	0.0399999991	2.0	0.392699093	16.0
494.08700799942017	0.34299999500001377	gratings	12.0	0.342999995	360.0	0.0	0.0	1.0	0.0399999991	2.0	4.71238899	16.0
494.78700799960643	0.34299999500001377	gratings	5.0	0.342999995	360.0	0.0	0.0	1.0	0.0399999991	2.0	1.96349537	16.0
495.4870079997927	0.34299999500001377	gratings	6.0	0.342999995	360.0	0.0	0.0	1.0	0.0399999991	2.0	2.3561945	16.0
496.18700799997896	0.34299999500001377	gratings	4.0	0.342999995	360.0	0.0	0.0	1.0	0.0399999991	2.0	1.57079637	16.0
496.8879999993369	0.34299999500001377	gratings	2.0	0.342999995	360.0	0.0	0.0	1.0	0.0399999991	2.0	0.785398185	16.0
497.58700799942017	0.34299999500001377	gratings	1.0	0.342999995	360.0	0.0	0.0	1.0	0.0399999991	2.0	0.392699093	16.0
498.28700799960643	0.34299999500001377	gratings	1.0	0.342999995	360.0	0.0	0.0	1.0	0.0399999991	2.0	0.392699093	16.0
498.9870079997927	0.34299999500001377	gratings	3.0	0.342999995	360.0	0.0	0.0	1.0	0.0399999991	2.0	1.17809725	16.0
499.68700799997896	0.34299999500001377	gratings	0.0	0.342999995	360.0	0.0	0.0	1.0	0.0399999991	2.0	0.0	16.0
500.3870079992339	0.34299999500001377	gratings	8.0	0.342999995	360.0	0.0	0.0	1.0	0.0399999991	2.0	3.14159274	16.0
501.08700799942017	0.34299999500001377	gratings	4.0	0.342999995	360.0	0.0	0.0	1.0	0.0399999991	2.0	1.57079637	16.0
501.78700799960643	0.34299999500001377	gratings	7.0	0.342999995	360.0	0.0	0.0	1.0	0.0399999991	2.0	2.7488935	16.0
502.4870079997927	0.34299999500001377	gratings	11.0	0.342999995	360.0	0.0	0.0	1.0	0.0399999991	2.0	4.49422264	16.0
503.18700799997896	0.34299999500001377	gratings	8.0	0.342999995	360.0	0.0	0.0	1.0	0.0399999991	2.0	3.14159274	16.0
503.8870079992339	0.34299999500001377	gratings	8.0	0.342999995	360.0	0.0	0.0	1.0	0.0399999991	2.0	3.14159274	16.0
504.58700799942017	0.34299999500001377	gratings	15.0	0.342999995	360.0	0.0	0.0	0.0	0.0399999991	2.0	0.0	16.0
505.28700799960643	0.34299999500001377	gratings	5.0	0.342999995	360.0	0.0	0.0	1.0	0.0399999991	2.0	1.96349537	16.0
505.9870079997927	0.34299999500001377	gratings	4.0	0.342999995	360.0	0.0	0.0	1.0	0.0399999991	2.0	1.57079637	16.0
506.68700799997896	0.34299999500001377	gratings	15.0	0.342999995	360.0	0.0	0.0	0.0	0.0399999991	2.0	0.0	16.0
507.3870079992339	0.34299999500001377	gratings	3.0	0.342999995	360.0	0.0	0.0	1.0	0.0399999991	2.0	1.17809725	16.0
508.08700799942017	0.34299999500001377	gratings	6.0	0.342999995	360.0	0.0	0.0	1.0	0.0399999991	2.0	2.3561945	16.0
508.78700799960643	0.34299999500001377	gratings	1.0	0.342999995	360.0	0.0	0.0	1.0	0.0399999991	2.0	0.392699093	16.0
509.4870079997927	0.34299999500001377	gratings	0.0	0.342999995	360.0	0.0	0.0	1.0	0.0399999991	2.0	0.0	16.0
510.18700799997896	0.34299999500001377	gratings	1.0	0.342999995	360.0	0.0	0.0	1.0	0.0399999991	2.0	0.392699093	-1.0
510.8870079992339	0.34299999500001377	gratings	13.0	0.342999995	360.0	0.0	0.0	1.0	0.0399999991	2.0	5.10508823	17.0
511.58703999966383	0.34299999500001377	gratings	0.0	0.342999995	360.0	0.0	0.0	1.0	0.0399999991	2.0	0.0	17.0
512.2870079996064	0.34299999500001377	gratings	0.0	0.342999995	360.0	0.0	0.0	1.0	0.0399999991	2.0	0.0	17.0
512.9870079997927	0.34299999500001377	gratings	4.0	0.342999995	360.0	0.0	0.0	1.0	0.0399999991	2.0	1.57079637	17.0
513.687007999979	0.34299999500001377	gratings	2.0	0.342999995	360.0	0.0	0.0	1.0	0.0399999991	2.0	0.785398185	17.0
514.3870079992339	0.34299999500001377	gratings	6.0	0.342999995	360.0	0.0	0.0	1.0	0.0399999991	2.0	2.3561945	17.0
515.0870079994202	0.34299999500001377	gratings	9.0	0.342999995	360.0	0.0	0.0	1.0	0.0399999991	2.0	3.53429174	17.0
515.7870079996064	0.34299999500001377	gratings	2.0	0.342999995	360.0	0.0	0.0	1.0	0.0399999991	2.0	0.785398185	17.0
516.4870079997927	0.34299999500001377	gratings	4.0	0.342999995	360.0	0.0	0.0	1.0	0.0399999991	2.0	1.57079637	17.0
517.187007999979	0.34299999500001377	gratings	3.0	0.342999995	360.0	0.0	0.0	1.0	0.0399999991	2.0	1.17809725	17.0
517.8870079992339	0.34299999500001377	gratings	7.0	0.342999995	360.0	0.0	0.0	1.0	0.0399999991	2.0	2.7488935	17.0
518.5870079994202	0.34299999500001377	gratings	15.0	0.342999995	360.0	0.0	0.0	0.0	0.0399999991	2.0	0.0	17.0
519.2870079996064	0.34299999500001377	gratings	9.0	0.342999995	360.0	0.0	0.0	1.0	0.0399999991	2.0	3.53429174	17.0
519.9870079997927	0.34299999500001377	gratings	0.0	0.342999995	360.0	0.0	0.0	1.0	0.0399999991	2.0	0.0	17.0
520.687007999979	0.34299999500001377	gratings	4.0	0.342999995	360.0	0.0	0.0	1.0	0.0399999991	2.0	1.57079637	17.0
521.3870079992339	0.34299999500001377	gratings	1.0	0.342999995	360.0	0.0	0.0	1.0	0.0399999991	2.0	0.392699093	17.0
522.0870079994202	0.34299999500001377	gratings	14.0	0.342999995	360.0	0.0	0.0	1.0	0.0399999991	2.0	5.497787	17.0
522.7870079996064	0.34299999500001377	gratings	4.0	0.342999995	360.0	0.0	0.0	1.0	0.0399999991	2.0	1.57079637	17.0
523.4870079997927	0.34299999500001377	gratings	3.0	0.342999995	360.0	0.0	0.0	1.0	0.0399999991	2.0	1.17809725	17.0
524.187007999979	0.34299999500001377	gratings	4.0	0.342999995	360.0	0.0	0.0	1.0	0.0399999991	2.0	1.57079637	17.0
524.8870079992339	0.34299999500001377	gratings	10.0	0.342999995	360.0	0.0	0.0	1.0	0.0399999991	2.0	3.92699075	17.0
525.5870079994202	0.34299999500001377	gratings	2.0	0.342999995	360.0	0.0	0.0	1.0	0.0399999991	2.0	0.785398185	17.0
526.2870079996064	0.34299999500001377	gratings	15.0	0.342999995	360.0	0.0	0.0	0.0	0.0399999991	2.0	0.0	17.0
526.9870079997927	0.34299999500001377	gratings	8.0	0.342999995	360.0	0.0	0.0	1.0	0.0399999991	2.0	3.14159274	17.0
527.687007999979	0.34299999500001377	gratings	4.0	0.342999995	360.0	0.0	0.0	1.0	0.0399999991	2.0	1.57079637	17.0
528.3879999993369	0.34299999500001377	gratings	2.0	0.342999995	360.0	0.0	0.0	1.0	0.0399999991	2.0	0.785398185	17.0
529.0870079994202	0.34299999500001377	gratings	8.0	0.342999995	360.0	0.0	0.0	1.0	0.0399999991	2.0	3.14159274	17.0
529.7870079996064	0.34299999500001377	gratings	6.0	0.342999995	360.0	0.0	0.0	1.0	0.0399999991	2.0	2.3561945	17.0
530.4879999998957	0.34299999500001377	gratings	11.0	0.342999995	360.0	0.0	0.0	1.0	0.0399999991	2.0	4.49422264	17.0
531.187007999979	0.34299999500001377	gratings	7.0	0.342999995	360.0	0.0	0.0	1.0	0.0399999991	2.0	2.7488935	17.0
531.8879999993369	0.34299999500001377	gratings	14.0	0.342999995	360.0	0.0	0.0	1.0	0.0399999991	2.0	5.497787	17.0
532.5879999995232	0.34299999500001377	gratings	8.0	0.342999995	360.0	0.0	0.0	1.0	0.0399999991	2.0	3.14159274	17.0
533.2879999997094	0.34299999500001377	gratings	11.0	0.342999995	360.0	0.0	0.0	1.0	0.0399999991	2.0	4.49422264	17.0
533.9879999998957	0.34299999500001377	gratings	8.0	0.342999995	360.0	0.0	0.0	1.0	0.0399999991	2.0	3.14159274	17.0
534.688000000082	0.34299999500001377	gratings	13.0	0.342999995	360.0	0.0	0.0	1.0	0.0399999991	2.0	5.10508823	17.0
535.3879999993369	0.34299999500001377	gratings	4.0	0.342999995	360.0	0.0	0.0	1.0	0.0399999991	2.0	1.57079637	17.0
536.0879999995232	0.34299999500001377	gratings	9.0	0.342999995	360.0	0.0	0.0	1.0	0.0399999991	2.0	3.53429174	17.0
536.7879999997094	0.34299999500001377	gratings	8.0	0.342999995	360.0	0.0	0.0	1.0	0.0399999991	2.0	3.14159274	17.0
537.4879999998957	0.34299999500001377	gratings	9.0	0.342999995	360.0	0.0	0.0	1.0	0.0399999991	2.0	3.53429174	17.0
538.188000000082	0.34299999500001377	gratings	3.0	0.342999995	360.0	0.0	0.0	1.0	0.0399999991	2.0	1.17809725	17.0
538.8879999993369	0.34299999500001377	gratings	11.0	0.342999995	360.0	0.0	0.0	1.0	0.0399999991	2.0	4.49422264	17.0
539.5879999995232	0.34299999500001377	gratings	11.0	0.342999995	360.0	0.0	0.0	1.0	0.0399999991	2.0	4.49422264	17.0
540.2879999997094	0.34299999500001377	gratings	15.0	0.342999995	360.0	0.0	0.0	0.0	0.0399999991	2.0	0.0	-1.0
540.9879999998957	0.34299999500001377	gratings	9.0	0.342999995	360.0	0.0	0.0	1.0	0.0399999991	2.0	3.53429174	18.0
541.688000000082	0.34299999500001377	gratings	11.0	0.342999995	360.0	0.0	0.0	1.0	0.0399999991	2.0	4.49422264	18.0
542.3879999993369	0.34299999500001377	gratings	0.0	0.342999995	360.0	0.0	0.0	1.0	0.0399999991	2.0	0.0	18.0
543.0879999995232	0.34299999500001377	gratings	11.0	0.342999995	360.0	0.0	0.0	1.0	0.0399999991	2.0	4.49422264	18.0
543.7879999997094	0.34299999500001377	gratings	13.0	0.342999995	360.0	0.0	0.0	1.0	0.0399999991	2.0	5.10508823	18.0
544.4879999998957	0.34299999500001377	gratings	12.0	0.342999995	360.0	0.0	0.0	1.0	0.0399999991	2.0	4.71238899	18.0
545.188000000082	0.34299999500001377	gratings	12.0	0.342999995	360.0	0.0	0.0	1.0	0.0399999991	2.0	4.71238899	18.0
545.8879999993369	0.34299999500001377	gratings	10.0	0.342999995	360.0	0.0	0.0	1.0	0.0399999991	2.0	3.92699075	18.0
546.5879999995232	0.34299999500001377	gratings	2.0	0.342999995	360.0	0.0	0.0	1.0	0.0399999991	2.0	0.785398185	18.0
547.2879999997094	0.34299999500001377	gratings	4.0	0.342999995	360.0	0.0	0.0	1.0	0.0399999991	2.0	1.57079637	18.0
547.9879999998957	0.34299999500001377	gratings	3.0	0.342999995	360.0	0.0	0.0	1.0	0.0399999991	2.0	1.17809725	18.0
548.688000000082	0.34299999500001377	gratings	2.0	0.342999995	360.0	0.0	0.0	1.0	0.0399999991	2.0	0.785398185	18.0
549.3879999993369	0.34299999500001377	gratings	1.0	0.342999995	360.0	0.0	0.0	1.0	0.0399999991	2.0	0.392699093	18.0
550.0879999995232	0.34299999500001377	gratings	15.0	0.342999995	360.0	0.0	0.0	0.0	0.0399999991	2.0	0.0	18.0
550.7879999997094	0.34299999500001377	gratings	9.0	0.342999995	360.0	0.0	0.0	1.0	0.0399999991	2.0	3.53429174	18.0
551.4879999998957	0.34299999500001377	gratings	14.0	0.342999995	360.0	0.0	0.0	1.0	0.0399999991	2.0	5.497787	18.0
552.188000000082	0.34299999500001377	gratings	9.0	0.342999995	360.0	0.0	0.0	1.0	0.0399999991	2.0	3.53429174	18.0
552.8879999993369	0.34299999500001377	gratings	12.0	0.342999995	360.0	0.0	0.0	1.0	0.0399999991	2.0	4.71238899	18.0
553.5879999995232	0.34299999500001377	gratings	3.0	0.342999995	360.0	0.0	0.0	1.0	0.0399999991	2.0	1.17809725	18.0
554.2879999997094	0.34299999500001377	gratings	8.0	0.342999995	360.0	0.0	0.0	1.0	0.0399999991	2.0	3.14159274	18.0
554.9879999998957	0.34299999500001377	gratings	13.0	0.342999995	360.0	0.0	0.0	1.0	0.0399999991	2.0	5.10508823	18.0
555.688000000082	0.34299999500001377	gratings	2.0	0.342999995	360.0	0.0	0.0	1.0	0.0399999991	2.0	0.785398185	18.0
556.3879999993369	0.34299999500001377	gratings	0.0	0.342999995	360.0	0.0	0.0	1.0	0.0399999991	2.0	0.0	18.0
557.0879999995232	0.34299999500001377	gratings	0.0	0.342999995	360.0	0.0	0.0	1.0	0.0399999991	2.0	0.0	18.0
557.7879999997094	0.34299999500001377	gratings	13.0	0.342999995	360.0	0.0	0.0	1.0	0.0399999991	2.0	5.10508823	18.0
558.4879999998957	0.34299999500001377	gratings	10.0	0.342999995	360.0	0.0	0.0	1.0	0.0399999991	2.0	3.92699075	18.0
559.188000000082	0.34299999500001377	gratings	8.0	0.342999995	360.0	0.0	0.0	1.0	0.0399999991	2.0	3.14159274	18.0
559.8879999993369	0.34299999500001377	gratings	6.0	0.342999995	360.0	0.0	0.0	1.0	0.0399999991	2.0	2.3561945	18.0
560.5879999995232	0.34299999500001377	gratings	15.0	0.342999995	360.0	0.0	0.0	0.0	0.0399999991	2.0	0.0	18.0
561.2879999997094	0.34299999500001377	gratings	12.0	0.342999995	360.0	0.0	0.0	1.0	0.0399999991	2.0	4.71238899	18.0
561.9879999998957	0.34299999500001377	gratings	12.0	0.342999995	360.0	0.0	0.0	1.0	0.0399999991	2.0	4.71238899	18.0
562.688000000082	0.34299999500001377	gratings	6.0	0.342999995	360.0	0.0	0.0	1.0	0.0399999991	2.0	2.3561945	18.0
563.3879999993369	0.34299999500001377	gratings	14.0	0.342999995	360.0	0.0	0.0	1.0	0.0399999991	2.0	5.497787	18.0
564.0879999995232	0.34299999500001377	gratings	12.0	0.342999995	360.0	0.0	0.0	1.0	0.0399999991	2.0	4.71238899	18.0
564.7879999997094	0.34299999500001377	gratings	14.0	0.342999995	360.0	0.0	0.0	1.0	0.0399999991	2.0	5.497787	18.0
565.4879999998957	0.34299999500001377	gratings	4.0	0.342999995	360.0	0.0	0.0	1.0	0.0399999991	2.0	1.57079637	18.0
566.188000000082	0.34299999500001377	gratings	5.0	0.342999995	360.0	0.0	0.0	1.0	0.0399999991	2.0	1.96349537	18.0
566.8879999993369	0.34299999500001377	gratings	15.0	0.342999995	360.0	0.0	0.0	0.0	0.0399999991	2.0	0.0	18.0
567.5879999995232	0.34299999500001377	gratings	10.0	0.342999995	360.0	0.0	0.0	1.0	0.0399999991	2.0	3.92699075	18.0
568.2879999997094	0.34299999500001377	gratings	2.0	0.342999995	360.0	0.0	0.0	1.0	0.0399999991	2.0	0.785398185	18.0
568.9879999998957	0.34299999500001377	gratings	6.0	0.342999995	360.0	0.0	0.0	1.0	0.0399999991	2.0	2.3561945	18.0
569.688000000082	0.34299999500001377	gratings	0.0	0.342999995	360.0	0.0	0.0	1.0	0.0399999991	2.0	0.0	18.0
570.3879999993369	0.34299999500001377	gratings	5.0	0.342999995	360.0	0.0	0.0	1.0	0.0399999991	2.0	1.96349537	-1.0
571.0879999995232	0.34299999500001377	gratings	13.0	0.342999995	360.0	0.0	0.0	1.0	0.0399999991	2.0	5.10508823	19.0
571.7879999997094	0.34299999500001377	gratings	11.0	0.342999995	360.0	0.0	0.0	1.0	0.0399999991	2.0	4.49422264	19.0
572.4879999998957	0.34299999500001377	gratings	13.0	0.342999995	360.0	0.0	0.0	1.0	0.0399999991	2.0	5.10508823	19.0
573.188000000082	0.34299999500001377	gratings	13.0	0.342999995	360.0	0.0	0.0	1.0	0.0399999991	2.0	5.10508823	19.0
573.8879999993369	0.34299999500001377	gratings	8.0	0.342999995	360.0	0.0	0.0	1.0	0.0399999991	2.0	3.14159274	19.0
574.5879999995232	0.34299999500001377	gratings	12.0	0.342999995	360.0	0.0	0.0	1.0	0.0399999991	2.0	4.71238899	19.0
575.2879999997094	0.34299999500001377	gratings	7.0	0.342999995	360.0	0.0	0.0	1.0	0.0399999991	2.0	2.7488935	19.0
575.9879999998957	0.34299999500001377	gratings	4.0	0.342999995	360.0	0.0	0.0	1.0	0.0399999991	2.0	1.57079637	19.0
576.688000000082	0.34299999500001377	gratings	9.0	0.342999995	360.0	0.0	0.0	1.0	0.0399999991	2.0	3.53429174	19.0
577.3879999993369	0.34299999500001377	gratings	14.0	0.342999995	360.0	0.0	0.0	1.0	0.0399999991	2.0	5.497787	19.0
578.0879999995232	0.34299999500001377	gratings	10.0	0.342999995	360.0	0.0	0.0	1.0	0.0399999991	2.0	3.92699075	19.0
578.7879999997094	0.34299999500001377	gratings	9.0	0.342999995	360.0	0.0	0.0	1.0	0.0399999991	2.0	3.53429174	19.0
579.4879999998957	0.34299999500001377	gratings	3.0	0.342999995	360.0	0.0	0.0	1.0	0.0399999991	2.0	1.17809725	19.0
580.188000000082	0.34299999500001377	gratings	2.0	0.342999995	360.0	0.0	0.0	1.0	0.0399999991	2.0	0.785398185	19.0
580.8879999993369	0.34299999500001377	gratings	7.0	0.342999995	360.0	0.0	0.0	1.0	0.0399999991	2.0	2.7488935	19.0
581.5879999995232	0.34299999500001377	gratings	13.0	0.342999995	360.0	0.0	0.0	1.0	0.0399999991	2.0	5.10508823	19.0
582.2879999997094	0.34299999500001377	gratings	9.0	0.342999995	360.0	0.0	0.0	1.0	0.0399999991	2.0	3.53429174	19.0
582.9879999998957	0.34299999500001377	gratings	0.0	0.342999995	360.0	0.0	0.0	1.0	0.0399999991	2.0	0.0	19.0
583.688000000082	0.34299999500001377	gratings	6.0	0.342999995	360.0	0.0	0.0	1.0	0.0399999991	2.0	2.3561945	19.0
584.3879999993369	0.34299999500001377	gratings	6.0	0.342999995	360.0	0.0	0.0	1.0	0.0399999991	2.0	2.3561945	19.0
585.0879999995232	0.34299999500001377	gratings	3.0	0.342999995	360.0	0.0	0.0	1.0	0.0399999991	2.0	1.17809725	19.0
585.7879999997094	0.34299999500001377	gratings	3.0	0.342999995	360.0	0.0	0.0	1.0	0.0399999991	2.0	1.17809725	19.0
586.4879999998957	0.34299999500001377	gratings	5.0	0.342999995	360.0	0.0	0.0	1.0	0.0399999991	2.0	1.96349537	19.0
587.188000000082	0.34299999500001377	gratings	9.0	0.342999995	360.0	0.0	0.0	1.0	0.0399999991	2.0	3.53429174	19.0
587.8879999993369	0.34299999500001377	gratings	5.0	0.342999995	360.0	0.0	0.0	1.0	0.0399999991	2.0	1.96349537	19.0
588.5879999995232	0.34299999500001377	gratings	10.0	0.342999995	360.0	0.0	0.0	1.0	0.0399999991	2.0	3.92699075	19.0
589.2879999997094	0.34299999500001377	gratings	13.0	0.342999995	360.0	0.0	0.0	1.0	0.0399999991	2.0	5.10508823	19.0
589.9879999998957	0.34299999500001377	gratings	5.0	0.342999995	360.0	0.0	0.0	1.0	0.0399999991	2.0	1.96349537	19.0
590.688000000082	0.34299999500001377	gratings	8.0	0.342999995	360.0	0.0	0.0	1.0	0.0399999991	2.0	3.14159274	19.0
591.3879999993369	0.34299999500001377	gratings	15.0	0.342999995	360.0	0.0	0.0	0.0	0.0399999991	2.0	0.0	19.0
592.0879999995232	0.34299999500001377	gratings	7.0	0.342999995	360.0	0.0	0.0	1.0	0.0399999991	2.0	2.7488935	19.0
592.7879999997094	0.34299999500001377	gratings	5.0	0.342999995	360.0	0.0	0.0	1.0	0.0399999991	2.0	1.96349537	19.0
593.4879999998957	0.34299999500001377	gratings	8.0	0.342999995	360.0	0.0	0.0	1.0	0.0399999991	2.0	3.14159274	19.0
594.188000000082	0.34299999500001377	gratings	9.0	0.342999995	360.0	0.0	0.0	1.0	0.0399999991	2.0	3.53429174	19.0
594.8879999993369	0.34299999500001377	gratings	3.0	0.342999995	360.0	0.0	0.0	1.0	0.0399999991	2.0	1.17809725	19.0
595.5879999995232	0.34299999500001377	gratings	13.0	0.342999995	360.0	0.0	0.0	1.0	0.0399999991	2.0	5.10508823	19.0
596.2879999997094	0.34299999500001377	gratings	0.0	0.342999995	360.0	0.0	0.0	1.0	0.0399999991	2.0	0.0	19.0
596.9879999998957	0.34299999500001377	gratings	0.0	0.342999995	360.0	0.0	0.0	1.0	0.0399999991	2.0	0.0	19.0
597.688000000082	0.34299999500001377	gratings	6.0	0.342999995	360.0	0.0	0.0	1.0	0.0399999991	2.0	2.3561945	19.0
598.3879999993369	0.34299999500001377	gratings	3.0	0.342999995	360.0	0.0	0.0	1.0	0.0399999991	2.0	1.17809725	19.0
599.0889919996262	0.34299999500001377	gratings	6.0	0.342999995	360.0	0.0	0.0	1.0	0.0399999991	2.0	2.3561945	19.0
599.7879999997094	0.34299999500001377	gratings	1.0	0.342999995	360.0	0.0	0.0	1.0	0.0399999991	2.0	0.392699093	19.0
600.4879999998957	0.34299999500001377	gratings	5.0	0.342999995	360.0	0.0	0.0	1.0	0.0399999991	2.0	1.96349537	-1.0
601.188000000082	0.34299999500001377	gratings	9.0	0.342999995	360.0	0.0	0.0	1.0	0.0399999991	2.0	3.53429174	20.0
601.8879999993369	0.34299999500001377	gratings	15.0	0.342999995	360.0	0.0	0.0	0.0	0.0399999991	2.0	0.0	20.0
602.5879999995232	0.34299999500001377	gratings	2.0	0.342999995	360.0	0.0	0.0	1.0	0.0399999991	2.0	0.785398185	20.0
603.2879999997094	0.34299999500001377	gratings	12.0	0.342999995	360.0	0.0	0.0	1.0	0.0399999991	2.0	4.71238899	20.0
603.9879999998957	0.34299999500001377	gratings	7.0	0.342999995	360.0	0.0	0.0	1.0	0.0399999991	2.0	2.7488935	20.0
604.688000000082	0.34299999500001377	gratings	12.0	0.342999995	360.0	0.0	0.0	1.0	0.0399999991	2.0	4.71238899	20.0
605.3879999993369	0.34299999500001377	gratings	7.0	0.342999995	360.0	0.0	0.0	1.0	0.0399999991	2.0	2.7488935	20.0
606.0879999995232	0.34299999500001377	gratings	11.0	0.342999995	360.0	0.0	0.0	1.0	0.0399999991	2.0	4.49422264	20.0
606.7879999997094	0.34299999500001377	gratings	8.0	0.342999995	360.0	0.0	0.0	1.0	0.0399999991	2.0	3.14159274	20.0
607.4879999998957	0.34299999500001377	gratings	7.0	0.342999995	360.0	0.0	0.0	1.0	0.0399999991	2.0	2.7488935	20.0
608.188000000082	0.34299999500001377	gratings	6.0	0.342999995	360.0	0.0	0.0	1.0	0.0399999991	2.0	2.3561945	20.0
608.8879999993369	0.34299999500001377	gratings	9.0	0.342999995	360.0	0.0	0.0	1.0	0.0399999991	2.0	3.53429174	20.0
609.5879999995232	0.34299999500001377	gratings	15.0	0.342999995	360.0	0.0	0.0	0.0	0.0399999991	2.0	0.0	20.0
610.2879999997094	0.34299999500001377	gratings	1.0	0.342999995	360.0	0.0	0.0	1.0	0.0399999991	2.0	0.392699093	20.0
610.9879999998957	0.34299999500001377	gratings	2.0	0.342999995	360.0	0.0	0.0	1.0	0.0399999991	2.0	0.785398185	20.0
611.688000000082	0.34299999500001377	gratings	13.0	0.342999995	360.0	0.0	0.0	1.0	0.0399999991	2.0	5.10508823	20.0
612.3879999993369	0.34299999500001377	gratings	9.0	0.342999995	360.0	0.0	0.0	1.0	0.0399999991	2.0	3.53429174	20.0
613.0879999995232	0.34299999500001377	gratings	3.0	0.342999995	360.0	0.0	0.0	1.0	0.0399999991	2.0	1.17809725	20.0
613.7879999997094	0.34299999500001377	gratings	5.0	0.342999995	360.0	0.0	0.0	1.0	0.0399999991	2.0	1.96349537	20.0
614.4879999998957	0.34299999500001377	gratings	3.0	0.342999995	360.0	0.0	0.0	1.0	0.0399999991	2.0	1.17809725	20.0
615.188000000082	0.34299999500001377	gratings	15.0	0.342999995	360.0	0.0	0.0	0.0	0.0399999991	2.0	0.0	20.0
615.8879999993369	0.34299999500001377	gratings	10.0	0.342999995	360.0	0.0	0.0	1.0	0.0399999991	2.0	3.92699075	20.0
616.5879999995232	0.34299999500001377	gratings	14.0	0.342999995	360.0	0.0	0.0	1.0	0.0399999991	2.0	5.497787	20.0
617.2879999997094	0.34299999500001377	gratings	11.0	0.342999995	360.0	0.0	0.0	1.0	0.0399999991	2.0	4.49422264	20.0
617.9879999998957	0.34299999500001377	gratings	11.0	0.342999995	360.0	0.0	0.0	1.0	0.0399999991	2.0	4.49422264	20.0
618.688000000082	0.34299999500001377	gratings	3.0	0.342999995	360.0	0.0	0.0	1.0	0.0399999991	2.0	1.17809725	20.0
619.3879999993369	0.34299999500001377	gratings	11.0	0.342999995	360.0	0.0	0.0	1.0	0.0399999991	2.0	4.49422264	20.0
620.0879999995232	0.34299999500001377	gratings	6.0	0.342999995	360.0	0.0	0.0	1.0	0.0399999991	2.0	2.3561945	20.0
620.7879999997094	0.34299999500001377	gratings	3.0	0.342999995	360.0	0.0	0.0	1.0	0.0399999991	2.0	1.17809725	20.0
621.4879999998957	0.34299999500001377	gratings	9.0	0.342999995	360.0	0.0	0.0	1.0	0.0399999991	2.0	3.53429174	20.0
622.188000000082	0.34299999500001377	gratings	14.0	0.342999995	360.0	0.0	0.0	1.0	0.0399999991	2.0	5.497787	20.0
622.8879999993369	0.34299999500001377	gratings	12.0	0.342999995	360.0	0.0	0.0	1.0	0.0399999991	2.0	4.71238899	20.0
623.5879999995232	0.34299999500001377	gratings	13.0	0.342999995	360.0	0.0	0.0	1.0	0.0399999991	2.0	5.10508823	20.0
624.2879999997094	0.34299999500001377	gratings	10.0	0.342999995	360.0	0.0	0.0	1.0	0.0399999991	2.0	3.92699075	20.0
624.9879999998957	0.34299999500001377	gratings	9.0	0.342999995	360.0	0.0	0.0	1.0	0.0399999991	2.0	3.53429174	20.0
625.688000000082	0.34299999500001377	gratings	5.0	0.342999995	360.0	0.0	0.0	1.0	0.0399999991	2.0	1.96349537	20.0
626.3879999993369	0.34299999500001377	gratings	3.0	0.342999995	360.0	0.0	0.0	1.0	0.0399999991	2.0	1.17809725	20.0
627.0879999995232	0.34299999500001377	gratings	10.0	0.342999995	360.0	0.0	0.0	1.0	0.0399999991	2.0	3.92699075	20.0
627.7879999997094	0.34299999500001377	gratings	3.0	0.342999995	360.0	0.0	0.0	1.0	0.0399999991	2.0	1.17809725	20.0
628.4879999998957	0.34299999500001377	gratings	4.0	0.342999995	360.0	0.0	0.0	1.0	0.0399999991	2.0	1.57079637	20.0
629.188000000082	0.34299999500001377	gratings	8.0	0.342999995	360.0	0.0	0.0	1.0	0.0399999991	2.0	3.14159274	20.0
629.8879999993369	0.34299999500001377	gratings	14.0	0.342999995	360.0	0.0	0.0	1.0	0.0399999991	2.0	5.497787	20.0
630.5919999992475	0.34299999500001377	gratings	12.0	0.342999995	360.0	0.0	0.0	1.0	0.0399999991	2.0	4.71238899	21.0
631.2879999997094	0.34299999500001377	gratings	10.0	0.342999995	360.0	0.0	0.0	1.0	0.0399999991	2.0	3.92699075	21.0
631.9879999998957	0.34299999500001377	gratings	10.0	0.342999995	360.0	0.0	0.0	1.0	0.0399999991	2.0	3.92699075	21.0
632.688000000082	0.34299999500001377	gratings	7.0	0.342999995	360.0	0.0	0.0	1.0	0.0399999991	2.0	2.7488935	21.0
633.3879999993369	0.34299999500001377	gratings	6.0	0.342999995	360.0	0.0	0.0	1.0	0.0399999991	2.0	2.3561945	21.0
634.0879999995232	0.34299999500001377	gratings	8.0	0.342999995	360.0	0.0	0.0	1.0	0.0399999991	2.0	3.14159274	21.0
634.7879999997094	0.34299999500001377	gratings	1.0	0.342999995	360.0	0.0	0.0	1.0	0.0399999991	2.0	0.392699093	21.0
635.4879999998957	0.34299999500001377	gratings	5.0	0.342999995	360.0	0.0	0.0	1.0	0.0399999991	2.0	1.96349537	21.0
636.188000000082	0.34299999500001377	gratings	8.0	0.342999995	360.0	0.0	0.0	1.0	0.0399999991	2.0	3.14159274	21.0
636.8879999993369	0.34299999500001377	gratings	14.0	0.342999995	360.0	0.0	0.0	1.0	0.0399999991	2.0	5.497787	21.0
637.5879999995232	0.34299999500001377	gratings	11.0	0.342999995	360.0	0.0	0.0	1.0	0.0399999991	2.0	4.49422264	21.0
638.2879999997094	0.34299999500001377	gratings	10.0	0.342999995	360.0	0.0	0.0	1.0	0.0399999991	2.0	3.92699075	21.0
638.9879999998957	0.34299999500001377	gratings	2.0	0.342999995	360.0	0.0	0.0	1.0	0.0399999991	2.0	0.785398185	21.0
639.688000000082	0.34299999500001377	gratings	3.0	0.342999995	360.0	0.0	0.0	1.0	0.0399999991	2.0	1.17809725	21.0
640.3879999993369	0.34299999500001377	gratings	6.0	0.342999995	360.0	0.0	0.0	1.0	0.0399999991	2.0	2.3561945	21.0
641.0879999995232	0.34299999500001377	gratings	10.0	0.342999995	360.0	0.0	0.0	1.0	0.0399999991	2.0	3.92699075	21.0
641.7879999997094	0.34299999500001377	gratings	5.0	0.342999995	360.0	0.0	0.0	1.0	0.0399999991	2.0	1.96349537	21.0
642.4879999998957	0.34299999500001377	gratings	7.0	0.342999995	360.0	0.0	0.0	1.0	0.0399999991	2.0	2.7488935	21.0
643.188000000082	0.34299999500001377	gratings	4.0	0.342999995	360.0	0.0	0.0	1.0	0.0399999991	2.0	1.57079637	21.0
643.8879999993369	0.34299999500001377	gratings	1.0	0.342999995	360.0	0.0	0.0	1.0	0.0399999991	2.0	0.392699093	21.0
644.5879999995232	0.34299999500001377	gratings	14.0	0.342999995	360.0	0.0	0.0	1.0	0.0399999991	2.0	5.497787	21.0
645.2879999997094	0.34299999500001377	gratings	13.0	0.342999995	360.0	0.0	0.0	1.0	0.0399999991	2.0	5.10508823	21.0
645.9879999998957	0.34299999500001377	gratings	6.0	0.342999995	360.0	0.0	0.0	1.0	0.0399999991	2.0	2.3561945	21.0
646.688000000082	0.34299999500001377	gratings	8.0	0.342999995	360.0	0.0	0.0	1.0	0.0399999991	2.0	3.14159274	21.0
647.3879999993369	0.34299999500001377	gratings	9.0	0.342999995	360.0	0.0	0.0	1.0	0.0399999991	2.0	3.53429174	21.0
648.0879999995232	0.34299999500001377	gratings	3.0	0.342999995	360.0	0.0	0.0	1.0	0.0399999991	2.0	1.17809725	21.0
648.7879999997094	0.34299999500001377	gratings	11.0	0.342999995	360.0	0.0	0.0	1.0	0.0399999991	2.0	4.49422264	21.0
649.4879999998957	0.34299999500001377	gratings	14.0	0.342999995	360.0	0.0	0.0	1.0	0.0399999991	2.0	5.497787	21.0
650.188000000082	0.34299999500001377	gratings	15.0	0.342999995	360.0	0.0	0.0	0.0	0.0399999991	2.0	0.0	21.0
650.8879999993369	0.34299999500001377	gratings	13.0	0.342999995	360.0	0.0	0.0	1.0	0.0399999991	2.0	5.10508823	21.0
651.5879999995232	0.34299999500001377	gratings	5.0	0.342999995	360.0	0.0	0.0	1.0	0.0399999991	2.0	1.96349537	21.0
652.2879999997094	0.34299999500001377	gratings	3.0	0.342999995	360.0	0.0	0.0	1.0	0.0399999991	2.0	1.17809725	21.0
652.9879999998957	0.34299999500001377	gratings	9.0	0.342999995	360.0	0.0	0.0	1.0	0.0399999991	2.0	3.53429174	21.0
653.688000000082	0.34299999500001377	gratings	12.0	0.342999995	360.0	0.0	0.0	1.0	0.0399999991	2.0	4.71238899	21.0
654.3879999993369	0.34299999500001377	gratings	0.0	0.342999995	360.0	0.0	0.0	1.0	0.0399999991	2.0	0.0	21.0
655.0879999995232	0.34299999500001377	gratings	9.0	0.342999995	360.0	0.0	0.0	1.0	0.0399999991	2.0	3.53429174	21.0
655.7879999997094	0.34299999500001377	gratings	5.0	0.342999995	360.0	0.0	0.0	1.0	0.0399999991	2.0	1.96349537	21.0
656.4879999998957	0.34299999500001377	gratings	0.0	0.342999995	360.0	0.0	0.0	1.0	0.0399999991	2.0	0.0	21.0
657.1889919992536	0.34299999500001377	gratings	1.0	0.342999995	360.0	0.0	0.0	1.0	0.0399999991	2.0	0.392699093	21.0
657.8889919994399	0.34299999500001377	gratings	4.0	0.342999995	360.0	0.0	0.0	1.0	0.0399999991	2.0	1.57079637	21.0
658.5889919996262	0.34299999500001377	gratings	4.0	0.342999995	360.0	0.0	0.0	1.0	0.0399999991	2.0	1.57079637	21.0
659.2889919998124	0.34299999500001377	gratings	11.0	0.342999995	360.0	0.0	0.0	1.0	0.0399999991	2.0	4.49422264	21.0
659.9889919999987	0.34299999500001377	gratings	9.0	0.342999995	360.0	0.0	0.0	1.0	0.0399999991	2.0	3.53429174	21.0
660.688000000082	0.34299999500001377	gratings	1.0	0.342999995	360.0	0.0	0.0	1.0	0.0399999991	2.0	0.392699093	22.0
661.3889919994399	0.34299999500001377	gratings	7.0	0.342999995	360.0	0.0	0.0	1.0	0.0399999991	2.0	2.7488935	22.0
662.0889919996262	0.34299999500001377	gratings	0.0	0.342999995	360.0	0.0	0.0	1.0	0.0399999991	2.0	0.0	22.0
662.7889919998124	0.34299999500001377	gratings	3.0	0.342999995	360.0	0.0	0.0	1.0	0.0399999991	2.0	1.17809725	22.0
663.4889919999987	0.34299999500001377	gratings	13.0	0.342999995	360.0	0.0	0.0	1.0	0.0399999991	2.0	5.10508823	22.0
664.1889919992536	0.34299999500001377	gratings	13.0	0.342999995	360.0	0.0	0.0	1.0	0.0399999991	2.0	5.10508823	22.0
664.8889919994399	0.34299999500001377	gratings	1.0	0.342999995	360.0	0.0	0.0	1.0	0.0399999991	2.0	0.392699093	22.0
665.5889919996262	0.34299999500001377	gratings	2.0	0.342999995	360.0	0.0	0.0	1.0	0.0399999991	2.0	0.785398185	22.0
666.2889919998124	0.34299999500001377	gratings	8.0	0.342999995	360.0	0.0	0.0	1.0	0.0399999991	2.0	3.14159274	22.0
666.9889919999987	0.34299999500001377	gratings	14.0	0.342999995	360.0	0.0	0.0	1.0	0.0399999991	2.0	5.497787	22.0
667.6889919992536	0.34299999500001377	gratings	8.0	0.342999995	360.0	0.0	0.0	1.0	0.0399999991	2.0	3.14159274	22.0
668.3889919994399	0.34299999500001377	gratings	10.0	0.342999995	360.0	0.0	0.0	1.0	0.0399999991	2.0	3.92699075	22.0
669.0889919996262	0.34299999500001377	gratings	5.0	0.342999995	360.0	0.0	0.0	1.0	0.0399999991	2.0	1.96349537	22.0
669.7889919998124	0.34299999500001377	gratings	9.0	0.342999995	360.0	0.0	0.0	1.0	0.0399999991	2.0	3.53429174	22.0
670.4889919999987	0.34299999500001377	gratings	15.0	0.342999995	360.0	0.0	0.0	0.0	0.0399999991	2.0	0.0	22.0
671.1889919992536	0.34299999500001377	gratings	1.0	0.342999995	360.0	0.0	0.0	1.0	0.0399999991	2.0	0.392699093	22.0
671.8889919994399	0.34299999500001377	gratings	0.0	0.342999995	360.0	0.0	0.0	1.0	0.0399999991	2.0	0.0	22.0
672.5889919996262	0.34299999500001377	gratings	12.0	0.342999995	360.0	0.0	0.0	1.0	0.0399999991	2.0	4.71238899	22.0
673.2889919998124	0.34299999500001377	gratings	7.0	0.342999995	360.0	0.0	0.0	1.0	0.0399999991	2.0	2.7488935	22.0
673.9889919999987	0.34299999500001377	gratings	8.0	0.342999995	360.0	0.0	0.0	1.0	0.0399999991	2.0	3.14159274	22.0
674.6889919992536	0.34299999500001377	gratings	15.0	0.342999995	360.0	0.0	0.0	0.0	0.0399999991	2.0	0.0	22.0
675.3889919994399	0.34299999500001377	gratings	11.0	0.342999995	360.0	0.0	0.0	1.0	0.0399999991	2.0	4.49422264	22.0
676.0889919996262	0.34299999500001377	gratings	0.0	0.342999995	360.0	0.0	0.0	1.0	0.0399999991	2.0	0.0	22.0
676.7889919998124	0.34299999500001377	gratings	7.0	0.342999995	360.0	0.0	0.0	1.0	0.0399999991	2.0	2.7488935	22.0
677.4889919999987	0.34299999500001377	gratings	1024.0	0.342999995	359.0	0.0	0.0	1.0	0.0399999991	2.0	0.0	22.0
678.1889919992536	0.34299999500001377	gratings	1130.0	0.342999995	359.0	0.0	0.0	1.0	0.0399999991	2.0	0.0	22.0
678.8889919994399	0.34299999500001377	gratings	462.0	0.342999995	359.0	0.0	0.0	1.0	0.0399999991	2.0	0.0	22.0
679.5889919996262	0.34299999500001377	gratings	778.0	0.342999995	359.0	0.0	0.0	1.0	0.0399999991	2.0	0.0	22.0
680.2889919998124	0.34299999500001377	gratings	1229.0	0.342999995	359.0	0.0	0.0	1.0	0.0399999991	2.0	0.0	22.0
680.9889919999987	0.34299999500001377	gratings	168.0	0.342999995	359.0	0.0	0.0	1.0	0.0399999991	2.0	0.0	22.0
681.6889919992536	0.34299999500001377	gratings	1234.0	0.342999995	359.0	0.0	0.0	1.0	0.0399999991	2.0	0.0	22.0
682.3889919994399	0.34299999500001377	gratings	1300.0	0.342999995	359.0	0.0	0.0	1.0	0.0399999991	2.0	0.0	22.0
683.0889919996262	0.34299999500001377	gratings	533.0	0.342999995	359.0	0.0	0.0	1.0	0.0399999991	2.0	0.0	22.0
683.7889919998124	0.34299999500001377	gratings	1098.0	0.342999995	359.0	0.0	0.0	1.0	0.0399999991	2.0	0.0	22.0
684.4889919999987	0.34299999500001377	gratings	1040.0	0.342999995	359.0	0.0	0.0	1.0	0.0399999991	2.0	0.0	22.0
685.1889919992536	0.34299999500001377	gratings	634.0	0.342999995	359.0	0.0	0.0	1.0	0.0399999991	2.0	0.0	22.0
685.8889919994399	0.34299999500001377	gratings	1053.0	0.342999995	359.0	0.0	0.0	1.0	0.0399999991	2.0	0.0	22.0
686.5889919996262	0.34299999500001377	gratings	1384.0	0.342999995	359.0	0.0	0.0	1.0	0.0399999991	2.0	0.0	22.0
687.2889919998124	0.34299999500001377	gratings	267.0	0.342999995	359.0	0.0	0.0	1.0	0.0399999991	2.0	0.0	22.0
687.9889919999987	0.34299999500001377	gratings	436.0	0.342999995	359.0	0.0	0.0	1.0	0.0399999991	2.0	0.0	22.0
688.6889919992536	0.34299999500001377	gratings	919.0	0.342999995	359.0	0.0	0.0	1.0	0.0399999991	2.0	0.0	22.0
689.3889919994399	0.34299999500001377	gratings	240.0	0.342999995	359.0	0.0	0.0	1.0	0.0399999991	2.0	0.0	22.0
690.0889919996262	0.34299999500001377	gratings	443.0	0.342999995	359.0	0.0	0.0	1.0	0.0399999991	2.0	0.0	-1.0
690.7889919998124	0.34299999500001377	gratings	43.0	0.342999995	359.0	0.0	0.0	1.0	0.0399999991	2.0	0.0	23.0
691.4889919999987	0.34299999500001377	gratings	293.0	0.342999995	359.0	0.0	0.0	1.0	0.0399999991	2.0	0.0	23.0
692.1889919992536	0.34299999500001377	gratings	125.0	0.342999995	359.0	0.0	0.0	1.0	0.0399999991	2.0	0.0	23.0
692.8889919994399	0.34299999500001377	gratings	172.0	0.342999995	359.0	0.0	0.0	1.0	0.0399999991	2.0	0.0	23.0
693.5889919996262	0.34299999500001377	gratings	1119.0	0.342999995	359.0	0.0	0.0	1.0	0.0399999991	2.0	0.0	23.0
694.2889919998124	0.34299999500001377	gratings	1447.0	0.342999995	359.0	0.0	0.0	1.0	0.0399999991	2.0	0.0	23.0
694.9889919999987	0.34299999500001377	gratings	493.0	0.342999995	359.0	0.0	0.0	1.0	0.0399999991	2.0	0.0	23.0
695.6889919992536	0.34299999500001377	gratings	501.0	0.342999995	359.0	0.0	0.0	1.0	0.0399999991	2.0	0.0	23.0
696.3889919994399	0.34299999500001377	gratings	28.0	0.342999995	359.0	0.0	0.0	1.0	0.0399999991	2.0	0.0	23.0
697.0889919996262	0.34299999500001377	gratings	699.0	0.342999995	359.0	0.0	0.0	1.0	0.0399999991	2.0	0.0	23.0
697.7889919998124	0.34299999500001377	gratings	351.0	0.342999995	359.0	0.0	0.0	1.0	0.0399999991	2.0	0.0	23.0
698.4889919999987	0.34299999500001377	gratings	969.0	0.342999995	359.0	0.0	0.0	1.0	0.0399999991	2.0	0.0	23.0
699.1889919992536	0.34299999500001377	gratings	169.0	0.342999995	359.0	0.0	0.0	1.0	0.0399999991	2.0	0.0	23.0
699.8889919994399	0.34299999500001377	gratings	91.0	0.342999995	359.0	0.0	0.0	1.0	0.0399999991	2.0	0.785398185	23.0
700.5889919996262	0.34299999500001377	gratings	343.0	0.342999995	359.0	0.0	0.0	1.0	0.0399999991	2.0	0.0	23.0
701.2889919998124	0.34299999500001377	gratings	25.0	0.342999995	359.0	0.0	0.0	1.0	0.0399999991	2.0	0.0	23.0
701.9889919999987	0.34299999500001377	gratings	963.0	0.342999995	359.0	0.0	0.0	1.0	0.0399999991	2.0	0.0	23.0
702.6889919992536	0.34299999500001377	gratings	867.0	0.342999995	359.0	0.0	0.0	1.0	0.0399999991	2.0	0.0	23.0
703.3889919994399	0.34299999500001377	gratings	1176.0	0.342999995	359.0	0.0	0.0	1.0	0.0399999991	2.0	0.0	23.0
704.0889919996262	0.34299999500001377	gratings	321.0	0.342999995	359.0	0.0	0.0	1.0	0.0399999991	2.0	0.0	23.0
704.7889919998124	0.34299999500001377	gratings	1453.0	0.342999995	359.0	0.0	0.0	1.0	0.0399999991	2.0	0.0	23.0
705.4889919999987	0.34299999500001377	gratings	1233.0	0.342999995	359.0	0.0	0.0	1.0	0.0399999991	2.0	0.0	23.0
706.1889919992536	0.34299999500001377	gratings	908.0	0.342999995	359.0	0.0	0.0	1.0	0.0399999991	2.0	0.0	23.0
706.8889919994399	0.34299999500001377	gratings	1027.0	0.342999995	359.0	0.0	0.0	1.0	0.0399999991	2.0	0.0	23.0
707.5889919996262	0.34299999500001377	gratings	841.0	0.342999995	359.0	0.0	0.0	1.0	0.0399999991	2.0	0.0	23.0
708.2889919998124	0.34299999500001377	gratings	1272.0	0.342999995	359.0	0.0	0.0	1.0	0.0399999991	2.0	0.0	23.0
708.9889919999987	0.34299999500001377	gratings	1122.0	0.342999995	359.0	0.0	0.0	1.0	0.0399999991	2.0	0.0	23.0
709.6889919992536	0.34299999500001377	gratings	1452.0	0.342999995	359.0	0.0	0.0	1.0	0.0399999991	2.0	0.0	23.0
710.3889919994399	0.34299999500001377	gratings	1171.0	0.342999995	359.0	0.0	0.0	1.0	0.0399999991	2.0	0.0	23.0
711.0889919996262	0.34299999500001377	gratings	1376.0	0.342999995	359.0	0.0	0.0	1.0	0.0399999991	2.0	0.0	23.0
711.7889919998124	0.34299999500001377	gratings	656.0	0.342999995	359.0	0.0	0.0	1.0	0.0399999991	2.0	0.0	23.0
712.4889919999987	0.34299999500001377	gratings	68.0	0.342999995	359.0	0.0	0.0	1.0	0.0399999991	2.0	0.0	23.0
713.1889919992536	0.34299999500001377	gratings	941.0	0.342999995	359.0	0.0	0.0	1.0	0.0399999991	2.0	0.0	23.0
713.8889919994399	0.34299999500001377	gratings	550.0	0.342999995	359.0	0.0	0.0	1.0	0.0399999991	2.0	0.0	23.0
714.5889919996262	0.34299999500001377	gratings	926.0	0.342999995	359.0	0.0	0.0	1.0	0.0399999991	2.0	0.0	23.0
715.2889919998124	0.34299999500001377	gratings	637.0	0.342999995	359.0	0.0	0.0	1.0	0.0399999991	2.0	0.0	23.0
715.9889919999987	0.34299999500001377	gratings	982.0	0.342999995	359.0	0.0	0.0	1.0	0.0399999991	2.0	0.0	23.0
716.6889919992536	0.34299999500001377	gratings	1326.0	0.342999995	359.0	0.0	0.0	1.0	0.0399999991	2.0	0.0	23.0
717.3889919994399	0.34299999500001377	gratings	451.0	0.342999995	359.0	0.0	0.0	1.0	0.0399999991	2.0	0.0	23.0
718.0889919996262	0.34299999500001377	gratings	409.0	0.342999995	359.0	0.0	0.0	1.0	0.0399999991	2.0	0.0	23.0
718.7889919998124	0.34299999500001377	gratings	567.0	0.342999995	359.0	0.0	0.0	1.0	0.0399999991	2.0	0.0	23.0
719.4889919999987	0.34299999500001377	gratings	956.0	0.342999995	359.0	0.0	0.0	1.0	0.0399999991	2.0	0.0	23.0
720.1889919992536	0.34299999500001377	gratings	109.0	0.342999995	359.0	0.0	0.0	0.0	0.0399999991	2.0	0.0	-1.0
720.8889919994399	0.34299999500001377	gratings	99.0	0.342999995	359.0	0.0	0.0	0.0	0.0399999991	2.0	0.0	24.0
721.5889919996262	0.34299999500001377	gratings	307.0	0.342999995	359.0	0.0	0.0	1.0	0.0399999991	2.0	0.0	24.0
722.2889919998124	0.34299999500001377	gratings	1367.0	0.342999995	359.0	0.0	0.0	1.0	0.0399999991	2.0	0.0	24.0
722.9889919999987	0.34299999500001377	gratings	325.0	0.342999995	359.0	0.0	0.0	1.0	0.0399999991	2.0	0.0	24.0
723.6889919992536	0.34299999500001377	gratings	911.0	0.342999995	359.0	0.0	0.0	1.0	0.0399999991	2.0	0.0	24.0
724.3889919994399	0.34299999500001377	gratings	792.0	0.342999995	359.0	0.0	0.0	1.0	0.0399999991	2.0	0.0	24.0
725.0889919996262	0.34299999500001377	gratings	1502.0	0.342999995	359.0	0.0	0.0	1.0	0.0399999991	2.0	0.0	24.0
725.7889919998124	0.34299999500001377	gratings	1299.0	0.342999995	359.0	0.0	0.0	1.0	0.0399999991	2.0	0.0	24.0
726.4889919999987	0.34299999500001377	gratings	514.0	0.342999995	359.0	0.0	0.0	1.0	0.0399999991	2.0	0.0	24.0
727.1889919992536	0.34299999500001377	gratings	547.0	0.342999995	359.0	0.0	0.0	1.0	0.0399999991	2.0	0.0	24.0
727.8889919994399	0.34299999500001377	gratings	568.0	0.342999995	359.0	0.0	0.0	1.0	0.0399999991	2.0	0.0	24.0
728.5889919996262	0.34299999500001377	gratings	1293.0	0.342999995	359.0	0.0	0.0	1.0	0.0399999991	2.0	0.0	24.0
729.2889919998124	0.34299999500001377	gratings	766.0	0.342999995	359.0	0.0	0.0	1.0	0.0399999991	2.0	0.0	24.0
729.9889919999987	0.34299999500001377	gratings	731.0	0.342999995	359.0	0.0	0.0	1.0	0.0399999991	2.0	0.0	24.0
730.6889919992536	0.34299999500001377	gratings	939.0	0.342999995	359.0	0.0	0.0	1.0	0.0399999991	2.0	0.0	24.0
731.3889919994399	0.34299999500001377	gratings	745.0	0.342999995	359.0	0.0	0.0	1.0	0.0399999991	2.0	0.0	24.0
732.0889919996262	0.34299999500001377	gratings	658.0	0.342999995	359.0	0.0	0.0	1.0	0.0399999991	2.0	0.0	24.0
732.7889919998124	0.34299999500001377	gratings	428.0	0.342999995	359.0	0.0	0.0	1.0	0.0399999991	2.0	0.0	24.0
733.4889919999987	0.34299999500001377	gratings	1065.0	0.342999995	359.0	0.0	0.0	1.0	0.0399999991	2.0	0.0	24.0
734.1889919992536	0.34299999500001377	gratings	1250.0	0.342999995	359.0	0.0	0.0	1.0	0.0399999991	2.0	0.0	24.0
734.8889919994399	0.34299999500001377	gratings	728.0	0.342999995	359.0	0.0	0.0	1.0	0.0399999991	2.0	0.0	24.0
735.5889919996262	0.34299999500001377	gratings	754.0	0.342999995	359.0	0.0	0.0	1.0	0.0399999991	2.0	0.0	24.0
736.2889919998124	0.34299999500001377	gratings	1504.0	0.342999995	359.0	0.0	0.0	1.0	0.0399999991	2.0	0.0	24.0
736.9889919999987	0.34299999500001377	gratings	373.0	0.342999995	359.0	0.0	0.0	1.0	0.0399999991	2.0	0.0	24.0
737.6889919992536	0.34299999500001377	gratings	20.0	0.342999995	359.0	0.0	0.0	1.0	0.0399999991	2.0	0.0	24.0
738.3889919994399	0.34299999500001377	gratings	1099.0	0.342999995	359.0	0.0	0.0	1.0	0.0399999991	2.0	0.0	24.0
739.0889919996262	0.34299999500001377	gratings	1111.0	0.342999995	359.0	0.0	0.0	1.0	0.0399999991	2.0	0.0	24.0
739.7889919998124	0.34299999500001377	gratings	227.0	0.342999995	359.0	0.0	0.0	1.0	0.0399999991	2.0	0.0	24.0
740.4889919999987	0.34299999500001377	gratings	1033.0	0.342999995	359.0	0.0	0.0	1.0	0.0399999991	2.0	0.0	24.0
741.1889919992536	0.34299999500001377	gratings	1074.0	0.342999995	359.0	0.0	0.0	1.0	0.0399999991	2.0	0.0	24.0
741.8889919994399	0.34299999500001377	gratings	1350.0	0.342999995	359.0	0.0	0.0	1.0	0.0399999991	2.0	0.0	24.0
742.5889919996262	0.34299999500001377	gratings	164.0	0.342999995	359.0	0.0	0.0	1.0	0.0399999991	2.0	0.0	24.0
743.2889919998124	0.34299999500001377	gratings	683.0	0.342999995	359.0	0.0	0.0	1.0	0.0399999991	2.0	0.0	24.0
743.9889919999987	0.34299999500001377	gratings	438.0	0.342999995	359.0	0.0	0.0	1.0	0.0399999991	2.0	0.0	24.0
744.6889919992536	0.34299999500001377	gratings	1427.0	0.342999995	359.0	0.0	0.0	1.0	0.0399999991	2.0	0.0	24.0
745.3889919994399	0.34299999500001377	gratings	945.0	0.342999995	359.0	0.0	0.0	1.0	0.0399999991	2.0	0.0	24.0
746.0889919996262	0.34299999500001377	gratings	526.0	0.342999995	359.0	0.0	0.0	1.0	0.0399999991	2.0	0.0	24.0
746.7889919998124	0.34299999500001377	gratings	139.0	0.342999995	359.0	0.0	0.0	0.0	0.0399999991	2.0	0.0	24.0
747.4889919999987	0.34299999500001377	gratings	406.0	0.342999995	359.0	0.0	0.0	1.0	0.0399999991	2.0	0.0	24.0
748.1889919992536	0.34299999500001377	gratings	291.0	0.342999995	359.0	0.0	0.0	1.0	0.0399999991	2.0	0.0	24.0
748.8889919994399	0.34299999500001377	gratings	1197.0	0.342999995	359.0	0.0	0.0	1.0	0.0399999991	2.0	0.0	24.0
749.5889919996262	0.34299999500001377	gratings	422.0	0.342999995	359.0	0.0	0.0	1.0	0.0399999991	2.0	0.0	24.0
750.2889919998124	0.34299999500001377	gratings	714.0	0.342999995	359.0	0.0	0.0	1.0	0.0399999991	2.0	0.0	-1.0
750.9889919999987	0.34299999500001377	gratings	852.0	0.342999995	359.0	0.0	0.0	1.0	0.0399999991	2.0	0.0	25.0
751.6889919992536	0.34299999500001377	gratings	994.0	0.342999995	359.0	0.0	0.0	1.0	0.0399999991	2.0	0.0	25.0
752.3889919994399	0.34299999500001377	gratings	423.0	0.342999995	359.0	0.0	0.0	1.0	0.0399999991	2.0	0.0	25.0
753.0889919996262	0.34299999500001377	gratings	435.0	0.342999995	359.0	0.0	0.0	1.0	0.0399999991	2.0	0.0	25.0
753.7889919998124	0.34299999500001377	gratings	220.0	0.342999995	359.0	0.0	0.0	1.0	0.0399999991	2.0	0.0	25.0
754.4889919999987	0.34299999500001377	gratings	954.0	0.342999995	359.0	0.0	0.0	1.0	0.0399999991	2.0	0.0	25.0
755.1889919992536	0.34299999500001377	gratings	248.0	0.342999995	359.0	0.0	0.0	1.0	0.0399999991	2.0	0.0	25.0
755.8889919994399	0.34299999500001377	gratings	765.0	0.342999995	359.0	0.0	0.0	1.0	0.0399999991	2.0	0.0	25.0
756.5889919996262	0.34299999500001377	gratings	1446.0	0.342999995	359.0	0.0	0.0	1.0	0.0399999991	2.0	0.0	25.0
757.2889919998124	0.34299999500001377	gratings	817.0	0.342999995	359.0	0.0	0.0	1.0	0.0399999991	2.0	0.0	25.0
757.9889919999987	0.34299999500001377	gratings	916.0	0.342999995	359.0	0.0	0.0	1.0	0.0399999991	2.0	0.0	25.0
758.6889919992536	0.34299999500001377	gratings	882.0	0.342999995	359.0	0.0	0.0	1.0	0.0399999991	2.0	0.0	25.0
759.3889919994399	0.34299999500001377	gratings	348.0	0.342999995	359.0	0.0	0.0	1.0	0.0399999991	2.0	0.0	25.0
760.0889919996262	0.34299999500001377	gratings	1242.0	0.342999995	359.0	0.0	0.0	1.0	0.0399999991	2.0	0.0	25.0
760.7889919998124	0.34299999500001377	gratings	419.0	0.342999995	359.0	0.0	0.0	1.0	0.0399999991	2.0	0.0	25.0
761.4889919999987	0.34299999500001377	gratings	966.0	0.342999995	359.0	0.0	0.0	1.0	0.0399999991	2.0	0.0	25.0
762.1889919992536	0.34299999500001377	gratings	1497.0	0.342999995	359.0	0.0	0.0	1.0	0.0399999991	2.0	0.0	25.0
762.8889919994399	0.34299999500001377	gratings	1089.0	0.342999995	359.0	0.0	0.0	1.0	0.0399999991	2.0	0.0	25.0
763.5889919996262	0.34299999500001377	gratings	742.0	0.342999995	359.0	0.0	0.0	1.0	0.0399999991	2.0	0.0	25.0
764.2889919998124	0.34299999500001377	gratings	825.0	0.342999995	359.0	0.0	0.0	1.0	0.0399999991	2.0	0.0	25.0
764.9889919999987	0.34299999500001377	gratings	203.0	0.342999995	359.0	0.0	0.0	1.0	0.0399999991	2.0	0.0	25.0
765.6889919992536	0.34299999500001377	gratings	433.0	0.342999995	359.0	0.0	0.0	1.0	0.0399999991	2.0	0.0	25.0
766.3889919994399	0.34299999500001377	gratings	1147.0	0.342999995	359.0	0.0	0.0	1.0	0.0399999991	2.0	0.0	25.0
767.0889919996262	0.34299999500001377	gratings	279.0	0.342999995	359.0	0.0	0.0	1.0	0.0399999991	2.0	0.0	25.0
767.7889919998124	0.34299999500001377	gratings	1210.0	0.342999995	359.0	0.0	0.0	1.0	0.0399999991	2.0	0.0	25.0
768.4889919999987	0.34299999500001377	gratings	410.0	0.342999995	359.0	0.0	0.0	1.0	0.0399999991	2.0	0.0	25.0
769.1889919992536	0.34299999500001377	gratings	241.0	0.342999995	359.0	0.0	0.0	1.0	0.0399999991	2.0	0.0	25.0
769.8889919994399	0.34299999500001377	gratings	769.0	0.342999995	359.0	0.0	0.0	1.0	0.0399999991	2.0	0.0	25.0
770.5889919996262	0.34299999500001377	gratings	593.0	0.342999995	359.0	0.0	0.0	1.0	0.0399999991	2.0	0.0	25.0
771.2889919998124	0.34299999500001377	gratings	833.0	0.342999995	359.0	0.0	0.0	1.0	0.0399999991	2.0	0.0	25.0
771.9889919999987	0.34299999500001377	gratings	417.0	0.342999995	359.0	0.0	0.0	1.0	0.0399999991	2.0	0.0	25.0
772.6889919992536	0.34299999500001377	gratings	698.0	0.342999995	359.0	0.0	0.0	1.0	0.0399999991	2.0	0.0	25.0
773.3889919994399	0.34299999500001377	gratings	799.0	0.342999995	359.0	0.0	0.0	1.0	0.0399999991	2.0	0.0	25.0
774.1060159998015	0.34299999500001377	gratings	1072.0	0.342999995	359.0	0.0	0.0	1.0	0.0399999991	2.0	0.0	25.0
774.8060159999877	0.34299999500001377	gratings	1193.0	0.342999995	359.0	0.0	0.0	1.0	0.0399999991	2.0	0.0	25.0
775.5060159992427	0.34299999500001377	gratings	1183.0	0.342999995	359.0	0.0	0.0	1.0	0.0399999991	2.0	0.0	25.0
776.2060159994289	0.34299999500001377	gratings	1464.0	0.342999995	359.0	0.0	0.0	1.0	0.0399999991	2.0	0.0	25.0
776.9060159996152	0.34299999500001377	gratings	685.0	0.342999995	359.0	0.0	0.0	1.0	0.0399999991	2.0	0.0	25.0
777.6060159998015	0.34299999500001377	gratings	6.0	0.342999995	359.0	0.0	0.0	1.0	0.0399999991	2.0	0.785398185	25.0
778.3060159999877	0.34299999500001377	gratings	424.0	0.342999995	359.0	0.0	0.0	1.0	0.0399999991	2.0	0.0	25.0
779.0060159992427	0.34299999500001377	gratings	604.0	0.342999995	359.0	0.0	0.0	1.0	0.0399999991	2.0	0.0	25.0
779.7060159994289	0.34299999500001377	gratings	1443.0	0.342999995	359.0	0.0	0.0	1.0	0.0399999991	2.0	0.0	25.0
780.4060159996152	0.34299999500001377	gratings	318.0	0.342999995	359.0	0.0	0.0	1.0	0.0399999991	2.0	0.0	-1.0
781.1060159998015	0.34299999500001377	gratings	13.0	0.342999995	359.0	0.0	0.0	1.0	0.0399999991	2.0	0.0	26.0
781.8060159999877	0.34299999500001377	gratings	1347.0	0.342999995	359.0	0.0	0.0	1.0	0.0399999991	2.0	0.0	26.0
782.5060159992427	0.34299999500001377	gratings	392.0	0.342999995	359.0	0.0	0.0	1.0	0.0399999991	2.0	0.0	26.0
783.2060159994289	0.34299999500001377	gratings	334.0	0.342999995	359.0	0.0	0.0	1.0	0.0399999991	2.0	0.0	26.0
783.9060159996152	0.34299999500001377	gratings	569.0	0.342999995	359.0	0.0	0.0	1.0	0.0399999991	2.0	0.0	26.0
784.6060159998015	0.34299999500001377	gratings	855.0	0.342999995	359.0	0.0	0.0	1.0	0.0399999991	2.0	0.0	26.0
785.3060159999877	0.34299999500001377	gratings	1314.0	0.342999995	359.0	0.0	0.0	1.0	0.0399999991	2.0	0.0	26.0
786.0060159992427	0.34299999500001377	gratings	224.0	0.342999995	359.0	0.0	0.0	1.0	0.0399999991	2.0	0.0	26.0
786.7060159994289	0.34299999500001377	gratings	603.0	0.342999995	359.0	0.0	0.0	1.0	0.0399999991	2.0	0.0	26.0
787.4060159996152	0.34299999500001377	gratings	337.0	0.342999995	359.0	0.0	0.0	1.0	0.0399999991	2.0	0.0	26.0
788.1060159998015	0.34299999500001377	gratings	496.0	0.342999995	359.0	0.0	0.0	1.0	0.0399999991	2.0	0.0	26.0
788.8060159999877	0.34299999500001377	gratings	1152.0	0.342999995	359.0	0.0	0.0	1.0	0.0399999991	2.0	0.0	26.0
789.5060159992427	0.34299999500001377	gratings	1196.0	0.342999995	359.0	0.0	0.0	1.0	0.0399999991	2.0	0.0	26.0
790.2060159994289	0.34299999500001377	gratings	143.0	0.342999995	359.0	0.0	0.0	1.0	0.0399999991	2.0	0.0	26.0
790.9060159996152	0.34299999500001377	gratings	952.0	0.342999995	359.0	0.0	0.0	1.0	0.0399999991	2.0	0.0	26.0
791.6060159998015	0.34299999500001377	gratings	1244.0	0.342999995	359.0	0.0	0.0	1.0	0.0399999991	2.0	0.0	26.0
792.3060159999877	0.34299999500001377	gratings	1460.0	0.342999995	359.0	0.0	0.0	1.0	0.0399999991	2.0	0.0	26.0
793.0060159992427	0.34299999500001377	gratings	2.0	0.342999995	359.0	0.0	0.0	1.0	0.0399999991	2.0	1.57079637	26.0
793.7060159994289	0.34299999500001377	gratings	1281.0	0.342999995	359.0	0.0	0.0	1.0	0.0399999991	2.0	0.0	26.0
794.4060159996152	0.34299999500001377	gratings	1290.0	0.342999995	359.0	0.0	0.0	1.0	0.0399999991	2.0	0.0	26.0
795.1060159998015	0.34299999500001377	gratings	184.0	0.342999995	359.0	0.0	0.0	1.0	0.0399999991	2.0	0.0	26.0
795.8060159999877	0.34299999500001377	gratings	270.0	0.342999995	359.0	0.0	0.0	1.0	0.0399999991	2.0	0.0	26.0
796.5060159992427	0.34299999500001377	gratings	1268.0	0.342999995	359.0	0.0	0.0	1.0	0.0399999991	2.0	0.0	26.0
797.2060159994289	0.34299999500001377	gratings	1140.0	0.342999995	359.0	0.0	0.0	1.0	0.0399999991	2.0	0.0	26.0
797.9060159996152	0.34299999500001377	gratings	592.0	0.342999995	359.0	0.0	0.0	1.0	0.0399999991	2.0	0.0	26.0
798.6060159998015	0.34299999500001377	gratings	1081.0	0.342999995	359.0	0.0	0.0	1.0	0.0399999991	2.0	0.0	26.0
799.3060159999877	0.34299999500001377	gratings	887.0	0.342999995	359.0	0.0	0.0	1.0	0.0399999991	2.0	0.0	26.0
800.0060159992427	0.34299999500001377	gratings	1510.0	0.342999995	359.0	0.0	0.0	1.0	0.0399999991	2.0	0.0	26.0
800.7060159994289	0.34299999500001377	gratings	832.0	0.342999995	359.0	0.0	0.0	1.0	0.0399999991	2.0	0.0	26.0
801.4060159996152	0.34299999500001377	gratings	913.0	0.342999995	359.0	0.0	0.0	1.0	0.0399999991	2.0	0.0	26.0
802.1060159998015	0.34299999500001377	gratings	1416.0	0.342999995	359.0	0.0	0.0	1.0	0.0399999991	2.0	0.0	26.0
802.8060159999877	0.34299999500001377	gratings	949.0	0.342999995	359.0	0.0	0.0	1.0	0.0399999991	2.0	0.0	26.0
803.5060159992427	0.34299999500001377	gratings	989.0	0.342999995	359.0	0.0	0.0	1.0	0.0399999991	2.0	0.0	26.0
804.2060159994289	0.34299999500001377	gratings	1175.0	0.342999995	359.0	0.0	0.0	1.0	0.0399999991	2.0	0.0	26.0
804.9060159996152	0.34299999500001377	gratings	309.0	0.342999995	359.0	0.0	0.0	1.0	0.0399999991	2.0	0.0	26.0
805.6060159998015	0.34299999500001377	gratings	1085.0	0.342999995	359.0	0.0	0.0	1.0	0.0399999991	2.0	0.0	26.0
806.3060159999877	0.34299999500001377	gratings	1525.0	0.342999995	359.0	0.0	0.0	1.0	0.0399999991	2.0	0.0	26.0
807.0060159992427	0.34299999500001377	gratings	1418.0	0.342999995	359.0	0.0	0.0	1.0	0.0399999991	2.0	0.0	26.0
807.7060159994289	0.34299999500001377	gratings	1038.0	0.342999995	359.0	0.0	0.0	1.0	0.0399999991	2.0	0.0	26.0
808.4060159996152	0.34299999500001377	gratings	1118.0	0.342999995	359.0	0.0	0.0	1.0	0.0399999991	2.0	0.0	26.0
809.1060159998015	0.34299999500001377	gratings	661.0	0.342999995	359.0	0.0	0.0	1.0	0.0399999991	2.0	0.0	26.0
809.8060159999877	0.34299999500001377	gratings	41.0	0.342999995	359.0	0.0	0.0	1.0	0.0399999991	2.0	0.785398185	26.0
810.5060159992427	0.34299999500001377	gratings	918.0	0.342999995	359.0	0.0	0.0	1.0	0.0399999991	2.0	0.0	-1.0
811.2060159994289	0.34299999500001377	gratings	208.0	0.342999995	359.0	0.0	0.0	1.0	0.0399999991	2.0	0.0	27.0
811.9060159996152	0.34299999500001377	gratings	975.0	0.342999995	359.0	0.0	0.0	1.0	0.0399999991	2.0	0.0	27.0
812.6060159998015	0.34299999500001377	gratings	715.0	0.342999995	359.0	0.0	0.0	1.0	0.0399999991	2.0	0.0	27.0
813.3060159999877	0.34299999500001377	gratings	1199.0	0.342999995	359.0	0.0	0.0	1.0	0.0399999991	2.0	0.0	27.0
814.0060159992427	0.34299999500001377	gratings	1273.0	0.342999995	359.0	0.0	0.0	1.0	0.0399999991	2.0	0.0	27.0
814.7060159994289	0.34299999500001377	gratings	1509.0	0.342999995	359.0	0.0	0.0	1.0	0.0399999991	2.0	0.0	27.0
815.4060159996152	0.34299999500001377	gratings	1102.0	0.342999995	359.0	0.0	0.0	1.0	0.0399999991	2.0	0.0	27.0
816.1060159998015	0.34299999500001377	gratings	730.0	0.342999995	359.0	0.0	0.0	1.0	0.0399999991	2.0	0.0	27.0
816.8070080000907	0.34299999500001377	gratings	178.0	0.342999995	359.0	0.0	0.0	1.0	0.0399999991	2.0	0.0	27.0
817.5060159992427	0.34299999500001377	gratings	670.0	0.342999995	359.0	0.0	0.0	1.0	0.0399999991	2.0	0.0	27.0
818.2060159994289	0.34299999500001377	gratings	1438.0	0.342999995	359.0	0.0	0.0	1.0	0.0399999991	2.0	0.0	27.0
818.9060159996152	0.34299999500001377	gratings	37.0	0.342999995	359.0	0.0	0.0	1.0	0.0399999991	2.0	1.57079637	27.0
819.6060159998015	0.34299999500001377	gratings	1403.0	0.342999995	359.0	0.0	0.0	1.0	0.0399999991	2.0	0.0	27.0
820.3060159999877	0.34299999500001377	gratings	1005.0	0.342999995	359.0	0.0	0.0	1.0	0.0399999991	2.0	0.0	27.0
821.0060159992427	0.34299999500001377	gratings	242.0	0.342999995	359.0	0.0	0.0	1.0	0.0399999991	2.0	0.0	27.0
821.7060159994289	0.34299999500001377	gratings	448.0	0.342999995	359.0	0.0	0.0	1.0	0.0399999991	2.0	0.0	27.0
822.4060159996152	0.34299999500001377	gratings	1047.0	0.342999995	359.0	0.0	0.0	1.0	0.0399999991	2.0	0.0	27.0
823.1060159998015	0.34299999500001377	gratings	1343.0	0.342999995	359.0	0.0	0.0	1.0	0.0399999991	2.0	0.0	27.0
823.8060159999877	0.34299999500001377	gratings	1079.0	0.342999995	359.0	0.0	0.0	1.0	0.0399999991	2.0	0.0	27.0
824.5060159992427	0.34299999500001377	gratings	369.0	0.342999995	359.0	0.0	0.0	1.0	0.0399999991	2.0	0.0	27.0
825.2060159994289	0.34299999500001377	gratings	559.0	0.342999995	359.0	0.0	0.0	1.0	0.0399999991	2.0	0.0	27.0
825.9060159996152	0.34299999500001377	gratings	1221.0	0.342999995	359.0	0.0	0.0	1.0	0.0399999991	2.0	0.0	27.0
826.6060159998015	0.34299999500001377	gratings	968.0	0.342999995	359.0	0.0	0.0	1.0	0.0399999991	2.0	0.0	27.0
827.3070080000907	0.34299999500001377	gratings	1213.0	0.342999995	359.0	0.0	0.0	1.0	0.0399999991	2.0	0.0	27.0
828.0070079993457	0.34299999500001377	gratings	147.0	0.342999995	359.0	0.0	0.0	1.0	0.0399999991	2.0	1.57079637	27.0
828.7060159994289	0.34299999500001377	gratings	298.0	0.342999995	359.0	0.0	0.0	1.0	0.0399999991	2.0	0.0	27.0
829.4070079997182	0.34299999500001377	gratings	967.0	0.342999995	359.0	0.0	0.0	1.0	0.0399999991	2.0	0.0	27.0
830.1070079999045	0.34299999500001377	gratings	914.0	0.342999995	359.0	0.0	0.0	1.0	0.0399999991	2.0	0.0	27.0
830.8070080000907	0.34299999500001377	gratings	156.0	0.342999995	359.0	0.0	0.0	1.0	0.0399999991	2.0	0.0	27.0
831.5070079993457	0.34299999500001377	gratings	874.0	0.342999995	359.0	0.0	0.0	1.0	0.0399999991	2.0	0.0	27.0
832.2070079995319	0.34299999500001377	gratings	447.0	0.342999995	359.0	0.0	0.0	1.0	0.0399999991	2.0	0.0	27.0
832.9070079997182	0.34299999500001377	gratings	105.0	0.342999995	359.0	0.0	0.0	1.0	0.0399999991	2.0	0.0	27.0
833.6070079999045	0.34299999500001377	gratings	1064.0	0.342999995	359.0	0.0	0.0	1.0	0.0399999991	2.0	0.0	27.0
834.3070080000907	0.34299999500001377	gratings	739.0	0.342999995	359.0	0.0	0.0	1.0	0.0399999991	2.0	0.0	27.0
835.0070079993457	0.34299999500001377	gratings	264.0	0.342999995	359.0	0.0	0.0	1.0	0.0399999991	2.0	0.0	27.0
835.7070079995319	0.34299999500001377	gratings	420.0	0.342999995	359.0	0.0	0.0	1.0	0.0399999991	2.0	0.0	27.0
836.4070079997182	0.34299999500001377	gratings	776.0	0.342999995	359.0	0.0	0.0	1.0	0.0399999991	2.0	0.0	27.0
837.1070079999045	0.34299999500001377	gratings	866.0	0.342999995	359.0	0.0	0.0	1.0	0.0399999991	2.0	0.0	27.0
837.8070080000907	0.34299999500001377	gratings	1366.0	0.342999995	359.0	0.0	0.0	1.0	0.0399999991	2.0	0.0	27.0
838.5070079993457	0.34299999500001377	gratings	960.0	0.342999995	359.0	0.0	0.0	1.0	0.0399999991	2.0	0.0	27.0
839.2070079995319	0.34299999500001377	gratings	1405.0	0.342999995	359.0	0.0	0.0	1.0	0.0399999991	2.0	0.0	27.0
839.9070079997182	0.34299999500001377	gratings	530.0	0.342999995	359.0	0.0	0.0	1.0	0.0399999991	2.0	0.0	27.0
840.6100159995258	0.34299999500001377	gratings	528.0	0.342999995	359.0	0.0	0.0	1.0	0.0399999991	2.0	0.0	28.0
841.3070080000907	0.34299999500001377	gratings	261.0	0.342999995	359.0	0.0	0.0	1.0	0.0399999991	2.0	0.0	28.0
842.0070079993457	0.34299999500001377	gratings	1529.0	0.342999995	359.0	0.0	0.0	1.0	0.0399999991	2.0	0.0	28.0
842.7070079995319	0.34299999500001377	gratings	86.0	0.342999995	359.0	0.0	0.0	1.0	0.0399999991	2.0	0.785398185	28.0
843.4070079997182	0.34299999500001377	gratings	154.0	0.342999995	359.0	0.0	0.0	1.0	0.0399999991	2.0	0.0	28.0
844.1070079999045	0.34299999500001377	gratings	539.0	0.342999995	359.0	0.0	0.0	1.0	0.0399999991	2.0	0.0	28.0
844.8070080000907	0.34299999500001377	gratings	1334.0	0.342999995	359.0	0.0	0.0	1.0	0.0399999991	2.0	0.0	28.0
845.5070079993457	0.34299999500001377	gratings	694.0	0.342999995	359.0	0.0	0.0	1.0	0.0399999991	2.0	0.0	28.0
846.2070079995319	0.34299999500001377	gratings	864.0	0.342999995	359.0	0.0	0.0	1.0	0.0399999991	2.0	0.0	28.0
846.9070079997182	0.34299999500001377	gratings	1254.0	0.342999995	359.0	0.0	0.0	1.0	0.0399999991	2.0	0.0	28.0
847.6070079999045	0.34299999500001377	gratings	1206.0	0.342999995	359.0	0.0	0.0	1.0	0.0399999991	2.0	0.0	28.0
848.3070080000907	0.34299999500001377	gratings	89.0	0.342999995	359.0	0.0	0.0	0.0	0.0399999991	2.0	0.0	28.0
849.0070079993457	0.34299999500001377	gratings	695.0	0.342999995	359.0	0.0	0.0	1.0	0.0399999991	2.0	0.0	28.0
849.7070079995319	0.34299999500001377	gratings	450.0	0.342999995	359.0	0.0	0.0	1.0	0.0399999991	2.0	0.0	28.0
850.4070079997182	0.34299999500001377	gratings	650.0	0.342999995	359.0	0.0	0.0	1.0	0.0399999991	2.0	0.0	28.0
851.1070079999045	0.34299999500001377	gratings	1054.0	0.342999995	359.0	0.0	0.0	1.0	0.0399999991	2.0	0.0	28.0
851.8070080000907	0.34299999500001377	gratings	727.0	0.342999995	359.0	0.0	0.0	1.0	0.0399999991	2.0	0.0	28.0
852.5070079993457	0.34299999500001377	gratings	1178.0	0.342999995	359.0	0.0	0.0	1.0	0.0399999991	2.0	0.0	28.0
853.2070079995319	0.34299999500001377	gratings	1126.0	0.342999995	359.0	0.0	0.0	1.0	0.0399999991	2.0	0.0	28.0
853.9070079997182	0.34299999500001377	gratings	1436.0	0.342999995	359.0	0.0	0.0	1.0	0.0399999991	2.0	0.0	28.0
854.6070079999045	0.34299999500001377	gratings	152.0	0.342999995	359.0	0.0	0.0	1.0	0.0399999991	2.0	0.0	28.0
855.3070080000907	0.34299999500001377	gratings	1512.0	0.342999995	359.0	0.0	0.0	1.0	0.0399999991	2.0	0.0	28.0
856.0070079993457	0.34299999500001377	gratings	903.0	0.342999995	359.0	0.0	0.0	1.0	0.0399999991	2.0	0.0	28.0
856.7070079995319	0.34299999500001377	gratings	50.0	0.342999995	359.0	0.0	0.0	1.0	0.0399999991	2.0	0.0	28.0
857.4070079997182	0.34299999500001377	gratings	1508.0	0.342999995	359.0	0.0	0.0	1.0	0.0399999991	2.0	0.0	28.0
858.1070079999045	0.34299999500001377	gratings	744.0	0.342999995	359.0	0.0	0.0	1.0	0.0399999991	2.0	0.0	28.0
858.8070080000907	0.34299999500001377	gratings	1519.0	0.342999995	359.0	0.0	0.0	1.0	0.0399999991	2.0	0.0	28.0
859.5070079993457	0.34299999500001377	gratings	1142.0	0.342999995	359.0	0.0	0.0	1.0	0.0399999991	2.0	0.0	28.0
860.2070079995319	0.34299999500001377	gratings	654.0	0.342999995	359.0	0.0	0.0	1.0	0.0399999991	2.0	0.0	28.0
860.9070079997182	0.34299999500001377	gratings	616.0	0.342999995	359.0	0.0	0.0	1.0	0.0399999991	2.0	0.0	28.0
861.6070079999045	0.34299999500001377	gratings	870.0	0.342999995	359.0	0.0	0.0	1.0	0.0399999991	2.0	0.0	28.0
862.3070080000907	0.34299999500001377	gratings	1249.0	0.342999995	359.0	0.0	0.0	1.0	0.0399999991	2.0	0.0	28.0
863.0070079993457	0.34299999500001377	gratings	573.0	0.342999995	359.0	0.0	0.0	1.0	0.0399999991	2.0	0.0	28.0
863.7070079995319	0.34299999500001377	gratings	697.0	0.342999995	359.0	0.0	0.0	1.0	0.0399999991	2.0	0.0	28.0
864.4070079997182	0.34299999500001377	gratings	312.0	0.342999995	359.0	0.0	0.0	1.0	0.0399999991	2.0	0.0	28.0
865.1070079999045	0.34299999500001377	gratings	972.0	0.342999995	359.0	0.0	0.0	1.0	0.0399999991	2.0	0.0	28.0
865.8070080000907	0.34299999500001377	gratings	151.0	0.342999995	359.0	0.0	0.0	1.0	0.0399999991	2.0	0.0	28.0
866.5070079993457	0.34299999500001377	gratings	1487.0	0.342999995	359.0	0.0	0.0	1.0	0.0399999991	2.0	0.0	28.0
867.2070079995319	0.34299999500001377	gratings	1399.0	0.342999995	359.0	0.0	0.0	1.0	0.0399999991	2.0	0.0	28.0
867.9070079997182	0.34299999500001377	gratings	490.0	0.342999995	359.0	0.0	0.0	1.0	0.0399999991	2.0	0.0	28.0
868.6070079999045	0.34299999500001377	gratings	377.0	0.342999995	359.0	0.0	0.0	1.0	0.0399999991	2.0	0.0	28.0
869.3070080000907	0.34299999500001377	gratings	751.0	0.342999995	359.0	0.0	0.0	1.0	0.0399999991	2.0	0.0	28.0
870.0070079993457	0.34299999500001377	gratings	881.0	0.342999995	359.0	0.0	0.0	1.0	0.0399999991	2.0	0.0	28.0
870.7070079995319	0.34299999500001377	gratings	837.0	0.342999995	359.0	0.0	0.0	1.0	0.0399999991	2.0	0.0	29.0
871.4070079997182	0.34299999500001377	gratings	186.0	0.342999995	359.0	0.0	0.0	1.0	0.0399999991	2.0	0.0	29.0
872.1070079999045	0.34299999500001377	gratings	194.0	0.342999995	359.0	0.0	0.0	1.0	0.0399999991	2.0	0.0	29.0
872.8070080000907	0.34299999500001377	gratings	1311.0	0.342999995	359.0	0.0	0.0	1.0	0.0399999991	2.0	0.0	29.0
873.5070079993457	0.34299999500001377	gratings	888.0	0.342999995	359.0	0.0	0.0	1.0	0.0399999991	2.0	0.0	29.0
874.2070079995319	0.34299999500001377	gratings	1239.0	0.342999995	359.0	0.0	0.0	1.0	0.0399999991	2.0	0.0	29.0
874.9070079997182	0.34299999500001377	gratings	853.0	0.342999995	359.0	0.0	0.0	1.0	0.0399999991	2.0	0.0	29.0
875.6070079999045	0.34299999500001377	gratings	692.0	0.342999995	359.0	0.0	0.0	1.0	0.0399999991	2.0	0.0	29.0
876.3070080000907	0.34299999500001377	gratings	73.0	0.342999995	359.0	0.0	0.0	1.0	0.0399999991	2.0	0.0	29.0
877.0070079993457	0.34299999500001377	gratings	923.0	0.342999995	359.0	0.0	0.0	1.0	0.0399999991	2.0	0.0	29.0
877.7070079995319	0.34299999500001377	gratings	1375.0	0.342999995	359.0	0.0	0.0	1.0	0.0399999991	2.0	0.0	29.0
878.4070079997182	0.34299999500001377	gratings	1475.0	0.342999995	359.0	0.0	0.0	1.0	0.0399999991	2.0	0.0	29.0
879.1070079999045	0.34299999500001377	gratings	920.0	0.342999995	359.0	0.0	0.0	1.0	0.0399999991	2.0	0.0	29.0
879.8070080000907	0.34299999500001377	gratings	912.0	0.342999995	359.0	0.0	0.0	1.0	0.0399999991	2.0	0.0	29.0
880.5070079993457	0.34299999500001377	gratings	922.0	0.342999995	359.0	0.0	0.0	1.0	0.0399999991	2.0	0.0	29.0
881.2070079995319	0.34299999500001377	gratings	858.0	0.342999995	359.0	0.0	0.0	1.0	0.0399999991	2.0	0.0	29.0
881.9070079997182	0.34299999500001377	gratings	1397.0	0.342999995	359.0	0.0	0.0	1.0	0.0399999991	2.0	0.0	29.0
882.6070079999045	0.34299999500001377	gratings	231.0	0.342999995	359.0	0.0	0.0	1.0	0.0399999991	2.0	0.0	29.0
883.3070080000907	0.34299999500001377	gratings	904.0	0.342999995	359.0	0.0	0.0	1.0	0.0399999991	2.0	0.0	29.0
884.0070079993457	0.34299999500001377	gratings	330.0	0.342999995	359.0	0.0	0.0	1.0	0.0399999991	2.0	0.0	29.0
884.7070079995319	0.34299999500001377	gratings	1069.0	0.342999995	359.0	0.0	0.0	1.0	0.0399999991	2.0	0.0	29.0
885.4070079997182	0.34299999500001377	gratings	876.0	0.342999995	359.0	0.0	0.0	1.0	0.0399999991	2.0	0.0	29.0
886.1070079999045	0.34299999500001377	gratings	408.0	0.342999995	359.0	0.0	0.0	1.0	0.0399999991	2.0	0.0	29.0
886.8070080000907	0.34299999500001377	gratings	18.0	0.342999995	359.0	0.0	0.0	1.0	0.0399999991	2.0	0.0	29.0
887.5070079993457	0.34299999500001377	gratings	397.0	0.342999995	359.0	0.0	0.0	1.0	0.0399999991	2.0	0.0	29.0
888.2070079995319	0.34299999500001377	gratings	1499.0	0.342999995	359.0	0.0	0.0	1.0	0.0399999991	2.0	0.0	29.0
888.9070079997182	0.34299999500001377	gratings	1042.0	0.342999995	359.0	0.0	0.0	1.0	0.0399999991	2.0	0.0	29.0
889.6070079999045	0.34299999500001377	gratings	725.0	0.342999995	359.0	0.0	0.0	1.0	0.0399999991	2.0	0.0	29.0
890.3070080000907	0.34299999500001377	gratings	1301.0	0.342999995	359.0	0.0	0.0	1.0	0.0399999991	2.0	0.0	29.0
891.0070079993457	0.34299999500001377	gratings	1532.0	0.342999995	359.0	0.0	0.0	1.0	0.0399999991	2.0	0.0	29.0
891.7070079995319	0.34299999500001377	gratings	950.0	0.342999995	359.0	0.0	0.0	1.0	0.0399999991	2.0	0.0	29.0
892.4070079997182	0.34299999500001377	gratings	1057.0	0.342999995	359.0	0.0	0.0	1.0	0.0399999991	2.0	0.0	29.0
893.1070079999045	0.34299999500001377	gratings	104.0	0.342999995	359.0	0.0	0.0	0.0	0.0399999991	2.0	0.0	29.0
893.8070080000907	0.34299999500001377	gratings	100.0	0.342999995	359.0	0.0	0.0	1.0	0.0399999991	2.0	0.0	29.0
894.5070079993457	0.34299999500001377	gratings	1363.0	0.342999995	359.0	0.0	0.0	1.0	0.0399999991	2.0	0.0	29.0
895.2070079995319	0.34299999500001377	gratings	1304.0	0.342999995	359.0	0.0	0.0	1.0	0.0399999991	2.0	0.0	29.0
895.9070079997182	0.34299999500001377	gratings	36.0	0.342999995	359.0	0.0	0.0	1.0	0.0399999991	2.0	0.785398185	29.0
896.6070079999045	0.34299999500001377	gratings	458.0	0.342999995	359.0	0.0	0.0	1.0	0.0399999991	2.0	0.0	29.0
897.3070080000907	0.34299999500001377	gratings	1371.0	0.342999995	359.0	0.0	0.0	1.0	0.0399999991	2.0	0.0	29.0
898.0070079993457	0.34299999500001377	gratings	782.0	0.342999995	359.0	0.0	0.0	1.0	0.0399999991	2.0	0.0	29.0
898.7070079995319	0.34299999500001377	gratings	461.0	0.342999995	359.0	0.0	0.0	1.0	0.0399999991	2.0	0.0	29.0
899.4070079997182	0.34299999500001377	gratings	48.0	0.342999995	359.0	0.0	0.0	1.0	0.0399999991	2.0	0.0	29.0
900.1070079999045	0.34299999500001377	gratings	396.0	0.342999995	359.0	0.0	0.0	1.0	0.0399999991	2.0	0.0	-1.0
900.8070080000907	0.34299999500001377	gratings	1012.0	0.342999995	359.0	0.0	0.0	1.0	0.0399999991	2.0	0.0	30.0
901.5070079993457	0.34299999500001377	gratings	1046.0	0.342999995	359.0	0.0	0.0	1.0	0.0399999991	2.0	0.0	30.0
902.2070079995319	0.34299999500001377	gratings	1013.0	0.342999995	359.0	0.0	0.0	1.0	0.0399999991	2.0	0.0	30.0
902.9070079997182	0.34299999500001377	gratings	835.0	0.342999995	359.0	0.0	0.0	1.0	0.0399999991	2.0	0.0	30.0
903.6070079999045	0.34299999500001377	gratings	393.0	0.342999995	359.0	0.0	0.0	1.0	0.0399999991	2.0	0.0	30.0
904.3070080000907	0.34299999500001377	gratings	1045.0	0.342999995	359.0	0.0	0.0	1.0	0.0399999991	2.0	0.0	30.0
905.0070079993457	0.34299999500001377	gratings	211.0	0.342999995	359.0	0.0	0.0	1.0	0.0399999991	2.0	0.0	30.0
905.7070079995319	0.34299999500001377	gratings	195.0	0.342999995	359.0	0.0	0.0	1.0	0.0399999991	2.0	0.0	30.0
906.4070079997182	0.34299999500001377	gratings	747.0	0.342999995	359.0	0.0	0.0	1.0	0.0399999991	2.0	0.0	30.0
907.1070079999045	0.34299999500001377	gratings	609.0	0.342999995	359.0	0.0	0.0	1.0	0.0399999991	2.0	0.0	30.0
907.8070080000907	0.34299999500001377	gratings	1520.0	0.342999995	359.0	0.0	0.0	1.0	0.0399999991	2.0	0.0	30.0
908.5070079993457	0.34299999500001377	gratings	256.0	0.342999995	359.0	0.0	0.0	1.0	0.0399999991	2.0	0.0	30.0
909.2070079995319	0.34299999500001377	gratings	534.0	0.342999995	359.0	0.0	0.0	1.0	0.0399999991	2.0	0.0	30.0
909.9070079997182	0.34299999500001377	gratings	556.0	0.342999995	359.0	0.0	0.0	1.0	0.0399999991	2.0	0.0	30.0
910.6070079999045	0.34299999500001377	gratings	336.0	0.342999995	359.0	0.0	0.0	1.0	0.0399999991	2.0	0.0	30.0
911.3070080000907	0.34299999500001377	gratings	664.0	0.342999995	359.0	0.0	0.0	1.0	0.0399999991	2.0	0.0	30.0
912.0070079993457	0.34299999500001377	gratings	245.0	0.342999995	359.0	0.0	0.0	1.0	0.0399999991	2.0	0.0	30.0
912.7070079995319	0.34299999500001377	gratings	542.0	0.342999995	359.0	0.0	0.0	1.0	0.0399999991	2.0	0.0	30.0
913.4070079997182	0.34299999500001377	gratings	107.0	0.342999995	359.0	0.0	0.0	1.0	0.0399999991	2.0	1.57079637	30.0
914.1070079999045	0.34299999500001377	gratings	26.0	0.342999995	359.0	0.0	0.0	1.0	0.0399999991	2.0	0.785398185	30.0
914.8070080000907	0.34299999500001377	gratings	987.0	0.342999995	359.0	0.0	0.0	1.0	0.0399999991	2.0	0.0	30.0
915.5070079993457	0.34299999500001377	gratings	225.0	0.342999995	359.0	0.0	0.0	1.0	0.0399999991	2.0	0.0	30.0
916.2070079995319	0.34299999500001377	gratings	1283.0	0.342999995	359.0	0.0	0.0	1.0	0.0399999991	2.0	0.0	30.0
916.9070079997182	0.34299999500001377	gratings	1496.0	0.342999995	359.0	0.0	0.0	1.0	0.0399999991	2.0	0.0	30.0
917.6070079999045	0.34299999500001377	gratings	761.0	0.342999995	359.0	0.0	0.0	1.0	0.0399999991	2.0	0.0	30.0
918.3070080000907	0.34299999500001377	gratings	503.0	0.342999995	359.0	0.0	0.0	1.0	0.0399999991	2.0	0.0	30.0
919.0070079993457	0.34299999500001377	gratings	119.0	0.342999995	359.0	0.0	0.0	0.0	0.0399999991	2.0	0.0	30.0
919.7070079995319	0.34299999500001377	gratings	499.0	0.342999995	359.0	0.0	0.0	1.0	0.0399999991	2.0	0.0	30.0
920.4070079997182	0.34299999500001377	gratings	459.0	0.342999995	359.0	0.0	0.0	1.0	0.0399999991	2.0	0.0	30.0
921.1070079999045	0.34299999500001377	gratings	787.0	0.342999995	359.0	0.0	0.0	1.0	0.0399999991	2.0	0.0	30.0
921.8070080000907	0.34299999500001377	gratings	543.0	0.342999995	359.0	0.0	0.0	1.0	0.0399999991	2.0	0.0	30.0
922.5070079993457	0.34299999500001377	gratings	1327.0	0.342999995	359.0	0.0	0.0	1.0	0.0399999991	2.0	0.0	30.0
923.2070079995319	0.34299999500001377	gratings	628.0	0.342999995	359.0	0.0	0.0	1.0	0.0399999991	2.0	0.0	30.0
923.9070079997182	0.34299999500001377	gratings	1154.0	0.342999995	359.0	0.0	0.0	1.0	0.0399999991	2.0	0.0	30.0
924.6070079999045	0.34299999500001377	gratings	600.0	0.342999995	359.0	0.0	0.0	1.0	0.0399999991	2.0	0.0	30.0
925.3070080000907	0.34299999500001377	gratings	310.0	0.342999995	359.0	0.0	0.0	1.0	0.0399999991	2.0	0.0	30.0
926.0070079993457	0.34299999500001377	gratings	1131.0	0.342999995	359.0	0.0	0.0	1.0	0.0399999991	2.0	0.0	30.0
926.7070079995319	0.34299999500001377	gratings	623.0	0.342999995	359.0	0.0	0.0	1.0	0.0399999991	2.0	0.0	30.0
927.4070079997182	0.34299999500001377	gratings	1468.0	0.342999995	359.0	0.0	0.0	1.0	0.0399999991	2.0	0.0	30.0
928.1070079999045	0.34299999500001377	gratings	72.0	0.342999995	359.0	0.0	0.0	1.0	0.0399999991	2.0	1.57079637	30.0
928.8070080000907	0.34299999500001377	gratings	1073.0	0.342999995	359.0	0.0	0.0	1.0	0.0399999991	2.0	0.0	30.0
929.5070079993457	0.34299999500001377	gratings	1286.0	0.342999995	359.0	0.0	0.0	1.0	0.0399999991	2.0	0.0	30.0
930.2070079995319	0.34299999500001377	gratings	890.0	0.342999995	359.0	0.0	0.0	1.0	0.0399999991	2.0	0.0	-1.0
930.9070079997182	0.34299999500001377	gratings	1292.0	0.342999995	359.0	0.0	0.0	1.0	0.0399999991	2.0	0.0	31.0
931.6070079999045	0.34299999500001377	gratings	1082.0	0.342999995	359.0	0.0	0.0	1.0	0.0399999991	2.0	0.0	31.0
932.3070080000907	0.34299999500001377	gratings	1429.0	0.342999995	359.0	0.0	0.0	1.0	0.0399999991	2.0	0.0	31.0
933.0070079993457	0.34299999500001377	gratings	1149.0	0.342999995	359.0	0.0	0.0	1.0	0.0399999991	2.0	0.0	31.0
933.7070079995319	0.34299999500001377	gratings	163.0	0.342999995	359.0	0.0	0.0	1.0	0.0399999991	2.0	0.0	31.0
934.4070079997182	0.34299999500001377	gratings	505.0	0.342999995	359.0	0.0	0.0	1.0	0.0399999991	2.0	0.0	31.0
935.1070079999045	0.34299999500001377	gratings	709.0	0.342999995	359.0	0.0	0.0	1.0	0.0399999991	2.0	0.0	31.0
935.8070080000907	0.34299999500001377	gratings	29.0	0.342999995	359.0	0.0	0.0	0.0	0.0399999991	2.0	0.0	31.0
936.5070079993457	0.34299999500001377	gratings	1527.0	0.342999995	359.0	0.0	0.0	1.0	0.0399999991	2.0	0.0	31.0
937.2070079995319	0.34299999500001377	gratings	829.0	0.342999995	359.0	0.0	0.0	1.0	0.0399999991	2.0	0.0	31.0
937.9070079997182	0.34299999500001377	gratings	1488.0	0.342999995	359.0	0.0	0.0	1.0	0.0399999991	2.0	0.0	31.0
938.6070079999045	0.34299999500001377	gratings	1209.0	0.342999995	359.0	0.0	0.0	1.0	0.0399999991	2.0	0.0	31.0
939.3070080000907	0.34299999500001377	gratings	522.0	0.342999995	359.0	0.0	0.0	1.0	0.0399999991	2.0	0.0	31.0
940.0070079993457	0.34299999500001377	gratings	167.0	0.342999995	359.0	0.0	0.0	1.0	0.0399999991	2.0	0.0	31.0
940.7070079995319	0.34299999500001377	gratings	937.0	0.342999995	359.0	0.0	0.0	1.0	0.0399999991	2.0	0.0	31.0
941.4070079997182	0.34299999500001377	gratings	257.0	0.342999995	359.0	0.0	0.0	1.0	0.0399999991	2.0	0.0	31.0
942.1070079999045	0.34299999500001377	gratings	682.0	0.342999995	359.0	0.0	0.0	1.0	0.0399999991	2.0	0.0	31.0
942.8070080000907	0.34299999500001377	gratings	601.0	0.342999995	359.0	0.0	0.0	1.0	0.0399999991	2.0	0.0	31.0
943.5070079993457	0.34299999500001377	gratings	532.0	0.342999995	359.0	0.0	0.0	1.0	0.0399999991	2.0	0.0	31.0
944.2070079995319	0.34299999500001377	gratings	1216.0	0.342999995	359.0	0.0	0.0	1.0	0.0399999991	2.0	0.0	31.0
944.9070079997182	0.34299999500001377	gratings	285.0	0.342999995	359.0	0.0	0.0	1.0	0.0399999991	2.0	0.0	31.0
945.6070079999045	0.34299999500001377	gratings	1190.0	0.342999995	359.0	0.0	0.0	1.0	0.0399999991	2.0	0.0	31.0
946.3070080000907	0.34299999500001377	gratings	421.0	0.342999995	359.0	0.0	0.0	1.0	0.0399999991	2.0	0.0	31.0
947.0070079993457	0.34299999500001377	gratings	892.0	0.342999995	359.0	0.0	0.0	1.0	0.0399999991	2.0	0.0	31.0
947.7070079995319	0.34299999500001377	gratings	631.0	0.342999995	359.0	0.0	0.0	1.0	0.0399999991	2.0	0.0	31.0
948.4070079997182	0.34299999500001377	gratings	1174.0	0.342999995	359.0	0.0	0.0	1.0	0.0399999991	2.0	0.0	31.0
949.1070079999045	0.34299999500001377	gratings	1357.0	0.342999995	359.0	0.0	0.0	1.0	0.0399999991	2.0	0.0	31.0
949.8070080000907	0.34299999500001377	gratings	986.0	0.342999995	359.0	0.0	0.0	1.0	0.0399999991	2.0	0.0	31.0
950.5070079993457	0.34299999500001377	gratings	1513.0	0.342999995	359.0	0.0	0.0	1.0	0.0399999991	2.0	0.0	31.0
951.2070079995319	0.34299999500001377	gratings	94.0	0.342999995	359.0	0.0	0.0	0.0	0.0399999991	2.0	0.0	31.0
951.9070079997182	0.34299999500001377	gratings	4.0	0.342999995	359.0	0.0	0.0	0.0	0.0399999991	2.0	0.0	31.0
952.6070079999045	0.34299999500001377	gratings	1008.0	0.342999995	359.0	0.0	0.0	1.0	0.0399999991	2.0	0.0	31.0
953.3070080000907	0.34299999500001377	gratings	645.0	0.342999995	359.0	0.0	0.0	1.0	0.0399999991	2.0	0.0	31.0
954.0070079993457	0.34299999500001377	gratings	297.0	0.342999995	359.0	0.0	0.0	1.0	0.0399999991	2.0	0.0	31.0
954.7070079995319	0.34299999500001377	gratings	371.0	0.342999995	359.0	0.0	0.0	1.0	0.0399999991	2.0	0.0	31.0
955.4079999998212	0.34299999500001377	gratings	327.0	0.342999995	359.0	0.0	0.0	1.0	0.0399999991	2.0	0.0	31.0
956.1070079999045	0.34299999500001377	gratings	3.0	0.342999995	359.0	0.0	0.0	1.0	0.0399999991	2.0	0.0	31.0
956.8079999992624	0.34299999500001377	gratings	1523.0	0.342999995	359.0	0.0	0.0	1.0	0.0399999991	2.0	0.0	31.0
957.5070079993457	0.34299999500001377	gratings	1095.0	0.342999995	359.0	0.0	0.0	1.0	0.0399999991	2.0	0.0	31.0
958.2070079995319	0.34299999500001377	gratings	157.0	0.342999995	359.0	0.0	0.0	1.0	0.0399999991	2.0	0.0	31.0
958.9079999998212	0.34299999500001377	gratings	1227.0	0.342999995	359.0	0.0	0.0	1.0	0.0399999991	2.0	0.0	31.0
959.6080000000075	0.34299999500001377	gratings	494.0	0.342999995	359.0	0.0	0.0	1.0	0.0399999991	2.0	0.0	31.0
960.3079999992624	0.34299999500001377	gratings	686.0	0.342999995	359.0	0.0	0.0	1.0	0.0399999991	2.0	0.0	-1.0
961.0079999994487	0.34299999500001377	gratings	587.0	0.342999995	359.0	0.0	0.0	1.0	0.0399999991	2.0	0.0	32.0
961.7079999996349	0.34299999500001377	gratings	305.0	0.342999995	359.0	0.0	0.0	1.0	0.0399999991	2.0	0.0	32.0
962.4079999998212	0.34299999500001377	gratings	1144.0	0.342999995	359.0	0.0	0.0	1.0	0.0399999991	2.0	0.0	32.0
963.1080000000075	0.34299999500001377	gratings	998.0	0.342999995	359.0	0.0	0.0	1.0	0.0399999991	2.0	0.0	32.0
963.8079999992624	0.34299999500001377	gratings	1050.0	0.342999995	359.0	0.0	0.0	1.0	0.0399999991	2.0	0.0	32.0
964.5079999994487	0.34299999500001377	gratings	247.0	0.342999995	359.0	0.0	0.0	1.0	0.0399999991	2.0	0.0	32.0
965.2079999996349	0.34299999500001377	gratings	1076.0	0.342999995	359.0	0.0	0.0	1.0	0.0399999991	2.0	0.0	32.0
965.9079999998212	0.34299999500001377	gratings	1400.0	0.342999995	359.0	0.0	0.0	1.0	0.0399999991	2.0	0.0	32.0
966.6080000000075	0.34299999500001377	gratings	596.0	0.342999995	359.0	0.0	0.0	1.0	0.0399999991	2.0	0.0	32.0
967.3079999992624	0.34299999500001377	gratings	997.0	0.342999995	359.0	0.0	0.0	1.0	0.0399999991	2.0	0.0	32.0
968.0079999994487	0.34299999500001377	gratings	712.0	0.342999995	359.0	0.0	0.0	1.0	0.0399999991	2.0	0.0	32.0
968.7079999996349	0.34299999500001377	gratings	639.0	0.342999995	359.0	0.0	0.0	1.0	0.0399999991	2.0	0.0	32.0
969.4079999998212	0.34299999500001377	gratings	82.0	0.342999995	359.0	0.0	0.0	1.0	0.0399999991	2.0	1.57079637	32.0
970.1080000000075	0.34299999500001377	gratings	812.0	0.342999995	359.0	0.0	0.0	1.0	0.0399999991	2.0	0.0	32.0
970.8079999992624	0.34299999500001377	gratings	1083.0	0.342999995	359.0	0.0	0.0	1.0	0.0399999991	2.0	0.0	32.0
971.5079999994487	0.34299999500001377	gratings	902.0	0.342999995	359.0	0.0	0.0	1.0	0.0399999991	2.0	0.0	32.0
972.2079999996349	0.34299999500001377	gratings	185.0	0.342999995	359.0	0.0	0.0	1.0	0.0399999991	2.0	0.0	32.0
972.9079999998212	0.34299999500001377	gratings	1388.0	0.342999995	359.0	0.0	0.0	1.0	0.0399999991	2.0	0.0	32.0
973.6080000000075	0.34299999500001377	gratings	1224.0	0.342999995	359.0	0.0	0.0	1.0	0.0399999991	2.0	0.0	32.0
974.3079999992624	0.34299999500001377	gratings	1478.0	0.342999995	359.0	0.0	0.0	1.0	0.0399999991	2.0	0.0	32.0
975.0079999994487	0.34299999500001377	gratings	883.0	0.342999995	359.0	0.0	0.0	1.0	0.0399999991	2.0	0.0	32.0
975.7079999996349	0.34299999500001377	gratings	674.0	0.342999995	359.0	0.0	0.0	1.0	0.0399999991	2.0	0.0	32.0
976.4079999998212	0.34299999500001377	gratings	96.0	0.342999995	359.0	0.0	0.0	1.0	0.0399999991	2.0	0.785398185	32.0
977.1080000000075	0.34299999500001377	gratings	460.0	0.342999995	359.0	0.0	0.0	1.0	0.0399999991	2.0	0.0	32.0
977.8079999992624	0.34299999500001377	gratings	1020.0	0.342999995	359.0	0.0	0.0	1.0	0.0399999991	2.0	0.0	32.0
978.5079999994487	0.34299999500001377	gratings	1522.0	0.342999995	359.0	0.0	0.0	1.0	0.0399999991	2.0	0.0	32.0
979.2079999996349	0.34299999500001377	gratings	626.0	0.342999995	359.0	0.0	0.0	1.0	0.0399999991	2.0	0.0	32.0
979.9079999998212	0.34299999500001377	gratings	272.0	0.342999995	359.0	0.0	0.0	1.0	0.0399999991	2.0	0.0	32.0
980.6080000000075	0.34299999500001377	gratings	1070.0	0.342999995	359.0	0.0	0.0	1.0	0.0399999991	2.0	0.0	32.0
981.3079999992624	0.34299999500001377	gratings	1010.0	0.342999995	359.0	0.0	0.0	1.0	0.0399999991	2.0	0.0	32.0
982.0079999994487	0.34299999500001377	gratings	110.0	0.342999995	359.0	0.0	0.0	1.0	0.0399999991	2.0	0.0	32.0
982.7079999996349	0.34299999500001377	gratings	145.0	0.342999995	359.0	0.0	0.0	1.0	0.0399999991	2.0	0.0	32.0
983.4079999998212	0.34299999500001377	gratings	676.0	0.342999995	359.0	0.0	0.0	1.0	0.0399999991	2.0	0.0	32.0
984.1080000000075	0.34299999500001377	gratings	444.0	0.342999995	359.0	0.0	0.0	1.0	0.0399999991	2.0	0.0	32.0
984.8079999992624	0.34299999500001377	gratings	1322.0	0.342999995	359.0	0.0	0.0	1.0	0.0399999991	2.0	0.0	32.0
985.5079999994487	0.34299999500001377	gratings	40.0	0.342999995	359.0	0.0	0.0	1.0	0.0399999991	2.0	0.0	32.0
986.2079999996349	0.34299999500001377	gratings	839.0	0.342999995	359.0	0.0	0.0	1.0	0.0399999991	2.0	0.0	32.0
986.9079999998212	0.34299999500001377	gratings	806.0	0.342999995	359.0	0.0	0.0	1.0	0.0399999991	2.0	0.0	32.0
987.6080000000075	0.34299999500001377	gratings	506.0	0.342999995	359.0	0.0	0.0	1.0	0.0399999991	2.0	0.0	32.0
988.3079999992624	0.34299999500001377	gratings	76.0	0.342999995	359.0	0.0	0.0	1.0	0.0399999991	2.0	0.785398185	32.0
989.0079999994487	0.34299999500001377	gratings	250.0	0.342999995	359.0	0.0	0.0	1.0	0.0399999991	2.0	0.0	32.0
989.7079999996349	0.34299999500001377	gratings	999.0	0.342999995	359.0	0.0	0.0	1.0	0.0399999991	2.0	0.0	32.0
990.4079999998212	0.34299999500001377	gratings	1348.0	0.342999995	359.0	0.0	0.0	1.0	0.0399999991	2.0	0.0	-1.0
991.1080319993198	0.34299999500001377	gratings	706.0	0.342999995	359.0	0.0	0.0	1.0	0.0399999991	2.0	0.0	33.0
991.8079999992624	0.34299999500001377	gratings	449.0	0.342999995	359.0	0.0	0.0	1.0	0.0399999991	2.0	0.0	33.0
992.5079999994487	0.34299999500001377	gratings	973.0	0.342999995	359.0	0.0	0.0	1.0	0.0399999991	2.0	0.0	33.0
993.2079999996349	0.34299999500001377	gratings	763.0	0.342999995	359.0	0.0	0.0	1.0	0.0399999991	2.0	0.0	33.0
993.9079999998212	0.34299999500001377	gratings	790.0	0.342999995	359.0	0.0	0.0	1.0	0.0399999991	2.0	0.0	33.0
994.6080000000075	0.34299999500001377	gratings	1018.0	0.342999995	359.0	0.0	0.0	1.0	0.0399999991	2.0	0.0	33.0
995.3079999992624	0.34299999500001377	gratings	1094.0	0.342999995	359.0	0.0	0.0	1.0	0.0399999991	2.0	0.0	33.0
996.0079999994487	0.34299999500001377	gratings	1362.0	0.342999995	359.0	0.0	0.0	1.0	0.0399999991	2.0	0.0	33.0
996.7079999996349	0.34299999500001377	gratings	752.0	0.342999995	359.0	0.0	0.0	1.0	0.0399999991	2.0	0.0	33.0
997.4079999998212	0.34299999500001377	gratings	1294.0	0.342999995	359.0	0.0	0.0	1.0	0.0399999991	2.0	0.0	33.0
998.1080000000075	0.34299999500001377	gratings	1128.0	0.342999995	359.0	0.0	0.0	1.0	0.0399999991	2.0	0.0	33.0
998.8079999992624	0.34299999500001377	gratings	702.0	0.342999995	359.0	0.0	0.0	1.0	0.0399999991	2.0	0.0	33.0
999.5079999994487	0.34299999500001377	gratings	983.0	0.342999995	359.0	0.0	0.0	1.0	0.0399999991	2.0	0.0	33.0
1000.2079999996349	0.34299999500001377	gratings	1526.0	0.342999995	359.0	0.0	0.0	1.0	0.0399999991	2.0	0.0	33.0
1000.9079999998212	0.34299999500001377	gratings	1112.0	0.342999995	359.0	0.0	0.0	1.0	0.0399999991	2.0	0.0	33.0
1001.6080000000075	0.34299999500001377	gratings	847.0	0.342999995	359.0	0.0	0.0	1.0	0.0399999991	2.0	0.0	33.0
1002.3079999992624	0.34299999500001377	gratings	797.0	0.342999995	359.0	0.0	0.0	1.0	0.0399999991	2.0	0.0	33.0
1003.0079999994487	0.34299999500001377	gratings	591.0	0.342999995	359.0	0.0	0.0	1.0	0.0399999991	2.0	0.0	33.0
1003.7079999996349	0.34299999500001377	gratings	238.0	0.342999995	359.0	0.0	0.0	1.0	0.0399999991	2.0	0.0	33.0
1004.4079999998212	0.34299999500001377	gratings	454.0	0.342999995	359.0	0.0	0.0	1.0	0.0399999991	2.0	0.0	33.0
1005.1080000000075	0.34299999500001377	gratings	915.0	0.342999995	359.0	0.0	0.0	1.0	0.0399999991	2.0	0.0	33.0
1005.8079999992624	0.34299999500001377	gratings	402.0	0.342999995	359.0	0.0	0.0	1.0	0.0399999991	2.0	0.0	33.0
1006.5079999994487	0.34299999500001377	gratings	1003.0	0.342999995	359.0	0.0	0.0	1.0	0.0399999991	2.0	0.0	33.0
1007.2079999996349	0.34299999500001377	gratings	118.0	0.342999995	359.0	0.0	0.0	1.0	0.0399999991	2.0	0.0	33.0
1007.9079999998212	0.34299999500001377	gratings	625.0	0.342999995	359.0	0.0	0.0	1.0	0.0399999991	2.0	0.0	33.0
1008.6080000000075	0.34299999500001377	gratings	1159.0	0.342999995	359.0	0.0	0.0	1.0	0.0399999991	2.0	0.0	33.0
1009.3079999992624	0.34299999500001377	gratings	617.0	0.342999995	359.0	0.0	0.0	1.0	0.0399999991	2.0	0.0	33.0
1010.0079999994487	0.34299999500001377	gratings	557.0	0.342999995	359.0	0.0	0.0	1.0	0.0399999991	2.0	0.0	33.0
1010.7079999996349	0.34299999500001377	gratings	885.0	0.342999995	359.0	0.0	0.0	1.0	0.0399999991	2.0	0.0	33.0
1011.4079999998212	0.34299999500001377	gratings	176.0	0.342999995	359.0	0.0	0.0	1.0	0.0399999991	2.0	0.0	33.0
1012.1080000000075	0.34299999500001377	gratings	711.0	0.342999995	359.0	0.0	0.0	1.0	0.0399999991	2.0	0.0	33.0
1012.8089919993654	0.34299999500001377	gratings	927.0	0.342999995	359.0	0.0	0.0	1.0	0.0399999991	2.0	0.0	33.0
1013.5079999994487	0.34299999500001377	gratings	720.0	0.342999995	359.0	0.0	0.0	1.0	0.0399999991	2.0	0.0	33.0
1014.2079999996349	0.34299999500001377	gratings	399.0	0.342999995	359.0	0.0	0.0	1.0	0.0399999991	2.0	0.0	33.0
1014.9079999998212	0.34299999500001377	gratings	996.0	0.342999995	359.0	0.0	0.0	1.0	0.0399999991	2.0	0.0	33.0
1015.6080000000075	0.34299999500001377	gratings	469.0	0.342999995	359.0	0.0	0.0	1.0	0.0399999991	2.0	0.0	33.0
1016.3079999992624	0.34299999500001377	gratings	412.0	0.342999995	359.0	0.0	0.0	1.0	0.0399999991	2.0	0.0	33.0
1017.0079999994487	0.34299999500001377	gratings	1435.0	0.342999995	359.0	0.0	0.0	1.0	0.0399999991	2.0	0.0	33.0
1017.7079999996349	0.34299999500001377	gratings	1316.0	0.342999995	359.0	0.0	0.0	1.0	0.0399999991	2.0	0.0	33.0
1018.4079999998212	0.34299999500001377	gratings	69.0	0.342999995	359.0	0.0	0.0	0.0	0.0399999991	2.0	0.0	33.0
1019.1080000000075	0.34299999500001377	gratings	1153.0	0.342999995	359.0	0.0	0.0	1.0	0.0399999991	2.0	0.0	33.0
1019.8079999992624	0.34299999500001377	gratings	1104.0	0.342999995	359.0	0.0	0.0	1.0	0.0399999991	2.0	0.0	33.0
1020.5079999994487	0.34299999500001377	gratings	850.0	0.342999995	359.0	0.0	0.0	1.0	0.0399999991	2.0	0.0	-1.0
1021.2079999996349	0.34299999500001377	gratings	1360.0	0.342999995	359.0	0.0	0.0	1.0	0.0399999991	2.0	0.0	34.0
1021.9079999998212	0.34299999500001377	gratings	175.0	0.342999995	359.0	0.0	0.0	1.0	0.0399999991	2.0	0.0	34.0
1022.6080000000075	0.34299999500001377	gratings	1481.0	0.342999995	359.0	0.0	0.0	1.0	0.0399999991	2.0	0.0	34.0
1023.3079999992624	0.34299999500001377	gratings	704.0	0.342999995	359.0	0.0	0.0	1.0	0.0399999991	2.0	0.0	34.0
1024.0079999994487	0.3429999949999001	gratings	988.0	0.342999995	359.0	0.0	0.0	1.0	0.0399999991	2.0	0.0	34.0
1024.707999999635	0.3429999949999001	gratings	251.0	0.342999995	359.0	0.0	0.0	1.0	0.0399999991	2.0	0.0	34.0
1025.4079999998212	0.3429999949999001	gratings	1103.0	0.342999995	359.0	0.0	0.0	1.0	0.0399999991	2.0	0.0	34.0
1026.1080000000075	0.3429999949999001	gratings	610.0	0.342999995	359.0	0.0	0.0	1.0	0.0399999991	2.0	0.0	34.0
1026.8079999992624	0.3429999949999001	gratings	1339.0	0.342999995	359.0	0.0	0.0	1.0	0.0399999991	2.0	0.0	34.0
1027.5079999994487	0.3429999949999001	gratings	1146.0	0.342999995	359.0	0.0	0.0	1.0	0.0399999991	2.0	0.0	34.0
1028.207999999635	0.3429999949999001	gratings	46.0	0.342999995	359.0	0.0	0.0	1.0	0.0399999991	2.0	0.785398185	34.0
1028.9079999998212	0.3429999949999001	gratings	1491.0	0.342999995	359.0	0.0	0.0	1.0	0.0399999991	2.0	0.0	34.0
1029.6080000000075	0.3429999949999001	gratings	980.0	0.342999995	359.0	0.0	0.0	1.0	0.0399999991	2.0	0.0	34.0
1030.3079999992624	0.3429999949999001	gratings	1448.0	0.342999995	359.0	0.0	0.0	1.0	0.0399999991	2.0	0.0	34.0
1031.0079999994487	0.3429999949999001	gratings	376.0	0.342999995	359.0	0.0	0.0	1.0	0.0399999991	2.0	0.0	34.0
1031.707999999635	0.3429999949999001	gratings	798.0	0.342999995	359.0	0.0	0.0	1.0	0.0399999991	2.0	0.0	34.0
1032.4079999998212	0.3429999949999001	gratings	1369.0	0.342999995	359.0	0.0	0.0	1.0	0.0399999991	2.0	0.0	34.0
1033.1080000000075	0.3429999949999001	gratings	1148.0	0.342999995	359.0	0.0	0.0	1.0	0.0399999991	2.0	0.0	34.0
1033.8079999992624	0.3429999949999001	gratings	1430.0	0.342999995	359.0	0.0	0.0	1.0	0.0399999991	2.0	0.0	34.0
1034.5079999994487	0.3429999949999001	gratings	789.0	0.342999995	359.0	0.0	0.0	1.0	0.0399999991	2.0	0.0	34.0
1035.207999999635	0.3429999949999001	gratings	572.0	0.342999995	359.0	0.0	0.0	1.0	0.0399999991	2.0	0.0	34.0
1035.9079999998212	0.3429999949999001	gratings	1029.0	0.342999995	359.0	0.0	0.0	1.0	0.0399999991	2.0	0.0	34.0
1036.6080000000075	0.3429999949999001	gratings	1002.0	0.342999995	359.0	0.0	0.0	1.0	0.0399999991	2.0	0.0	34.0
1037.3079999992624	0.3429999949999001	gratings	578.0	0.342999995	359.0	0.0	0.0	1.0	0.0399999991	2.0	0.0	34.0
1038.0079999994487	0.3429999949999001	gratings	1087.0	0.342999995	359.0	0.0	0.0	1.0	0.0399999991	2.0	0.0	34.0
1038.707999999635	0.3429999949999001	gratings	901.0	0.342999995	359.0	0.0	0.0	1.0	0.0399999991	2.0	0.0	34.0
1039.4079999998212	0.3429999949999001	gratings	170.0	0.342999995	359.0	0.0	0.0	1.0	0.0399999991	2.0	0.0	34.0
1040.1080000000075	0.3429999949999001	gratings	636.0	0.342999995	359.0	0.0	0.0	1.0	0.0399999991	2.0	0.0	34.0
1040.8079999992624	0.3429999949999001	gratings	836.0	0.342999995	359.0	0.0	0.0	1.0	0.0399999991	2.0	0.0	34.0
1041.5079999994487	0.3429999949999001	gratings	1284.0	0.342999995	359.0	0.0	0.0	1.0	0.0399999991	2.0	0.0	34.0
1042.207999999635	0.3429999949999001	gratings	314.0	0.342999995	359.0	0.0	0.0	1.0	0.0399999991	2.0	0.0	34.0
1042.9079999998212	0.3429999949999001	gratings	1401.0	0.342999995	359.0	0.0	0.0	1.0	0.0399999991	2.0	0.0	34.0
1043.6080000000075	0.3429999949999001	gratings	233.0	0.342999995	359.0	0.0	0.0	1.0	0.0399999991	2.0	0.0	34.0
1044.3079999992624	0.3429999949999001	gratings	962.0	0.342999995	359.0	0.0	0.0	1.0	0.0399999991	2.0	0.0	34.0
1045.0079999994487	0.3429999949999001	gratings	136.0	0.342999995	359.0	0.0	0.0	1.0	0.0399999991	2.0	0.785398185	34.0
1045.707999999635	0.3429999949999001	gratings	524.0	0.342999995	359.0	0.0	0.0	1.0	0.0399999991	2.0	0.0	34.0
1046.4079999998212	0.3429999949999001	gratings	1302.0	0.342999995	359.0	0.0	0.0	1.0	0.0399999991	2.0	0.0	34.0
1047.1080000000075	0.3429999949999001	gratings	456.0	0.342999995	359.0	0.0	0.0	1.0	0.0399999991	2.0	0.0	34.0
1047.8079999992624	0.3429999949999001	gratings	1414.0	0.342999995	359.0	0.0	0.0	1.0	0.0399999991	2.0	0.0	34.0
1048.5079999994487	0.3429999949999001	gratings	700.0	0.342999995	359.0	0.0	0.0	1.0	0.0399999991	2.0	0.0	34.0
1049.207999999635	0.3429999949999001	gratings	492.0	0.342999995	359.0	0.0	0.0	1.0	0.0399999991	2.0	0.0	34.0
1049.9079999998212	0.3429999949999001	gratings	66.0	0.342999995	359.0	0.0	0.0	1.0	0.0399999991	2.0	0.785398185	34.0
1050.6080000000075	0.3429999949999001	gratings	236.0	0.342999995	359.0	0.0	0.0	1.0	0.0399999991	2.0	0.0	35.0
1051.3079999992624	0.3429999949999001	gratings	352.0	0.342999995	359.0	0.0	0.0	1.0	0.0399999991	2.0	0.0	35.0
1052.0079999994487	0.3429999949999001	gratings	959.0	0.342999995	359.0	0.0	0.0	1.0	0.0399999991	2.0	0.0	35.0
1052.707999999635	0.3429999949999001	gratings	1454.0	0.342999995	359.0	0.0	0.0	1.0	0.0399999991	2.0	0.0	35.0
1053.4079999998212	0.3429999949999001	gratings	162.0	0.342999995	359.0	0.0	0.0	1.0	0.0399999991	2.0	0.0	35.0
1054.1080000000075	0.3429999949999001	gratings	161.0	0.342999995	359.0	0.0	0.0	1.0	0.0399999991	2.0	0.0	35.0
1054.8079999992624	0.3429999949999001	gratings	943.0	0.342999995	359.0	0.0	0.0	1.0	0.0399999991	2.0	0.0	35.0
1055.5079999994487	0.3429999949999001	gratings	268.0	0.342999995	359.0	0.0	0.0	1.0	0.0399999991	2.0	0.0	35.0
1056.207999999635	0.3429999949999001	gratings	341.0	0.342999995	359.0	0.0	0.0	1.0	0.0399999991	2.0	0.0	35.0
1056.9079999998212	0.3429999949999001	gratings	403.0	0.342999995	359.0	0.0	0.0	1.0	0.0399999991	2.0	0.0	35.0
1057.6080000000075	0.3429999949999001	gratings	1337.0	0.342999995	359.0	0.0	0.0	1.0	0.0399999991	2.0	0.0	35.0
1058.3079999992624	0.3429999949999001	gratings	1133.0	0.342999995	359.0	0.0	0.0	1.0	0.0399999991	2.0	0.0	35.0
1059.0079999994487	0.3429999949999001	gratings	442.0	0.342999995	359.0	0.0	0.0	1.0	0.0399999991	2.0	0.0	35.0
1059.707999999635	0.3429999949999001	gratings	1455.0	0.342999995	359.0	0.0	0.0	1.0	0.0399999991	2.0	0.0	35.0
1060.4079999998212	0.3429999949999001	gratings	1253.0	0.342999995	359.0	0.0	0.0	1.0	0.0399999991	2.0	0.0	35.0
1061.1080000000075	0.3429999949999001	gratings	871.0	0.342999995	359.0	0.0	0.0	1.0	0.0399999991	2.0	0.0	35.0
1061.8079999992624	0.3429999949999001	gratings	795.0	0.342999995	359.0	0.0	0.0	1.0	0.0399999991	2.0	0.0	35.0
1062.5079999994487	0.3429999949999001	gratings	265.0	0.342999995	359.0	0.0	0.0	1.0	0.0399999991	2.0	0.0	35.0
1063.207999999635	0.3429999949999001	gratings	1515.0	0.342999995	359.0	0.0	0.0	1.0	0.0399999991	2.0	0.0	35.0
1063.9079999998212	0.3429999949999001	gratings	748.0	0.342999995	359.0	0.0	0.0	1.0	0.0399999991	2.0	0.0	35.0
1064.6080000000075	0.3429999949999001	gratings	1025.0	0.342999995	359.0	0.0	0.0	1.0	0.0399999991	2.0	0.0	35.0
1065.3079999992624	0.3429999949999001	gratings	329.0	0.342999995	359.0	0.0	0.0	1.0	0.0399999991	2.0	0.0	35.0
1066.0079999994487	0.3429999949999001	gratings	1451.0	0.342999995	359.0	0.0	0.0	1.0	0.0399999991	2.0	0.0	35.0
1066.707999999635	0.3429999949999001	gratings	255.0	0.342999995	359.0	0.0	0.0	1.0	0.0399999991	2.0	0.0	35.0
1067.4079999998212	0.3429999949999001	gratings	978.0	0.342999995	359.0	0.0	0.0	1.0	0.0399999991	2.0	0.0	35.0
1068.1080000000075	0.3429999949999001	gratings	1277.0	0.342999995	359.0	0.0	0.0	1.0	0.0399999991	2.0	0.0	35.0
1068.8079999992624	0.3429999949999001	gratings	150.0	0.342999995	359.0	0.0	0.0	1.0	0.0399999991	2.0	0.0	35.0
1069.5079999994487	0.3429999949999001	gratings	826.0	0.342999995	359.0	0.0	0.0	1.0	0.0399999991	2.0	0.0	35.0
1070.207999999635	0.3429999949999001	gratings	146.0	0.342999995	359.0	0.0	0.0	1.0	0.0399999991	2.0	0.785398185	35.0
1070.9079999998212	0.3429999949999001	gratings	1035.0	0.342999995	359.0	0.0	0.0	1.0	0.0399999991	2.0	0.0	35.0
1071.6080000000075	0.3429999949999001	gratings	1398.0	0.342999995	359.0	0.0	0.0	1.0	0.0399999991	2.0	0.0	35.0
1072.3079999992624	0.3429999949999001	gratings	1134.0	0.342999995	359.0	0.0	0.0	1.0	0.0399999991	2.0	0.0	35.0
1073.0079999994487	0.3429999949999001	gratings	1385.0	0.342999995	359.0	0.0	0.0	1.0	0.0399999991	2.0	0.0	35.0
1073.707999999635	0.3429999949999001	gratings	842.0	0.342999995	359.0	0.0	0.0	1.0	0.0399999991	2.0	0.0	35.0
1074.4079999998212	0.3429999949999001	gratings	197.0	0.342999995	359.0	0.0	0.0	1.0	0.0399999991	2.0	0.0	35.0
1075.1080000000075	0.3429999949999001	gratings	1494.0	0.342999995	359.0	0.0	0.0	1.0	0.0399999991	2.0	0.0	35.0
1075.8079999992624	0.3429999949999001	gratings	394.0	0.342999995	359.0	0.0	0.0	1.0	0.0399999991	2.0	0.0	35.0
1076.5079999994487	0.3429999949999001	gratings	55.0	0.342999995	359.0	0.0	0.0	1.0	0.0399999991	2.0	0.0	35.0
1077.207999999635	0.3429999949999001	gratings	985.0	0.342999995	359.0	0.0	0.0	1.0	0.0399999991	2.0	0.0	35.0
1077.9079999998212	0.3429999949999001	gratings	386.0	0.342999995	359.0	0.0	0.0	1.0	0.0399999991	2.0	0.0	35.0
1078.6080000000075	0.3429999949999001	gratings	304.0	0.342999995	359.0	0.0	0.0	1.0	0.0399999991	2.0	0.0	35.0
1079.3079999992624	0.3429999949999001	gratings	1462.0	0.342999995	359.0	0.0	0.0	1.0	0.0399999991	2.0	0.0	35.0
1080.0079999994487	0.3429999949999001	gratings	1305.0	0.342999995	359.0	0.0	0.0	1.0	0.0399999991	2.0	0.0	-1.0
1080.707999999635	0.3429999949999001	gratings	1521.0	0.342999995	359.0	0.0	0.0	1.0	0.0399999991	2.0	0.0	36.0
1081.4079999998212	0.3429999949999001	gratings	1479.0	0.342999995	359.0	0.0	0.0	1.0	0.0399999991	2.0	0.0	36.0
1082.1080000000075	0.3429999949999001	gratings	283.0	0.342999995	359.0	0.0	0.0	1.0	0.0399999991	2.0	0.0	36.0
1082.8079999992624	0.3429999949999001	gratings	707.0	0.342999995	359.0	0.0	0.0	1.0	0.0399999991	2.0	0.0	36.0
1083.5089919995517	0.3429999949999001	gratings	1474.0	0.342999995	359.0	0.0	0.0	1.0	0.0399999991	2.0	0.0	36.0
1084.208991999738	0.3429999949999001	gratings	1021.0	0.342999995	359.0	0.0	0.0	1.0	0.0399999991	2.0	0.0	36.0
1084.9089919999242	0.3429999949999001	gratings	857.0	0.342999995	359.0	0.0	0.0	1.0	0.0399999991	2.0	0.0	36.0
1085.6089920001104	0.3429999949999001	gratings	553.0	0.342999995	359.0	0.0	0.0	1.0	0.0399999991	2.0	0.0	36.0
1086.3089919993654	0.3429999949999001	gratings	1215.0	0.342999995	359.0	0.0	0.0	1.0	0.0399999991	2.0	0.0	36.0
1087.0089919995517	0.3429999949999001	gratings	281.0	0.342999995	359.0	0.0	0.0	1.0	0.0399999991	2.0	0.0	36.0
1087.708991999738	0.3429999949999001	gratings	455.0	0.342999995	359.0	0.0	0.0	1.0	0.0399999991	2.0	0.0	36.0
1088.4089919999242	0.3429999949999001	gratings	990.0	0.342999995	359.0	0.0	0.0	1.0	0.0399999991	2.0	0.0	36.0
1089.1089920001104	0.3429999949999001	gratings	1380.0	0.342999995	359.0	0.0	0.0	1.0	0.0399999991	2.0	0.0	36.0
1089.8089919993654	0.3429999949999001	gratings	83.0	0.342999995	359.0	0.0	0.0	1.0	0.0399999991	2.0	0.0	36.0
1090.5089919995517	0.3429999949999001	gratings	651.0	0.342999995	359.0	0.0	0.0	1.0	0.0399999991	2.0	0.0	36.0
1091.208991999738	0.3429999949999001	gratings	1124.0	0.342999995	359.0	0.0	0.0	1.0	0.0399999991	2.0	0.0	36.0
1091.9089919999242	0.3429999949999001	gratings	1127.0	0.342999995	359.0	0.0	0.0	1.0	0.0399999991	2.0	0.0	36.0
1092.6089920001104	0.3429999949999001	gratings	577.0	0.342999995	359.0	0.0	0.0	1.0	0.0399999991	2.0	0.0	36.0
1093.3089919993654	0.3429999949999001	gratings	22.0	0.342999995	359.0	0.0	0.0	1.0	0.0399999991	2.0	1.57079637	36.0
1094.0089919995517	0.3429999949999001	gratings	1470.0	0.342999995	359.0	0.0	0.0	1.0	0.0399999991	2.0	0.0	36.0
1094.708991999738	0.3429999949999001	gratings	977.0	0.342999995	359.0	0.0	0.0	1.0	0.0399999991	2.0	0.0	36.0
1095.4089919999242	0.3429999949999001	gratings	1109.0	0.342999995	359.0	0.0	0.0	1.0	0.0399999991	2.0	0.0	36.0
1096.1089920001104	0.3429999949999001	gratings	1335.0	0.342999995	359.0	0.0	0.0	1.0	0.0399999991	2.0	0.0	36.0
1096.8089919993654	0.3429999949999001	gratings	1100.0	0.342999995	359.0	0.0	0.0	1.0	0.0399999991	2.0	0.0	36.0
1097.5089919995517	0.3429999949999001	gratings	865.0	0.342999995	359.0	0.0	0.0	1.0	0.0399999991	2.0	0.0	36.0
1098.208991999738	0.3429999949999001	gratings	246.0	0.342999995	359.0	0.0	0.0	1.0	0.0399999991	2.0	0.0	36.0
1098.9089919999242	0.3429999949999001	gratings	359.0	0.342999995	359.0	0.0	0.0	1.0	0.0399999991	2.0	0.0	36.0
1099.6089920001104	0.3429999949999001	gratings	1262.0	0.342999995	359.0	0.0	0.0	1.0	0.0399999991	2.0	0.0	36.0
1100.3089919993654	0.3429999949999001	gratings	808.0	0.342999995	359.0	0.0	0.0	1.0	0.0399999991	2.0	0.0	36.0
1101.0089919995517	0.3429999949999001	gratings	56.0	0.342999995	359.0	0.0	0.0	1.0	0.0399999991	2.0	0.785398185	36.0
1101.708991999738	0.3429999949999001	gratings	1121.0	0.342999995	359.0	0.0	0.0	1.0	0.0399999991	2.0	0.0	36.0
1102.4089919999242	0.3429999949999001	gratings	1524.0	0.342999995	359.0	0.0	0.0	1.0	0.0399999991	2.0	0.0	36.0
1103.1089920001104	0.3429999949999001	gratings	33.0	0.342999995	359.0	0.0	0.0	1.0	0.0399999991	2.0	0.0	36.0
1103.8089919993654	0.3429999949999001	gratings	234.0	0.342999995	359.0	0.0	0.0	1.0	0.0399999991	2.0	0.0	36.0
1104.5089919995517	0.3429999949999001	gratings	1137.0	0.342999995	359.0	0.0	0.0	1.0	0.0399999991	2.0	0.0	36.0
1105.208991999738	0.3429999949999001	gratings	316.0	0.342999995	359.0	0.0	0.0	1.0	0.0399999991	2.0	0.0	36.0
1105.9089919999242	0.3429999949999001	gratings	1485.0	0.342999995	359.0	0.0	0.0	1.0	0.0399999991	2.0	0.0	36.0
1106.6089920001104	0.3429999949999001	gratings	102.0	0.342999995	359.0	0.0	0.0	1.0	0.0399999991	2.0	1.57079637	36.0
1107.3089919993654	0.3429999949999001	gratings	148.0	0.342999995	359.0	0.0	0.0	1.0	0.0399999991	2.0	0.0	36.0
1108.0089919995517	0.3429999949999001	gratings	177.0	0.342999995	359.0	0.0	0.0	1.0	0.0399999991	2.0	0.0	36.0
1108.708991999738	0.3429999949999001	gratings	844.0	0.342999995	359.0	0.0	0.0	1.0	0.0399999991	2.0	0.0	36.0
1109.4089919999242	0.3429999949999001	gratings	1226.0	0.342999995	359.0	0.0	0.0	1.0	0.0399999991	2.0	0.0	36.0
1110.1089920001104	0.3429999949999001	gratings	384.0	0.342999995	359.0	0.0	0.0	1.0	0.0399999991	2.0	0.0	-1.0
1110.8089919993654	0.3429999949999001	gratings	12.0	0.342999995	359.0	0.0	0.0	1.0	0.0399999991	2.0	1.57079637	37.0
1111.5089919995517	0.3429999949999001	gratings	1503.0	0.342999995	359.0	0.0	0.0	1.0	0.0399999991	2.0	0.0	37.0
1112.208991999738	0.3429999949999001	gratings	803.0	0.342999995	359.0	0.0	0.0	1.0	0.0399999991	2.0	0.0	37.0
1112.9089919999242	0.3429999949999001	gratings	472.0	0.342999995	359.0	0.0	0.0	1.0	0.0399999991	2.0	0.0	37.0
1113.6089920001104	0.3429999949999001	gratings	49.0	0.342999995	359.0	0.0	0.0	0.0	0.0399999991	2.0	0.0	37.0
1114.3089919993654	0.3429999949999001	gratings	758.0	0.342999995	359.0	0.0	0.0	1.0	0.0399999991	2.0	0.0	37.0
1115.0089919995517	0.3429999949999001	gratings	1383.0	0.342999995	359.0	0.0	0.0	1.0	0.0399999991	2.0	0.0	37.0
1115.708991999738	0.3429999949999001	gratings	509.0	0.342999995	359.0	0.0	0.0	1.0	0.0399999991	2.0	0.0	37.0
1116.4089919999242	0.3429999949999001	gratings	1445.0	0.342999995	359.0	0.0	0.0	1.0	0.0399999991	2.0	0.0	37.0
1117.1089920001104	0.3429999949999001	gratings	1463.0	0.342999995	359.0	0.0	0.0	1.0	0.0399999991	2.0	0.0	37.0
1117.8089919993654	0.3429999949999001	gratings	708.0	0.342999995	359.0	0.0	0.0	1.0	0.0399999991	2.0	0.0	37.0
1118.5089919995517	0.3429999949999001	gratings	880.0	0.342999995	359.0	0.0	0.0	1.0	0.0399999991	2.0	0.0	37.0
1119.208991999738	0.3429999949999001	gratings	153.0	0.342999995	359.0	0.0	0.0	1.0	0.0399999991	2.0	0.0	37.0
1119.9089919999242	0.3429999949999001	gratings	24.0	0.342999995	359.0	0.0	0.0	0.0	0.0399999991	2.0	0.0	37.0
1120.6089920001104	0.3429999949999001	gratings	1358.0	0.342999995	359.0	0.0	0.0	1.0	0.0399999991	2.0	0.0	37.0
1121.3089919993654	0.3429999949999001	gratings	9.0	0.342999995	359.0	0.0	0.0	0.0	0.0399999991	2.0	0.0	37.0
1122.0089919995517	0.3429999949999001	gratings	1457.0	0.342999995	359.0	0.0	0.0	1.0	0.0399999991	2.0	0.0	37.0
1122.708991999738	0.3429999949999001	gratings	1338.0	0.342999995	359.0	0.0	0.0	1.0	0.0399999991	2.0	0.0	37.0
1123.4089919999242	0.3429999949999001	gratings	565.0	0.342999995	359.0	0.0	0.0	1.0	0.0399999991	2.0	0.0	37.0
1124.1089920001104	0.3429999949999001	gratings	115.0	0.342999995	359.0	0.0	0.0	1.0	0.0399999991	2.0	0.0	37.0
1124.8089919993654	0.3429999949999001	gratings	149.0	0.342999995	359.0	0.0	0.0	0.0	0.0399999991	2.0	0.0	37.0
1125.5089919995517	0.3429999949999001	gratings	1516.0	0.342999995	359.0	0.0	0.0	1.0	0.0399999991	2.0	0.0	37.0
1126.208991999738	0.3429999949999001	gratings	215.0	0.342999995	359.0	0.0	0.0	1.0	0.0399999991	2.0	0.0	37.0
1126.9089919999242	0.3429999949999001	gratings	843.0	0.342999995	359.0	0.0	0.0	1.0	0.0399999991	2.0	0.0	37.0
1127.6089920001104	0.3429999949999001	gratings	353.0	0.342999995	359.0	0.0	0.0	1.0	0.0399999991	2.0	0.0	37.0
1128.3089919993654	0.3429999949999001	gratings	678.0	0.342999995	359.0	0.0	0.0	1.0	0.0399999991	2.0	0.0	37.0
1129.0089919995517	0.3429999949999001	gratings	1078.0	0.342999995	359.0	0.0	0.0	1.0	0.0399999991	2.0	0.0	37.0
1129.708991999738	0.3429999949999001	gratings	800.0	0.342999995	359.0	0.0	0.0	1.0	0.0399999991	2.0	0.0	37.0
1130.4089919999242	0.3429999949999001	gratings	1413.0	0.342999995	359.0	0.0	0.0	1.0	0.0399999991	2.0	0.0	37.0
1131.1089920001104	0.3429999949999001	gratings	306.0	0.342999995	359.0	0.0	0.0	1.0	0.0399999991	2.0	0.0	37.0
1131.8089919993654	0.3429999949999001	gratings	141.0	0.342999995	359.0	0.0	0.0	1.0	0.0399999991	2.0	0.785398185	37.0
1132.5089919995517	0.3429999949999001	gratings	1031.0	0.342999995	359.0	0.0	0.0	1.0	0.0399999991	2.0	0.0	37.0
1133.208991999738	0.3429999949999001	gratings	34.0	0.342999995	359.0	0.0	0.0	0.0	0.0399999991	2.0	0.0	37.0
1133.9089919999242	0.3429999949999001	gratings	1116.0	0.342999995	359.0	0.0	0.0	1.0	0.0399999991	2.0	0.0	37.0
1134.6089920001104	0.3429999949999001	gratings	938.0	0.342999995	359.0	0.0	0.0	1.0	0.0399999991	2.0	0.0	37.0
1135.3089919993654	0.3429999949999001	gratings	1421.0	0.342999995	359.0	0.0	0.0	1.0	0.0399999991	2.0	0.0	37.0
1136.0089919995517	0.3429999949999001	gratings	1411.0	0.342999995	359.0	0.0	0.0	1.0	0.0399999991	2.0	0.0	37.0
1136.708991999738	0.3429999949999001	gratings	116.0	0.342999995	359.0	0.0	0.0	1.0	0.0399999991	2.0	0.785398185	37.0
1137.4089919999242	0.3429999949999001	gratings	900.0	0.342999995	359.0	0.0	0.0	1.0	0.0399999991	2.0	0.0	37.0
1138.1089920001104	0.3429999949999001	gratings	431.0	0.342999995	359.0	0.0	0.0	1.0	0.0399999991	2.0	0.0	37.0
1138.8089919993654	0.3429999949999001	gratings	356.0	0.342999995	359.0	0.0	0.0	1.0	0.0399999991	2.0	0.0	37.0
1139.5089919995517	0.3429999949999001	gratings	216.0	0.342999995	359.0	0.0	0.0	1.0	0.0399999991	2.0	0.0	37.0
1140.208991999738	0.3429999949999001	gratings	214.0	0.342999995	359.0	0.0	0.0	1.0	0.0399999991	2.0	0.0	-1.0
1140.9089919999242	0.3429999949999001	gratings	653.0	0.342999995	359.0	0.0	0.0	1.0	0.0399999991	2.0	0.0	38.0
1141.6089920001104	0.3429999949999001	gratings	641.0	0.342999995	359.0	0.0	0.0	1.0	0.0399999991	2.0	0.0	38.0
1142.3089919993654	0.3429999949999001	gratings	1237.0	0.342999995	359.0	0.0	0.0	1.0	0.0399999991	2.0	0.0	38.0
1143.0089919995517	0.3429999949999001	gratings	74.0	0.342999995	359.0	0.0	0.0	0.0	0.0399999991	2.0	0.0	38.0
1143.708991999738	0.3429999949999001	gratings	23.0	0.342999995	359.0	0.0	0.0	1.0	0.0399999991	2.0	0.0	38.0
1144.4089919999242	0.3429999949999001	gratings	1088.0	0.342999995	359.0	0.0	0.0	1.0	0.0399999991	2.0	0.0	38.0
1145.1089920001104	0.3429999949999001	gratings	0.0	0.342999995	359.0	0.0	0.0	1.0	0.0399999991	2.0	0.0	38.0
1145.8089919993654	0.3429999949999001	gratings	743.0	0.342999995	359.0	0.0	0.0	1.0	0.0399999991	2.0	0.0	38.0
1146.5089919995517	0.3429999949999001	gratings	1486.0	0.342999995	359.0	0.0	0.0	1.0	0.0399999991	2.0	0.0	38.0
1147.208991999738	0.3429999949999001	gratings	545.0	0.342999995	359.0	0.0	0.0	1.0	0.0399999991	2.0	0.0	38.0
1147.9089919999242	0.3429999949999001	gratings	1390.0	0.342999995	359.0	0.0	0.0	1.0	0.0399999991	2.0	0.0	38.0
1148.6089920001104	0.3429999949999001	gratings	646.0	0.342999995	359.0	0.0	0.0	1.0	0.0399999991	2.0	0.0	38.0
1149.3089919993654	0.3429999949999001	gratings	965.0	0.342999995	359.0	0.0	0.0	1.0	0.0399999991	2.0	0.0	38.0
1150.0089919995517	0.3429999949999001	gratings	1241.0	0.342999995	359.0	0.0	0.0	1.0	0.0399999991	2.0	0.0	38.0
1150.708991999738	0.3429999949999001	gratings	1328.0	0.342999995	359.0	0.0	0.0	1.0	0.0399999991	2.0	0.0	38.0
1151.4089919999242	0.3429999949999001	gratings	1049.0	0.342999995	359.0	0.0	0.0	1.0	0.0399999991	2.0	0.0	38.0
1152.1089920001104	0.3429999949999001	gratings	142.0	0.342999995	359.0	0.0	0.0	1.0	0.0399999991	2.0	1.57079637	38.0
1152.8089919993654	0.3429999949999001	gratings	1473.0	0.342999995	359.0	0.0	0.0	1.0	0.0399999991	2.0	0.0	38.0
1153.5089919995517	0.3429999949999001	gratings	677.0	0.342999995	359.0	0.0	0.0	1.0	0.0399999991	2.0	0.0	38.0
1154.208991999738	0.3429999949999001	gratings	95.0	0.342999995	359.0	0.0	0.0	1.0	0.0399999991	2.0	0.0	38.0
1154.9089919999242	0.3429999949999001	gratings	562.0	0.342999995	359.0	0.0	0.0	1.0	0.0399999991	2.0	0.0	38.0
1155.6089920001104	0.3429999949999001	gratings	1247.0	0.342999995	359.0	0.0	0.0	1.0	0.0399999991	2.0	0.0	38.0
1156.3089919993654	0.3429999949999001	gratings	357.0	0.342999995	359.0	0.0	0.0	1.0	0.0399999991	2.0	0.0	38.0
1157.0089919995517	0.3429999949999001	gratings	940.0	0.342999995	359.0	0.0	0.0	1.0	0.0399999991	2.0	0.0	38.0
1157.708991999738	0.3429999949999001	gratings	244.0	0.342999995	359.0	0.0	0.0	1.0	0.0399999991	2.0	0.0	38.0
1158.4089919999242	0.3429999949999001	gratings	51.0	0.342999995	359.0	0.0	0.0	1.0	0.0399999991	2.0	0.785398185	38.0
1159.1089920001104	0.3429999949999001	gratings	594.0	0.342999995	359.0	0.0	0.0	1.0	0.0399999991	2.0	0.0	38.0
1159.8089919993654	0.3429999949999001	gratings	1377.0	0.342999995	359.0	0.0	0.0	1.0	0.0399999991	2.0	0.0	38.0
1160.5089919995517	0.3429999949999001	gratings	1458.0	0.342999995	359.0	0.0	0.0	1.0	0.0399999991	2.0	0.0	38.0
1161.208991999738	0.3429999949999001	gratings	27.0	0.342999995	359.0	0.0	0.0	1.0	0.0399999991	2.0	1.57079637	38.0
1161.9089919999242	0.3429999949999001	gratings	721.0	0.342999995	359.0	0.0	0.0	1.0	0.0399999991	2.0	0.0	38.0
1162.6089920001104	0.3429999949999001	gratings	970.0	0.342999995	359.0	0.0	0.0	1.0	0.0399999991	2.0	0.0	38.0
1163.3089919993654	0.3429999949999001	gratings	134.0	0.342999995	359.0	0.0	0.0	0.0	0.0399999991	2.0	0.0	38.0
1164.0089919995517	0.3429999949999001	gratings	750.0	0.342999995	359.0	0.0	0.0	1.0	0.0399999991	2.0	0.0	38.0
1164.708991999738	0.3429999949999001	gratings	521.0	0.342999995	359.0	0.0	0.0	1.0	0.0399999991	2.0	0.0	38.0
1165.4089919999242	0.3429999949999001	gratings	1469.0	0.342999995	359.0	0.0	0.0	1.0	0.0399999991	2.0	0.0	38.0
1166.1089920001104	0.3429999949999001	gratings	1090.0	0.342999995	359.0	0.0	0.0	1.0	0.0399999991	2.0	0.0	38.0
1166.8089919993654	0.3429999949999001	gratings	1032.0	0.342999995	359.0	0.0	0.0	1.0	0.0399999991	2.0	0.0	38.0
1167.5089919995517	0.3429999949999001	gratings	445.0	0.342999995	359.0	0.0	0.0	1.0	0.0399999991	2.0	0.0	38.0
1168.208991999738	0.3429999949999001	gratings	1444.0	0.342999995	359.0	0.0	0.0	1.0	0.0399999991	2.0	0.0	38.0
1168.9089919999242	0.3429999949999001	gratings	684.0	0.342999995	359.0	0.0	0.0	1.0	0.0399999991	2.0	0.0	38.0
1169.6089920001104	0.3429999949999001	gratings	786.0	0.342999995	359.0	0.0	0.0	1.0	0.0399999991	2.0	0.0	38.0
1170.3089919993654	0.3429999949999001	gratings	1288.0	0.342999995	359.0	0.0	0.0	1.0	0.0399999991	2.0	0.0	-1.0
1171.0089919995517	0.3429999949999001	gratings	1068.0	0.342999995	359.0	0.0	0.0	1.0	0.0399999991	2.0	0.0	39.0
1171.708991999738	0.3429999949999001	gratings	629.0	0.342999995	359.0	0.0	0.0	1.0	0.0399999991	2.0	0.0	39.0
1172.4089919999242	0.3429999949999001	gratings	491.0	0.342999995	359.0	0.0	0.0	1.0	0.0399999991	2.0	0.0	39.0
1173.1089920001104	0.3429999949999001	gratings	349.0	0.342999995	359.0	0.0	0.0	1.0	0.0399999991	2.0	0.0	39.0
1173.8089919993654	0.3429999949999001	gratings	1274.0	0.342999995	359.0	0.0	0.0	1.0	0.0399999991	2.0	0.0	39.0
1174.5089919995517	0.3429999949999001	gratings	489.0	0.342999995	359.0	0.0	0.0	1.0	0.0399999991	2.0	0.0	39.0
1175.208991999738	0.3429999949999001	gratings	468.0	0.342999995	359.0	0.0	0.0	1.0	0.0399999991	2.0	0.0	39.0
1175.9089919999242	0.3429999949999001	gratings	1014.0	0.342999995	359.0	0.0	0.0	1.0	0.0399999991	2.0	0.0	39.0
1176.6089920001104	0.3429999949999001	gratings	252.0	0.342999995	359.0	0.0	0.0	1.0	0.0399999991	2.0	0.0	39.0
1177.3089919993654	0.3429999949999001	gratings	907.0	0.342999995	359.0	0.0	0.0	1.0	0.0399999991	2.0	0.0	39.0
1178.0089919995517	0.3429999949999001	gratings	924.0	0.342999995	359.0	0.0	0.0	1.0	0.0399999991	2.0	0.0	39.0
1178.708991999738	0.3429999949999001	gratings	188.0	0.342999995	359.0	0.0	0.0	1.0	0.0399999991	2.0	0.0	39.0
1179.4089919999242	0.3429999949999001	gratings	527.0	0.342999995	359.0	0.0	0.0	1.0	0.0399999991	2.0	0.0	39.0
1180.1089920001104	0.3429999949999001	gratings	555.0	0.342999995	359.0	0.0	0.0	1.0	0.0399999991	2.0	0.0	39.0
1180.8089919993654	0.3429999949999001	gratings	1278.0	0.342999995	359.0	0.0	0.0	1.0	0.0399999991	2.0	0.0	39.0
1181.5089919995517	0.3429999949999001	gratings	391.0	0.342999995	359.0	0.0	0.0	1.0	0.0399999991	2.0	0.0	39.0
1182.208991999738	0.3429999949999001	gratings	484.0	0.342999995	359.0	0.0	0.0	1.0	0.0399999991	2.0	0.0	39.0
1182.9089919999242	0.3429999949999001	gratings	1063.0	0.342999995	359.0	0.0	0.0	1.0	0.0399999991	2.0	0.0	39.0
1183.6089920001104	0.3429999949999001	gratings	1223.0	0.342999995	359.0	0.0	0.0	1.0	0.0399999991	2.0	0.0	39.0
1184.3089919993654	0.3429999949999001	gratings	5.0	0.342999995	359.0	0.0	0.0	1.0	0.0399999991	2.0	0.0	39.0
1185.0089919995517	0.3429999949999001	gratings	1080.0	0.342999995	359.0	0.0	0.0	1.0	0.0399999991	2.0	0.0	39.0
1185.708991999738	0.3429999949999001	gratings	644.0	0.342999995	359.0	0.0	0.0	1.0	0.0399999991	2.0	0.0	39.0
1186.4089919999242	0.3429999949999001	gratings	1166.0	0.342999995	359.0	0.0	0.0	1.0	0.0399999991	2.0	0.0	39.0
1187.1089920001104	0.3429999949999001	gratings	1431.0	0.342999995	359.0	0.0	0.0	1.0	0.0399999991	2.0	0.0	39.0
1187.8089919993654	0.3429999949999001	gratings	828.0	0.342999995	359.0	0.0	0.0	1.0	0.0399999991	2.0	0.0	39.0
1188.5089919995517	0.3429999949999001	gratings	92.0	0.342999995	359.0	0.0	0.0	1.0	0.0399999991	2.0	1.57079637	39.0
1189.208991999738	0.3429999949999001	gratings	427.0	0.342999995	359.0	0.0	0.0	1.0	0.0399999991	2.0	0.0	39.0
1189.9089919999242	0.3429999949999001	gratings	434.0	0.342999995	359.0	0.0	0.0	1.0	0.0399999991	2.0	0.0	39.0
1190.6089920001104	0.3429999949999001	gratings	955.0	0.342999995	359.0	0.0	0.0	1.0	0.0399999991	2.0	0.0	39.0
1191.3089919993654	0.3429999949999001	gratings	344.0	0.342999995	359.0	0.0	0.0	1.0	0.0399999991	2.0	0.0	39.0
1192.0089919995517	0.3429999949999001	gratings	1.0	0.342999995	359.0	0.0	0.0	1.0	0.0399999991	2.0	0.785398185	39.0
1192.708991999738	0.3429999949999001	gratings	1043.0	0.342999995	359.0	0.0	0.0	1.0	0.0399999991	2.0	0.0	39.0
1193.4089919999242	0.3429999949999001	gratings	1066.0	0.342999995	359.0	0.0	0.0	1.0	0.0399999991	2.0	0.0	39.0
1194.1089920001104	0.3429999949999001	gratings	1238.0	0.342999995	359.0	0.0	0.0	1.0	0.0399999991	2.0	0.0	39.0
1194.8089919993654	0.3429999949999001	gratings	1150.0	0.342999995	359.0	0.0	0.0	1.0	0.0399999991	2.0	0.0	39.0
1195.5089919995517	0.3429999949999001	gratings	1201.0	0.342999995	359.0	0.0	0.0	1.0	0.0399999991	2.0	0.0	39.0
1196.208991999738	0.3429999949999001	gratings	1490.0	0.342999995	359.0	0.0	0.0	1.0	0.0399999991	2.0	0.0	39.0
1196.9089919999242	0.3429999949999001	gratings	554.0	0.342999995	359.0	0.0	0.0	1.0	0.0399999991	2.0	0.0	39.0
1197.6089920001104	0.3429999949999001	gratings	477.0	0.342999995	359.0	0.0	0.0	1.0	0.0399999991	2.0	0.0	39.0
1198.3089919993654	0.3429999949999001	gratings	738.0	0.342999995	359.0	0.0	0.0	1.0	0.0399999991	2.0	0.0	39.0
1199.0089919995517	0.3429999949999001	gratings	364.0	0.342999995	359.0	0.0	0.0	1.0	0.0399999991	2.0	0.0	39.0
1199.708991999738	0.3429999949999001	gratings	696.0	0.342999995	359.0	0.0	0.0	1.0	0.0399999991	2.0	0.0	39.0
1200.4089919999242	0.3429999949999001	gratings	437.0	0.342999995	359.0	0.0	0.0	1.0	0.0399999991	2.0	0.0	-1.0
1201.1089920001104	0.3429999949999001	gratings	1048.0	0.342999995	359.0	0.0	0.0	1.0	0.0399999991	2.0	0.0	40.0
1201.8089919993654	0.3429999949999001	gratings	1151.0	0.342999995	359.0	0.0	0.0	1.0	0.0399999991	2.0	0.0	40.0
1202.5089919995517	0.3429999949999001	gratings	958.0	0.342999995	359.0	0.0	0.0	1.0	0.0399999991	2.0	0.0	40.0
1203.208991999738	0.3429999949999001	gratings	657.0	0.342999995	359.0	0.0	0.0	1.0	0.0399999991	2.0	0.0	40.0
1203.9089919999242	0.3429999949999001	gratings	1349.0	0.342999995	359.0	0.0	0.0	1.0	0.0399999991	2.0	0.0	40.0
1204.6089920001104	0.3429999949999001	gratings	58.0	0.342999995	359.0	0.0	0.0	1.0	0.0399999991	2.0	0.0	40.0
1205.3089919993654	0.3429999949999001	gratings	611.0	0.342999995	359.0	0.0	0.0	1.0	0.0399999991	2.0	0.0	40.0
1206.0089919995517	0.3429999949999001	gratings	767.0	0.342999995	359.0	0.0	0.0	1.0	0.0399999991	2.0	0.0	40.0
1206.708991999738	0.3429999949999001	gratings	47.0	0.342999995	359.0	0.0	0.0	1.0	0.0399999991	2.0	1.57079637	40.0
1207.4089919999242	0.3429999949999001	gratings	1493.0	0.342999995	359.0	0.0	0.0	1.0	0.0399999991	2.0	0.0	40.0
1208.1100159995258	0.3429999949999001	gratings	288.0	0.342999995	359.0	0.0	0.0	1.0	0.0399999991	2.0	0.0	40.0
1208.8089919993654	0.3429999949999001	gratings	217.0	0.342999995	359.0	0.0	0.0	1.0	0.0399999991	2.0	0.0	40.0
1209.5100159998983	0.3429999949999001	gratings	280.0	0.342999995	359.0	0.0	0.0	1.0	0.0399999991	2.0	0.0	40.0
1210.208991999738	0.3429999949999001	gratings	112.0	0.342999995	359.0	0.0	0.0	1.0	0.0399999991	2.0	1.57079637	40.0
1210.9100159993395	0.3429999949999001	gratings	944.0	0.342999995	359.0	0.0	0.0	1.0	0.0399999991	2.0	0.0	40.0
1211.6089920001104	0.3429999949999001	gratings	182.0	0.342999995	359.0	0.0	0.0	1.0	0.0399999991	2.0	0.0	40.0
1212.310015999712	0.3429999949999001	gratings	775.0	0.342999995	359.0	0.0	0.0	1.0	0.0399999991	2.0	0.0	40.0
1213.0089919995517	0.3429999949999001	gratings	520.0	0.342999995	359.0	0.0	0.0	1.0	0.0399999991	2.0	0.0	40.0
1213.708991999738	0.3429999949999001	gratings	111.0	0.342999995	359.0	0.0	0.0	1.0	0.0399999991	2.0	0.785398185	40.0
1214.4100159993395	0.3429999949999001	gratings	1289.0	0.342999995	359.0	0.0	0.0	1.0	0.0399999991	2.0	0.0	40.0
1215.1100159995258	0.3429999949999001	gratings	722.0	0.342999995	359.0	0.0	0.0	1.0	0.0399999991	2.0	0.0	40.0
1215.8089919993654	0.3429999949999001	gratings	502.0	0.342999995	359.0	0.0	0.0	1.0	0.0399999991	2.0	0.0	40.0
1216.5100159998983	0.3429999949999001	gratings	282.0	0.342999995	359.0	0.0	0.0	1.0	0.0399999991	2.0	0.0	40.0
1217.2100160000846	0.3429999949999001	gratings	1517.0	0.342999995	359.0	0.0	0.0	1.0	0.0399999991	2.0	0.0	40.0
1217.9100159993395	0.3429999949999001	gratings	470.0	0.342999995	359.0	0.0	0.0	1.0	0.0399999991	2.0	0.0	40.0
1218.6100159995258	0.3429999949999001	gratings	127.0	0.342999995	359.0	0.0	0.0	1.0	0.0399999991	2.0	1.57079637	40.0
1219.310015999712	0.3429999949999001	gratings	1422.0	0.342999995	359.0	0.0	0.0	1.0	0.0399999991	2.0	0.0	40.0
1220.0100159998983	0.3429999949999001	gratings	1108.0	0.342999995	359.0	0.0	0.0	1.0	0.0399999991	2.0	0.0	40.0
1220.7100160000846	0.3429999949999001	gratings	602.0	0.342999995	359.0	0.0	0.0	1.0	0.0399999991	2.0	0.0	40.0
1221.4100159993395	0.3429999949999001	gratings	655.0	0.342999995	359.0	0.0	0.0	1.0	0.0399999991	2.0	0.0	40.0
1222.1100159995258	0.3429999949999001	gratings	473.0	0.342999995	359.0	0.0	0.0	1.0	0.0399999991	2.0	0.0	40.0
1222.810015999712	0.3429999949999001	gratings	302.0	0.342999995	359.0	0.0	0.0	1.0	0.0399999991	2.0	0.0	40.0
1223.5100159998983	0.3429999949999001	gratings	138.0	0.342999995	359.0	0.0	0.0	1.0	0.0399999991	2.0	0.0	40.0
1224.2100160000846	0.3429999949999001	gratings	1096.0	0.342999995	359.0	0.0	0.0	1.0	0.0399999991	2.0	0.0	40.0
1224.9100159993395	0.3429999949999001	gratings	1158.0	0.342999995	359.0	0.0	0.0	1.0	0.0399999991	2.0	0.0	40.0
1225.6100159995258	0.3429999949999001	gratings	193.0	0.342999995	359.0	0.0	0.0	1.0	0.0399999991	2.0	0.0	40.0
1226.310015999712	0.3429999949999001	gratings	133.0	0.342999995	359.0	0.0	0.0	1.0	0.0399999991	2.0	0.0	40.0
1227.0100159998983	0.3429999949999001	gratings	788.0	0.342999995	359.0	0.0	0.0	1.0	0.0399999991	2.0	0.0	40.0
1227.7100160000846	0.3429999949999001	gratings	1214.0	0.342999995	359.0	0.0	0.0	1.0	0.0399999991	2.0	0.0	40.0
1228.4100159993395	0.3429999949999001	gratings	932.0	0.342999995	359.0	0.0	0.0	1.0	0.0399999991	2.0	0.0	40.0
1229.1100479997694	0.3429999949999001	gratings	1265.0	0.342999995	359.0	0.0	0.0	1.0	0.0399999991	2.0	0.0	40.0
1229.810015999712	0.3429999949999001	gratings	322.0	0.342999995	359.0	0.0	0.0	1.0	0.0399999991	2.0	0.0	40.0
1230.5100159998983	0.3429999949999001	gratings	518.0	0.342999995	359.0	0.0	0.0	1.0	0.0399999991	2.0	0.0	-1.0
1231.2100160000846	0.3429999949999001	gratings	21.0	0.342999995	359.0	0.0	0.0	1.0	0.0399999991	2.0	0.785398185	41.0
1231.9100159993395	0.3429999949999001	gratings	862.0	0.342999995	359.0	0.0	0.0	1.0	0.0399999991	2.0	0.0	41.0
1232.6100159995258	0.3429999949999001	gratings	404.0	0.342999995	359.0	0.0	0.0	1.0	0.0399999991	2.0	0.0	41.0
1233.310015999712	0.3429999949999001	gratings	1084.0	0.342999995	359.0	0.0	0.0	1.0	0.0399999991	2.0	0.0	41.0
1234.0100159998983	0.3429999949999001	gratings	1117.0	0.342999995	359.0	0.0	0.0	1.0	0.0399999991	2.0	0.0	41.0
1234.7100160000846	0.3429999949999001	gratings	995.0	0.342999995	359.0	0.0	0.0	1.0	0.0399999991	2.0	0.0	41.0
1235.4100159993395	0.3429999949999001	gratings	810.0	0.342999995	359.0	0.0	0.0	1.0	0.0399999991	2.0	0.0	41.0
1236.1100159995258	0.3429999949999001	gratings	387.0	0.342999995	359.0	0.0	0.0	1.0	0.0399999991	2.0	0.0	41.0
1236.810015999712	0.3429999949999001	gratings	479.0	0.342999995	359.0	0.0	0.0	1.0	0.0399999991	2.0	0.0	41.0
1237.5100159998983	0.3429999949999001	gratings	701.0	0.342999995	359.0	0.0	0.0	1.0	0.0399999991	2.0	0.0	41.0
1238.2100160000846	0.3429999949999001	gratings	87.0	0.342999995	359.0	0.0	0.0	1.0	0.0399999991	2.0	1.57079637	41.0
1238.9100159993395	0.3429999949999001	gratings	815.0	0.342999995	359.0	0.0	0.0	1.0	0.0399999991	2.0	0.0	41.0
1239.6100159995258	0.3429999949999001	gratings	1192.0	0.342999995	359.0	0.0	0.0	1.0	0.0399999991	2.0	0.0	41.0
1240.310015999712	0.3429999949999001	gratings	1476.0	0.342999995	359.0	0.0	0.0	1.0	0.0399999991	2.0	0.0	41.0
1241.0100159998983	0.3429999949999001	gratings	1271.0	0.342999995	359.0	0.0	0.0	1.0	0.0399999991	2.0	0.0	41.0
1241.7100160000846	0.3429999949999001	gratings	1017.0	0.342999995	359.0	0.0	0.0	1.0	0.0399999991	2.0	0.0	41.0
1242.4100159993395	0.3429999949999001	gratings	1285.0	0.342999995	359.0	0.0	0.0	1.0	0.0399999991	2.0	0.0	41.0
1243.1100159995258	0.3429999949999001	gratings	1077.0	0.342999995	359.0	0.0	0.0	1.0	0.0399999991	2.0	0.0	41.0
1243.810015999712	0.3429999949999001	gratings	1310.0	0.342999995	359.0	0.0	0.0	1.0	0.0399999991	2.0	0.0	41.0
1244.5100159998983	0.3429999949999001	gratings	1344.0	0.342999995	359.0	0.0	0.0	1.0	0.0399999991	2.0	0.0	41.0
1245.2100160000846	0.3429999949999001	gratings	583.0	0.342999995	359.0	0.0	0.0	1.0	0.0399999991	2.0	0.0	41.0
1245.9100159993395	0.3429999949999001	gratings	830.0	0.342999995	359.0	0.0	0.0	1.0	0.0399999991	2.0	0.0	41.0
1246.6100159995258	0.3429999949999001	gratings	1240.0	0.342999995	359.0	0.0	0.0	1.0	0.0399999991	2.0	0.0	41.0
1247.310015999712	0.3429999949999001	gratings	1419.0	0.342999995	359.0	0.0	0.0	1.0	0.0399999991	2.0	0.0	41.0
1248.0100159998983	0.3429999949999001	gratings	675.0	0.342999995	359.0	0.0	0.0	1.0	0.0399999991	2.0	0.0	41.0
1248.7100160000846	0.3429999949999001	gratings	1489.0	0.342999995	359.0	0.0	0.0	1.0	0.0399999991	2.0	0.0	41.0
1249.4100159993395	0.3429999949999001	gratings	691.0	0.342999995	359.0	0.0	0.0	1.0	0.0399999991	2.0	0.0	41.0
1250.1100159995258	0.3429999949999001	gratings	622.0	0.342999995	359.0	0.0	0.0	1.0	0.0399999991	2.0	0.0	41.0
1250.810015999712	0.3429999949999001	gratings	690.0	0.342999995	359.0	0.0	0.0	1.0	0.0399999991	2.0	0.0	41.0
1251.5100159998983	0.3429999949999001	gratings	228.0	0.342999995	359.0	0.0	0.0	1.0	0.0399999991	2.0	0.0	41.0
1252.2100160000846	0.3429999949999001	gratings	17.0	0.342999995	359.0	0.0	0.0	1.0	0.0399999991	2.0	1.57079637	41.0
1252.9100159993395	0.3429999949999001	gratings	174.0	0.342999995	359.0	0.0	0.0	1.0	0.0399999991	2.0	0.0	41.0
1253.6100159995258	0.3429999949999001	gratings	643.0	0.342999995	359.0	0.0	0.0	1.0	0.0399999991	2.0	0.0	41.0
1254.310015999712	0.3429999949999001	gratings	1220.0	0.342999995	359.0	0.0	0.0	1.0	0.0399999991	2.0	0.0	41.0
1255.0100159998983	0.3429999949999001	gratings	381.0	0.342999995	359.0	0.0	0.0	1.0	0.0399999991	2.0	0.0	41.0
1255.7100160000846	0.3429999949999001	gratings	140.0	0.342999995	359.0	0.0	0.0	1.0	0.0399999991	2.0	0.0	41.0
1256.4100159993395	0.3429999949999001	gratings	801.0	0.342999995	359.0	0.0	0.0	1.0	0.0399999991	2.0	0.0	41.0
1257.1100159995258	0.3429999949999001	gratings	679.0	0.342999995	359.0	0.0	0.0	1.0	0.0399999991	2.0	0.0	41.0
1257.810015999712	0.3429999949999001	gratings	886.0	0.342999995	359.0	0.0	0.0	1.0	0.0399999991	2.0	0.0	41.0
1258.5100159998983	0.3429999949999001	gratings	1456.0	0.342999995	359.0	0.0	0.0	1.0	0.0399999991	2.0	0.0	41.0
1259.2100160000846	0.3429999949999001	gratings	239.0	0.342999995	359.0	0.0	0.0	1.0	0.0399999991	2.0	0.0	41.0
1259.9100159993395	0.3429999949999001	gratings	467.0	0.342999995	359.0	0.0	0.0	1.0	0.0399999991	2.0	0.0	41.0
1260.6100159995258	0.3429999949999001	gratings	223.0	0.342999995	359.0	0.0	0.0	1.0	0.0399999991	2.0	0.0	42.0
1261.310015999712	0.3429999949999001	gratings	821.0	0.342999995	359.0	0.0	0.0	1.0	0.0399999991	2.0	0.0	42.0
1262.0100159998983	0.3429999949999001	gratings	1136.0	0.342999995	359.0	0.0	0.0	1.0	0.0399999991	2.0	0.0	42.0
1262.7100160000846	0.3429999949999001	gratings	856.0	0.342999995	359.0	0.0	0.0	1.0	0.0399999991	2.0	0.0	42.0
1263.4100159993395	0.3429999949999001	gratings	187.0	0.342999995	359.0	0.0	0.0	1.0	0.0399999991	2.0	0.0	42.0
1264.1100159995258	0.3429999949999001	gratings	77.0	0.342999995	359.0	0.0	0.0	1.0	0.0399999991	2.0	1.57079637	42.0
1264.810015999712	0.3429999949999001	gratings	781.0	0.342999995	359.0	0.0	0.0	1.0	0.0399999991	2.0	0.0	42.0
1265.5100159998983	0.3429999949999001	gratings	1319.0	0.342999995	359.0	0.0	0.0	1.0	0.0399999991	2.0	0.0	42.0
1266.2100160000846	0.3429999949999001	gratings	1169.0	0.342999995	359.0	0.0	0.0	1.0	0.0399999991	2.0	0.0	42.0
1266.9100159993395	0.3429999949999001	gratings	640.0	0.342999995	359.0	0.0	0.0	1.0	0.0399999991	2.0	0.0	42.0
1267.6100159995258	0.3429999949999001	gratings	586.0	0.342999995	359.0	0.0	0.0	1.0	0.0399999991	2.0	0.0	42.0
1268.310015999712	0.3429999949999001	gratings	159.0	0.342999995	359.0	0.0	0.0	1.0	0.0399999991	2.0	0.0	42.0
1269.0100159998983	0.3429999949999001	gratings	235.0	0.342999995	359.0	0.0	0.0	1.0	0.0399999991	2.0	0.0	42.0
1269.7100160000846	0.3429999949999001	gratings	413.0	0.342999995	359.0	0.0	0.0	1.0	0.0399999991	2.0	0.0	42.0
1270.4100159993395	0.3429999949999001	gratings	1352.0	0.342999995	359.0	0.0	0.0	1.0	0.0399999991	2.0	0.0	42.0
1271.1100159995258	0.3429999949999001	gratings	405.0	0.342999995	359.0	0.0	0.0	1.0	0.0399999991	2.0	0.0	42.0
1271.810015999712	0.3429999949999001	gratings	869.0	0.342999995	359.0	0.0	0.0	1.0	0.0399999991	2.0	0.0	42.0
1272.5100159998983	0.3429999949999001	gratings	53.0	0.342999995	359.0	0.0	0.0	1.0	0.0399999991	2.0	0.0	42.0
1273.2100160000846	0.3429999949999001	gratings	764.0	0.342999995	359.0	0.0	0.0	1.0	0.0399999991	2.0	0.0	42.0
1273.9100159993395	0.3429999949999001	gratings	1110.0	0.342999995	359.0	0.0	0.0	1.0	0.0399999991	2.0	0.0	42.0
1274.6100159995258	0.3429999949999001	gratings	39.0	0.342999995	359.0	0.0	0.0	0.0	0.0399999991	2.0	0.0	42.0
1275.310015999712	0.3429999949999001	gratings	1097.0	0.342999995	359.0	0.0	0.0	1.0	0.0399999991	2.0	0.0	42.0
1276.0100159998983	0.3429999949999001	gratings	1230.0	0.342999995	359.0	0.0	0.0	1.0	0.0399999991	2.0	0.0	42.0
1276.7100160000846	0.3429999949999001	gratings	1266.0	0.342999995	359.0	0.0	0.0	1.0	0.0399999991	2.0	0.0	42.0
1277.4100159993395	0.3429999949999001	gratings	1342.0	0.342999995	359.0	0.0	0.0	1.0	0.0399999991	2.0	0.0	42.0
1278.1100159995258	0.3429999949999001	gratings	166.0	0.342999995	359.0	0.0	0.0	1.0	0.0399999991	2.0	0.0	42.0
1278.810015999712	0.3429999949999001	gratings	160.0	0.342999995	359.0	0.0	0.0	1.0	0.0399999991	2.0	0.0	42.0
1279.5100159998983	0.3429999949999001	gratings	1246.0	0.342999995	359.0	0.0	0.0	1.0	0.0399999991	2.0	0.0	42.0
1280.2100160000846	0.3429999949999001	gratings	590.0	0.342999995	359.0	0.0	0.0	1.0	0.0399999991	2.0	0.0	42.0
1280.9100159993395	0.3429999949999001	gratings	891.0	0.342999995	359.0	0.0	0.0	1.0	0.0399999991	2.0	0.0	42.0
1281.6100159995258	0.3429999949999001	gratings	1332.0	0.342999995	359.0	0.0	0.0	1.0	0.0399999991	2.0	0.0	42.0
1282.310015999712	0.3429999949999001	gratings	1106.0	0.342999995	359.0	0.0	0.0	1.0	0.0399999991	2.0	0.0	42.0
1283.0100159998983	0.3429999949999001	gratings	1225.0	0.342999995	359.0	0.0	0.0	1.0	0.0399999991	2.0	0.0	42.0
1283.7100160000846	0.3429999949999001	gratings	863.0	0.342999995	359.0	0.0	0.0	1.0	0.0399999991	2.0	0.0	42.0
1284.4100159993395	0.3429999949999001	gratings	875.0	0.342999995	359.0	0.0	0.0	1.0	0.0399999991	2.0	0.0	42.0
1285.1100159995258	0.3429999949999001	gratings	1372.0	0.342999995	359.0	0.0	0.0	1.0	0.0399999991	2.0	0.0	42.0
1285.810015999712	0.3429999949999001	gratings	237.0	0.342999995	359.0	0.0	0.0	1.0	0.0399999991	2.0	0.0	42.0
1286.5100159998983	0.3429999949999001	gratings	947.0	0.342999995	359.0	0.0	0.0	1.0	0.0399999991	2.0	0.0	42.0
1287.2100160000846	0.3429999949999001	gratings	1506.0	0.342999995	359.0	0.0	0.0	1.0	0.0399999991	2.0	0.0	42.0
1287.9100159993395	0.3429999949999001	gratings	648.0	0.342999995	359.0	0.0	0.0	1.0	0.0399999991	2.0	0.0	42.0
1288.6100159995258	0.3429999949999001	gratings	497.0	0.342999995	359.0	0.0	0.0	1.0	0.0399999991	2.0	0.0	42.0
1289.310015999712	0.3429999949999001	gratings	1406.0	0.342999995	359.0	0.0	0.0	1.0	0.0399999991	2.0	0.0	42.0
1290.0100159998983	0.3429999949999001	gratings	1132.0	0.342999995	359.0	0.0	0.0	1.0	0.0399999991	2.0	0.0	-1.0
1290.7100160000846	0.3429999949999001	gratings	772.0	0.342999995	359.0	0.0	0.0	1.0	0.0399999991	2.0	0.0	43.0
1291.4100159993395	0.3429999949999001	gratings	258.0	0.342999995	359.0	0.0	0.0	1.0	0.0399999991	2.0	0.0	43.0
1292.1100159995258	0.3429999949999001	gratings	1156.0	0.342999995	359.0	0.0	0.0	1.0	0.0399999991	2.0	0.0	43.0
1292.810015999712	0.3429999949999001	gratings	1188.0	0.342999995	359.0	0.0	0.0	1.0	0.0399999991	2.0	0.0	43.0
1293.5100159998983	0.3429999949999001	gratings	936.0	0.342999995	359.0	0.0	0.0	1.0	0.0399999991	2.0	0.0	43.0
1294.2100160000846	0.3429999949999001	gratings	123.0	0.342999995	359.0	0.0	0.0	1.0	0.0399999991	2.0	0.0	43.0
1294.9100159993395	0.3429999949999001	gratings	1324.0	0.342999995	359.0	0.0	0.0	1.0	0.0399999991	2.0	0.0	43.0
1295.6100159995258	0.3429999949999001	gratings	16.0	0.342999995	359.0	0.0	0.0	1.0	0.0399999991	2.0	0.785398185	43.0
1296.310015999712	0.3429999949999001	gratings	1067.0	0.342999995	359.0	0.0	0.0	1.0	0.0399999991	2.0	0.0	43.0
1297.0100159998983	0.3429999949999001	gratings	560.0	0.342999995	359.0	0.0	0.0	1.0	0.0399999991	2.0	0.0	43.0
1297.7100160000846	0.3429999949999001	gratings	1351.0	0.342999995	359.0	0.0	0.0	1.0	0.0399999991	2.0	0.0	43.0
1298.4100159993395	0.3429999949999001	gratings	495.0	0.342999995	359.0	0.0	0.0	1.0	0.0399999991	2.0	0.0	43.0
1299.1100159995258	0.3429999949999001	gratings	370.0	0.342999995	359.0	0.0	0.0	1.0	0.0399999991	2.0	0.0	43.0
1299.810015999712	0.3429999949999001	gratings	905.0	0.342999995	359.0	0.0	0.0	1.0	0.0399999991	2.0	0.0	43.0
1300.5140159996226	0.3429999949999001	gratings	219.0	0.342999995	359.0	0.0	0.0	1.0	0.0399999991	2.0	0.0	43.0
1301.2100160000846	0.3429999949999001	gratings	1161.0	0.342999995	359.0	0.0	0.0	1.0	0.0399999991	2.0	0.0	43.0
1301.9100159993395	0.3429999949999001	gratings	165.0	0.342999995	359.0	0.0	0.0	1.0	0.0399999991	2.0	0.0	43.0
1302.6100159995258	0.3429999949999001	gratings	1440.0	0.342999995	359.0	0.0	0.0	1.0	0.0399999991	2.0	0.0	43.0
1303.310015999712	0.3429999949999001	gratings	446.0	0.342999995	359.0	0.0	0.0	1.0	0.0399999991	2.0	0.0	43.0
1304.0100159998983	0.3429999949999001	gratings	1355.0	0.342999995	359.0	0.0	0.0	1.0	0.0399999991	2.0	0.0	43.0
1304.7100160000846	0.3429999949999001	gratings	1004.0	0.342999995	359.0	0.0	0.0	1.0	0.0399999991	2.0	0.0	43.0
1305.4100159993395	0.3429999949999001	gratings	575.0	0.342999995	359.0	0.0	0.0	1.0	0.0399999991	2.0	0.0	43.0
1306.1100159995258	0.3429999949999001	gratings	889.0	0.342999995	359.0	0.0	0.0	1.0	0.0399999991	2.0	0.0	43.0
1306.810015999712	0.3429999949999001	gratings	1336.0	0.342999995	359.0	0.0	0.0	1.0	0.0399999991	2.0	0.0	43.0
1307.5100159998983	0.3429999949999001	gratings	85.0	0.342999995	359.0	0.0	0.0	1.0	0.0399999991	2.0	0.0	43.0
1308.2100160000846	0.3429999949999001	gratings	122.0	0.342999995	359.0	0.0	0.0	1.0	0.0399999991	2.0	1.57079637	43.0
1308.9100159993395	0.3429999949999001	gratings	475.0	0.342999995	359.0	0.0	0.0	1.0	0.0399999991	2.0	0.0	43.0
1309.6100159995258	0.3429999949999001	gratings	1092.0	0.342999995	359.0	0.0	0.0	1.0	0.0399999991	2.0	0.0	43.0
1310.310015999712	0.3429999949999001	gratings	269.0	0.342999995	359.0	0.0	0.0	1.0	0.0399999991	2.0	0.0	43.0
1311.0100159998983	0.3429999949999001	gratings	861.0	0.342999995	359.0	0.0	0.0	1.0	0.0399999991	2.0	0.0	43.0
1311.7100160000846	0.3429999949999001	gratings	481.0	0.342999995	359.0	0.0	0.0	1.0	0.0399999991	2.0	0.0	43.0
1312.4100159993395	0.3429999949999001	gratings	1145.0	0.342999995	359.0	0.0	0.0	1.0	0.0399999991	2.0	0.0	43.0
1313.1100159995258	0.3429999949999001	gratings	548.0	0.342999995	359.0	0.0	0.0	1.0	0.0399999991	2.0	0.0	43.0
1313.810015999712	0.3429999949999001	gratings	1251.0	0.342999995	359.0	0.0	0.0	1.0	0.0399999991	2.0	0.0	43.0
1314.5100159998983	0.3429999949999001	gratings	753.0	0.342999995	359.0	0.0	0.0	1.0	0.0399999991	2.0	0.0	43.0
1315.2100160000846	0.3429999949999001	gratings	300.0	0.342999995	359.0	0.0	0.0	1.0	0.0399999991	2.0	0.0	43.0
1315.9100159993395	0.3429999949999001	gratings	1484.0	0.342999995	359.0	0.0	0.0	1.0	0.0399999991	2.0	0.0	43.0
1316.6100159995258	0.3429999949999001	gratings	1180.0	0.342999995	359.0	0.0	0.0	1.0	0.0399999991	2.0	0.0	43.0
1317.310015999712	0.3429999949999001	gratings	19.0	0.342999995	359.0	0.0	0.0	0.0	0.0399999991	2.0	0.0	43.0
1318.0100159998983	0.3429999949999001	gratings	429.0	0.342999995	359.0	0.0	0.0	1.0	0.0399999991	2.0	0.0	43.0
1318.7100160000846	0.3429999949999001	gratings	1182.0	0.342999995	359.0	0.0	0.0	1.0	0.0399999991	2.0	0.0	43.0
1319.4100159993395	0.3429999949999001	gratings	814.0	0.342999995	359.0	0.0	0.0	1.0	0.0399999991	2.0	0.0	43.0
1320.1100159995258	0.3429999949999001	gratings	1162.0	0.342999995	359.0	0.0	0.0	1.0	0.0399999991	2.0	0.0	-1.0
1320.810015999712	0.3429999949999001	gratings	1123.0	0.342999995	359.0	0.0	0.0	1.0	0.0399999991	2.0	0.0	44.0
1321.5100159998983	0.3429999949999001	gratings	1364.0	0.342999995	359.0	0.0	0.0	1.0	0.0399999991	2.0	0.0	44.0
1322.2100160000846	0.3429999949999001	gratings	84.0	0.342999995	359.0	0.0	0.0	0.0	0.0399999991	2.0	0.0	44.0
1322.9100159993395	0.3429999949999001	gratings	262.0	0.342999995	359.0	0.0	0.0	1.0	0.0399999991	2.0	0.0	44.0
1323.6100159995258	0.3429999949999001	gratings	471.0	0.342999995	359.0	0.0	0.0	1.0	0.0399999991	2.0	0.0	44.0
1324.310015999712	0.3429999949999001	gratings	372.0	0.342999995	359.0	0.0	0.0	1.0	0.0399999991	2.0	0.0	44.0
1325.0100159998983	0.3429999949999001	gratings	1071.0	0.342999995	359.0	0.0	0.0	1.0	0.0399999991	2.0	0.0	44.0
1325.7100160000846	0.3429999949999001	gratings	846.0	0.342999995	359.0	0.0	0.0	1.0	0.0399999991	2.0	0.0	44.0
1326.4100159993395	0.3429999949999001	gratings	253.0	0.342999995	359.0	0.0	0.0	1.0	0.0399999991	2.0	0.0	44.0
1327.1100159995258	0.3429999949999001	gratings	1256.0	0.342999995	359.0	0.0	0.0	1.0	0.0399999991	2.0	0.0	44.0
1327.810015999712	0.3429999949999001	gratings	1211.0	0.342999995	359.0	0.0	0.0	1.0	0.0399999991	2.0	0.0	44.0
1328.5100159998983	0.3429999949999001	gratings	1450.0	0.342999995	359.0	0.0	0.0	1.0	0.0399999991	2.0	0.0	44.0
1329.2100160000846	0.3429999949999001	gratings	1248.0	0.342999995	359.0	0.0	0.0	1.0	0.0399999991	2.0	0.0	44.0
1329.9100159993395	0.3429999949999001	gratings	1236.0	0.342999995	359.0	0.0	0.0	1.0	0.0399999991	2.0	0.0	44.0
1330.6100159995258	0.3429999949999001	gratings	770.0	0.342999995	359.0	0.0	0.0	1.0	0.0399999991	2.0	0.0	44.0
1331.310015999712	0.3429999949999001	gratings	183.0	0.342999995	359.0	0.0	0.0	1.0	0.0399999991	2.0	0.0	44.0
1332.0100159998983	0.3429999949999001	gratings	1185.0	0.342999995	359.0	0.0	0.0	1.0	0.0399999991	2.0	0.0	44.0
1332.7100160000846	0.3429999949999001	gratings	570.0	0.342999995	359.0	0.0	0.0	1.0	0.0399999991	2.0	0.0	44.0
1333.4100159993395	0.3429999949999001	gratings	516.0	0.342999995	359.0	0.0	0.0	1.0	0.0399999991	2.0	0.0	44.0
1334.1100159995258	0.3429999949999001	gratings	851.0	0.342999995	359.0	0.0	0.0	1.0	0.0399999991	2.0	0.0	44.0
1334.810015999712	0.3429999949999001	gratings	98.0	0.342999995	359.0	0.0	0.0	1.0	0.0399999991	2.0	0.0	44.0
1335.5110080000013	0.3429999949999001	gratings	574.0	0.342999995	359.0	0.0	0.0	1.0	0.0399999991	2.0	0.0	44.0
1336.2100160000846	0.3429999949999001	gratings	551.0	0.342999995	359.0	0.0	0.0	1.0	0.0399999991	2.0	0.0	44.0
1336.9100159993395	0.3429999949999001	gratings	612.0	0.342999995	359.0	0.0	0.0	1.0	0.0399999991	2.0	0.0	44.0
1337.6100159995258	0.3429999949999001	gratings	662.0	0.342999995	359.0	0.0	0.0	1.0	0.0399999991	2.0	0.0	44.0
1338.310015999712	0.3429999949999001	gratings	1374.0	0.342999995	359.0	0.0	0.0	1.0	0.0399999991	2.0	0.0	44.0
1339.0100159998983	0.3429999949999001	gratings	1263.0	0.342999995	359.0	0.0	0.0	1.0	0.0399999991	2.0	0.0	44.0
1339.7100160000846	0.3429999949999001	gratings	566.0	0.342999995	359.0	0.0	0.0	1.0	0.0399999991	2.0	0.0	44.0
1340.4110079994425	0.3429999949999001	gratings	93.0	0.342999995	359.0	0.0	0.0	1.0	0.0399999991	2.0	0.0	44.0
1341.1100159995258	0.3429999949999001	gratings	1461.0	0.342999995	359.0	0.0	0.0	1.0	0.0399999991	2.0	0.0	44.0
1341.811007999815	0.3429999949999001	gratings	822.0	0.342999995	359.0	0.0	0.0	1.0	0.0399999991	2.0	0.0	44.0
1342.5110080000013	0.3429999949999001	gratings	671.0	0.342999995	359.0	0.0	0.0	1.0	0.0399999991	2.0	0.0	44.0
1343.2110079992563	0.3429999949999001	gratings	114.0	0.342999995	359.0	0.0	0.0	0.0	0.0399999991	2.0	0.0	44.0
1343.9110079994425	0.3429999949999001	gratings	333.0	0.342999995	359.0	0.0	0.0	1.0	0.0399999991	2.0	0.0	44.0
1344.6110079996288	0.3429999949999001	gratings	585.0	0.342999995	359.0	0.0	0.0	1.0	0.0399999991	2.0	0.0	44.0
1345.311007999815	0.3429999949999001	gratings	1354.0	0.342999995	359.0	0.0	0.0	1.0	0.0399999991	2.0	0.0	44.0
1346.0110080000013	0.3429999949999001	gratings	1518.0	0.342999995	359.0	0.0	0.0	1.0	0.0399999991	2.0	0.0	44.0
1346.7110079992563	0.3429999949999001	gratings	771.0	0.342999995	359.0	0.0	0.0	1.0	0.0399999991	2.0	0.0	44.0
1347.4110079994425	0.3429999949999001	gratings	1346.0	0.342999995	359.0	0.0	0.0	1.0	0.0399999991	2.0	0.0	44.0
1348.1110079996288	0.3429999949999001	gratings	652.0	0.342999995	359.0	0.0	0.0	1.0	0.0399999991	2.0	0.0	44.0
1348.811007999815	0.3429999949999001	gratings	196.0	0.342999995	359.0	0.0	0.0	1.0	0.0399999991	2.0	0.0	44.0
1349.5110080000013	0.3429999949999001	gratings	54.0	0.342999995	359.0	0.0	0.0	0.0	0.0399999991	2.0	0.0	44.0
1350.2110079992563	0.3429999949999001	gratings	135.0	0.342999995	359.0	0.0	0.0	1.0	0.0399999991	2.0	0.0	-1.0
1350.9110079994425	0.3429999949999001	gratings	1313.0	0.342999995	359.0	0.0	0.0	1.0	0.0399999991	2.0	0.0	45.0
1351.6110079996288	0.3429999949999001	gratings	243.0	0.342999995	359.0	0.0	0.0	1.0	0.0399999991	2.0	0.0	45.0
1352.311007999815	0.3429999949999001	gratings	1218.0	0.342999995	359.0	0.0	0.0	1.0	0.0399999991	2.0	0.0	45.0
1353.0110080000013	0.3429999949999001	gratings	1058.0	0.342999995	359.0	0.0	0.0	1.0	0.0399999991	2.0	0.0	45.0
1353.7110079992563	0.3429999949999001	gratings	1295.0	0.342999995	359.0	0.0	0.0	1.0	0.0399999991	2.0	0.0	45.0
1354.4110079994425	0.3429999949999001	gratings	693.0	0.342999995	359.0	0.0	0.0	1.0	0.0399999991	2.0	0.0	45.0
1355.1110079996288	0.3429999949999001	gratings	463.0	0.342999995	359.0	0.0	0.0	1.0	0.0399999991	2.0	0.0	45.0
1355.811007999815	0.3429999949999001	gratings	126.0	0.342999995	359.0	0.0	0.0	1.0	0.0399999991	2.0	0.785398185	45.0
1356.5110080000013	0.3429999949999001	gratings	324.0	0.342999995	359.0	0.0	0.0	1.0	0.0399999991	2.0	0.0	45.0
1357.2110079992563	0.3429999949999001	gratings	588.0	0.342999995	359.0	0.0	0.0	1.0	0.0399999991	2.0	0.0	45.0
1357.9110079994425	0.3429999949999001	gratings	7.0	0.342999995	359.0	0.0	0.0	1.0	0.0399999991	2.0	1.57079637	45.0
1358.6110079996288	0.3429999949999001	gratings	552.0	0.342999995	359.0	0.0	0.0	1.0	0.0399999991	2.0	0.0	45.0
1359.311007999815	0.3429999949999001	gratings	576.0	0.342999995	359.0	0.0	0.0	1.0	0.0399999991	2.0	0.0	45.0
1360.0110080000013	0.3429999949999001	gratings	308.0	0.342999995	359.0	0.0	0.0	1.0	0.0399999991	2.0	0.0	45.0
1360.7110079992563	0.3429999949999001	gratings	374.0	0.342999995	359.0	0.0	0.0	1.0	0.0399999991	2.0	0.0	45.0
1361.4110079994425	0.3429999949999001	gratings	1280.0	0.342999995	359.0	0.0	0.0	1.0	0.0399999991	2.0	0.0	45.0
1362.1110079996288	0.3429999949999001	gratings	1402.0	0.342999995	359.0	0.0	0.0	1.0	0.0399999991	2.0	0.0	45.0
1362.811007999815	0.3429999949999001	gratings	81.0	0.342999995	359.0	0.0	0.0	1.0	0.0399999991	2.0	0.785398185	45.0
1363.5110080000013	0.3429999949999001	gratings	599.0	0.342999995	359.0	0.0	0.0	1.0	0.0399999991	2.0	0.0	45.0
1364.2110079992563	0.3429999949999001	gratings	1483.0	0.342999995	359.0	0.0	0.0	1.0	0.0399999991	2.0	0.0	45.0
1364.9110079994425	0.3429999949999001	gratings	407.0	0.342999995	359.0	0.0	0.0	1.0	0.0399999991	2.0	0.0	45.0
1365.6110079996288	0.3429999949999001	gratings	1255.0	0.342999995	359.0	0.0	0.0	1.0	0.0399999991	2.0	0.0	45.0
1366.311007999815	0.3429999949999001	gratings	733.0	0.342999995	359.0	0.0	0.0	1.0	0.0399999991	2.0	0.0	45.0
1367.0110080000013	0.3429999949999001	gratings	411.0	0.342999995	359.0	0.0	0.0	1.0	0.0399999991	2.0	0.0	45.0
1367.7110079992563	0.3429999949999001	gratings	14.0	0.342999995	359.0	0.0	0.0	0.0	0.0399999991	2.0	0.0	45.0
1368.4110079994425	0.3429999949999001	gratings	1160.0	0.342999995	359.0	0.0	0.0	1.0	0.0399999991	2.0	0.0	45.0
1369.1110079996288	0.3429999949999001	gratings	535.0	0.342999995	359.0	0.0	0.0	1.0	0.0399999991	2.0	0.0	45.0
1369.811007999815	0.3429999949999001	gratings	667.0	0.342999995	359.0	0.0	0.0	1.0	0.0399999991	2.0	0.0	45.0
1370.5110080000013	0.3429999949999001	gratings	793.0	0.342999995	359.0	0.0	0.0	1.0	0.0399999991	2.0	0.0	45.0
1371.2110079992563	0.3429999949999001	gratings	935.0	0.342999995	359.0	0.0	0.0	1.0	0.0399999991	2.0	0.0	45.0
1371.9110079994425	0.3429999949999001	gratings	155.0	0.342999995	359.0	0.0	0.0	1.0	0.0399999991	2.0	0.0	45.0
1372.6110079996288	0.3429999949999001	gratings	909.0	0.342999995	359.0	0.0	0.0	1.0	0.0399999991	2.0	0.0	45.0
1373.311007999815	0.3429999949999001	gratings	668.0	0.342999995	359.0	0.0	0.0	1.0	0.0399999991	2.0	0.0	45.0
1374.0110080000013	0.3429999949999001	gratings	200.0	0.342999995	359.0	0.0	0.0	1.0	0.0399999991	2.0	0.0	45.0
1374.7110079992563	0.3429999949999001	gratings	899.0	0.342999995	359.0	0.0	0.0	1.0	0.0399999991	2.0	0.0	45.0
1375.4110079994425	0.3429999949999001	gratings	32.0	0.342999995	359.0	0.0	0.0	1.0	0.0399999991	2.0	1.57079637	45.0
1376.1110079996288	0.3429999949999001	gratings	791.0	0.342999995	359.0	0.0	0.0	1.0	0.0399999991	2.0	0.0	45.0
1376.811007999815	0.3429999949999001	gratings	1243.0	0.342999995	359.0	0.0	0.0	1.0	0.0399999991	2.0	0.0	45.0
1377.5110080000013	0.3429999949999001	gratings	732.0	0.342999995	359.0	0.0	0.0	1.0	0.0399999991	2.0	0.0	45.0
1378.2110079992563	0.3429999949999001	gratings	1495.0	0.342999995	359.0	0.0	0.0	1.0	0.0399999991	2.0	0.0	45.0
1378.9110079994425	0.3429999949999001	gratings	67.0	0.342999995	359.0	0.0	0.0	1.0	0.0399999991	2.0	1.57079637	45.0
1379.6110079996288	0.3429999949999001	gratings	525.0	0.342999995	359.0	0.0	0.0	1.0	0.0399999991	2.0	0.0	45.0
1380.311007999815	0.3429999949999001	gratings	1432.0	0.342999995	359.0	0.0	0.0	1.0	0.0399999991	2.0	0.0	-1.0
1381.0110080000013	0.3429999949999001	gratings	1165.0	0.342999995	359.0	0.0	0.0	1.0	0.0399999991	2.0	0.0	46.0
1381.7110079992563	0.3429999949999001	gratings	1228.0	0.342999995	359.0	0.0	0.0	1.0	0.0399999991	2.0	0.0	46.0
1382.4110079994425	0.3429999949999001	gratings	366.0	0.342999995	359.0	0.0	0.0	1.0	0.0399999991	2.0	0.0	46.0
1383.1110079996288	0.3429999949999001	gratings	1409.0	0.342999995	359.0	0.0	0.0	1.0	0.0399999991	2.0	0.0	46.0
1383.811007999815	0.3429999949999001	gratings	263.0	0.342999995	359.0	0.0	0.0	1.0	0.0399999991	2.0	0.0	46.0
1384.5110080000013	0.3429999949999001	gratings	976.0	0.342999995	359.0	0.0	0.0	1.0	0.0399999991	2.0	0.0	46.0
1385.2110079992563	0.3429999949999001	gratings	613.0	0.342999995	359.0	0.0	0.0	1.0	0.0399999991	2.0	0.0	46.0
1385.9110079994425	0.3429999949999001	gratings	1442.0	0.342999995	359.0	0.0	0.0	1.0	0.0399999991	2.0	0.0	46.0
1386.6110079996288	0.3429999949999001	gratings	848.0	0.342999995	359.0	0.0	0.0	1.0	0.0399999991	2.0	0.0	46.0
1387.311007999815	0.3429999949999001	gratings	121.0	0.342999995	359.0	0.0	0.0	1.0	0.0399999991	2.0	0.785398185	46.0
1388.0110080000013	0.3429999949999001	gratings	740.0	0.342999995	359.0	0.0	0.0	1.0	0.0399999991	2.0	0.0	46.0
1388.7110079992563	0.3429999949999001	gratings	347.0	0.342999995	359.0	0.0	0.0	1.0	0.0399999991	2.0	0.0	46.0
1389.4110079994425	0.3429999949999001	gratings	1480.0	0.342999995	359.0	0.0	0.0	1.0	0.0399999991	2.0	0.0	46.0
1390.1110079996288	0.3429999949999001	gratings	1184.0	0.342999995	359.0	0.0	0.0	1.0	0.0399999991	2.0	0.0	46.0
1390.811007999815	0.3429999949999001	gratings	1459.0	0.342999995	359.0	0.0	0.0	1.0	0.0399999991	2.0	0.0	46.0
1391.5110080000013	0.3429999949999001	gratings	1392.0	0.342999995	359.0	0.0	0.0	1.0	0.0399999991	2.0	0.0	46.0
1392.2110079992563	0.3429999949999001	gratings	726.0	0.342999995	359.0	0.0	0.0	1.0	0.0399999991	2.0	0.0	46.0
1392.9110079994425	0.3429999949999001	gratings	946.0	0.342999995	359.0	0.0	0.0	1.0	0.0399999991	2.0	0.0	46.0
1393.6110079996288	0.3429999949999001	gratings	1287.0	0.342999995	359.0	0.0	0.0	1.0	0.0399999991	2.0	0.0	46.0
1394.311007999815	0.3429999949999001	gratings	669.0	0.342999995	359.0	0.0	0.0	1.0	0.0399999991	2.0	0.0	46.0
1395.0110080000013	0.3429999949999001	gratings	1359.0	0.342999995	359.0	0.0	0.0	1.0	0.0399999991	2.0	0.0	46.0
1395.7110079992563	0.3429999949999001	gratings	57.0	0.342999995	359.0	0.0	0.0	1.0	0.0399999991	2.0	1.57079637	46.0
1396.4110079994425	0.3429999949999001	gratings	561.0	0.342999995	359.0	0.0	0.0	1.0	0.0399999991	2.0	0.0	46.0
1397.1110079996288	0.3429999949999001	gratings	957.0	0.342999995	359.0	0.0	0.0	1.0	0.0399999991	2.0	0.0	46.0
1397.811007999815	0.3429999949999001	gratings	831.0	0.342999995	359.0	0.0	0.0	1.0	0.0399999991	2.0	0.0	46.0
1398.5110080000013	0.3429999949999001	gratings	1261.0	0.342999995	359.0	0.0	0.0	1.0	0.0399999991	2.0	0.0	46.0
1399.2110079992563	0.3429999949999001	gratings	360.0	0.342999995	359.0	0.0	0.0	1.0	0.0399999991	2.0	0.0	46.0
1399.9110079994425	0.3429999949999001	gratings	719.0	0.342999995	359.0	0.0	0.0	1.0	0.0399999991	2.0	0.0	46.0
1400.6110079996288	0.3429999949999001	gratings	749.0	0.342999995	359.0	0.0	0.0	1.0	0.0399999991	2.0	0.0	46.0
1401.311007999815	0.3429999949999001	gratings	1217.0	0.342999995	359.0	0.0	0.0	1.0	0.0399999991	2.0	0.0	46.0
1402.0110080000013	0.3429999949999001	gratings	1279.0	0.342999995	359.0	0.0	0.0	1.0	0.0399999991	2.0	0.0	46.0
1402.7110079992563	0.3429999949999001	gratings	1259.0	0.342999995	359.0	0.0	0.0	1.0	0.0399999991	2.0	0.0	46.0
1403.4110079994425	0.3429999949999001	gratings	785.0	0.342999995	359.0	0.0	0.0	1.0	0.0399999991	2.0	0.0	46.0
1404.1110079996288	0.3429999949999001	gratings	35.0	0.342999995	359.0	0.0	0.0	1.0	0.0399999991	2.0	0.0	46.0
1404.811007999815	0.3429999949999001	gratings	1091.0	0.342999995	359.0	0.0	0.0	1.0	0.0399999991	2.0	0.0	46.0
1405.5110080000013	0.3429999949999001	gratings	204.0	0.342999995	359.0	0.0	0.0	1.0	0.0399999991	2.0	0.0	46.0
1406.2110079992563	0.3429999949999001	gratings	464.0	0.342999995	359.0	0.0	0.0	1.0	0.0399999991	2.0	0.0	46.0
1406.9110079994425	0.3429999949999001	gratings	326.0	0.342999995	359.0	0.0	0.0	1.0	0.0399999991	2.0	0.0	46.0
1407.6110079996288	0.3429999949999001	gratings	1194.0	0.342999995	359.0	0.0	0.0	1.0	0.0399999991	2.0	0.0	46.0
1408.311007999815	0.3429999949999001	gratings	1318.0	0.342999995	359.0	0.0	0.0	1.0	0.0399999991	2.0	0.0	46.0
1409.0110080000013	0.3429999949999001	gratings	474.0	0.342999995	359.0	0.0	0.0	1.0	0.0399999991	2.0	0.0	46.0
1409.7110079992563	0.3429999949999001	gratings	934.0	0.342999995	359.0	0.0	0.0	1.0	0.0399999991	2.0	0.0	46.0
1410.4110079994425	0.3429999949999001	gratings	222.0	0.342999995	359.0	0.0	0.0	1.0	0.0399999991	2.0	0.0	-1.0
1411.1110079996288	0.3429999949999001	gratings	483.0	0.342999995	359.0	0.0	0.0	1.0	0.0399999991	2.0	0.0	47.0
1411.811007999815	0.3429999949999001	gratings	633.0	0.342999995	359.0	0.0	0.0	1.0	0.0399999991	2.0	0.0	47.0
1412.5110080000013	0.3429999949999001	gratings	8.0	0.342999995	359.0	0.0	0.0	1.0	0.0399999991	2.0	0.0	47.0
1413.2110079992563	0.3429999949999001	gratings	504.0	0.342999995	359.0	0.0	0.0	1.0	0.0399999991	2.0	0.0	47.0
1413.9110079994425	0.3429999949999001	gratings	1361.0	0.342999995	359.0	0.0	0.0	1.0	0.0399999991	2.0	0.0	47.0
1414.6110079996288	0.3429999949999001	gratings	515.0	0.342999995	359.0	0.0	0.0	1.0	0.0399999991	2.0	0.0	47.0
1415.311007999815	0.3429999949999001	gratings	1260.0	0.342999995	359.0	0.0	0.0	1.0	0.0399999991	2.0	0.0	47.0
1416.0110080000013	0.3429999949999001	gratings	1059.0	0.342999995	359.0	0.0	0.0	1.0	0.0399999991	2.0	0.0	47.0
1416.7110079992563	0.3429999949999001	gratings	992.0	0.342999995	359.0	0.0	0.0	1.0	0.0399999991	2.0	0.0	47.0
1417.4110079994425	0.3429999949999001	gratings	809.0	0.342999995	359.0	0.0	0.0	1.0	0.0399999991	2.0	0.0	47.0
1418.1110079996288	0.3429999949999001	gratings	295.0	0.342999995	359.0	0.0	0.0	1.0	0.0399999991	2.0	0.0	47.0
1418.811007999815	0.3429999949999001	gratings	688.0	0.342999995	359.0	0.0	0.0	1.0	0.0399999991	2.0	0.0	47.0
1419.5110080000013	0.3429999949999001	gratings	510.0	0.342999995	359.0	0.0	0.0	1.0	0.0399999991	2.0	0.0	47.0
1420.2110079992563	0.3429999949999001	gratings	779.0	0.342999995	359.0	0.0	0.0	1.0	0.0399999991	2.0	0.0	47.0
1420.9110079994425	0.3429999949999001	gratings	860.0	0.342999995	359.0	0.0	0.0	1.0	0.0399999991	2.0	0.0	47.0
1421.6110079996288	0.3429999949999001	gratings	563.0	0.342999995	359.0	0.0	0.0	1.0	0.0399999991	2.0	0.0	47.0
1422.311007999815	0.3429999949999001	gratings	1381.0	0.342999995	359.0	0.0	0.0	1.0	0.0399999991	2.0	0.0	47.0
1423.0110080000013	0.3429999949999001	gratings	1115.0	0.342999995	359.0	0.0	0.0	1.0	0.0399999991	2.0	0.0	47.0
1423.7110079992563	0.3429999949999001	gratings	63.0	0.342999995	359.0	0.0	0.0	1.0	0.0399999991	2.0	0.0	47.0
1424.4110079994425	0.3429999949999001	gratings	1037.0	0.342999995	359.0	0.0	0.0	1.0	0.0399999991	2.0	0.0	47.0
1425.1110079996288	0.3429999949999001	gratings	1205.0	0.342999995	359.0	0.0	0.0	1.0	0.0399999991	2.0	0.0	47.0
1425.811007999815	0.3429999949999001	gratings	620.0	0.342999995	359.0	0.0	0.0	1.0	0.0399999991	2.0	0.0	47.0
1426.5110080000013	0.3429999949999001	gratings	355.0	0.342999995	359.0	0.0	0.0	1.0	0.0399999991	2.0	0.0	47.0
1427.2110079992563	0.3429999949999001	gratings	375.0	0.342999995	359.0	0.0	0.0	1.0	0.0399999991	2.0	0.0	47.0
1427.9110079994425	0.3429999949999001	gratings	1164.0	0.342999995	359.0	0.0	0.0	1.0	0.0399999991	2.0	0.0	47.0
1428.6110079996288	0.3429999949999001	gratings	716.0	0.342999995	359.0	0.0	0.0	1.0	0.0399999991	2.0	0.0	47.0
1429.311007999815	0.3429999949999001	gratings	287.0	0.342999995	359.0	0.0	0.0	1.0	0.0399999991	2.0	0.0	47.0
1430.0110080000013	0.3429999949999001	gratings	301.0	0.342999995	359.0	0.0	0.0	1.0	0.0399999991	2.0	0.0	47.0
1430.7110079992563	0.3429999949999001	gratings	1267.0	0.342999995	359.0	0.0	0.0	1.0	0.0399999991	2.0	0.0	47.0
1431.4110079994425	0.3429999949999001	gratings	931.0	0.342999995	359.0	0.0	0.0	1.0	0.0399999991	2.0	0.0	47.0
1432.1110079996288	0.3429999949999001	gratings	335.0	0.342999995	359.0	0.0	0.0	1.0	0.0399999991	2.0	0.0	47.0
1432.811007999815	0.3429999949999001	gratings	1389.0	0.342999995	359.0	0.0	0.0	1.0	0.0399999991	2.0	0.0	47.0
1433.5110080000013	0.3429999949999001	gratings	1365.0	0.342999995	359.0	0.0	0.0	1.0	0.0399999991	2.0	0.0	47.0
1434.2110079992563	0.3429999949999001	gratings	581.0	0.342999995	359.0	0.0	0.0	1.0	0.0399999991	2.0	0.0	47.0
1434.9110079994425	0.3429999949999001	gratings	303.0	0.342999995	359.0	0.0	0.0	1.0	0.0399999991	2.0	0.0	47.0
1435.6110079996288	0.3429999949999001	gratings	802.0	0.342999995	359.0	0.0	0.0	1.0	0.0399999991	2.0	0.0	47.0
1436.311007999815	0.3429999949999001	gratings	1482.0	0.342999995	359.0	0.0	0.0	1.0	0.0399999991	2.0	0.0	47.0
1437.0110080000013	0.3429999949999001	gratings	331.0	0.342999995	359.0	0.0	0.0	1.0	0.0399999991	2.0	0.0	47.0
1437.7110079992563	0.3429999949999001	gratings	1167.0	0.342999995	359.0	0.0	0.0	1.0	0.0399999991	2.0	0.0	47.0
1438.4110079994425	0.3429999949999001	gratings	1325.0	0.342999995	359.0	0.0	0.0	1.0	0.0399999991	2.0	0.0	47.0
1439.1110079996288	0.3429999949999001	gratings	1500.0	0.342999995	359.0	0.0	0.0	1.0	0.0399999991	2.0	0.0	47.0
1439.811007999815	0.3429999949999001	gratings	1056.0	0.342999995	359.0	0.0	0.0	1.0	0.0399999991	2.0	0.0	47.0
1440.5110080000013	0.3429999949999001	gratings	1235.0	0.342999995	359.0	0.0	0.0	1.0	0.0399999991	2.0	0.0	-1.0
1441.2110079992563	0.3429999949999001	gratings	1408.0	0.342999995	359.0	0.0	0.0	1.0	0.0399999991	2.0	0.0	48.0
1441.9110079994425	0.3429999949999001	gratings	117.0	0.342999995	359.0	0.0	0.0	1.0	0.0399999991	2.0	1.57079637	48.0
1442.6110079996288	0.3429999949999001	gratings	873.0	0.342999995	359.0	0.0	0.0	1.0	0.0399999991	2.0	0.0	48.0
1443.311007999815	0.3429999949999001	gratings	762.0	0.342999995	359.0	0.0	0.0	1.0	0.0399999991	2.0	0.0	48.0
1444.0110080000013	0.3429999949999001	gratings	508.0	0.342999995	359.0	0.0	0.0	1.0	0.0399999991	2.0	0.0	48.0
1444.7110079992563	0.3429999949999001	gratings	796.0	0.342999995	359.0	0.0	0.0	1.0	0.0399999991	2.0	0.0	48.0
1445.4110079994425	0.3429999949999001	gratings	741.0	0.342999995	359.0	0.0	0.0	1.0	0.0399999991	2.0	0.0	48.0
1446.1110079996288	0.3429999949999001	gratings	363.0	0.342999995	359.0	0.0	0.0	1.0	0.0399999991	2.0	0.0	48.0
1446.811007999815	0.3429999949999001	gratings	584.0	0.342999995	359.0	0.0	0.0	1.0	0.0399999991	2.0	0.0	48.0
1447.5110080000013	0.3429999949999001	gratings	425.0	0.342999995	359.0	0.0	0.0	1.0	0.0399999991	2.0	0.0	48.0
1448.2110079992563	0.3429999949999001	gratings	1428.0	0.342999995	359.0	0.0	0.0	1.0	0.0399999991	2.0	0.0	48.0
1448.9110079994425	0.3429999949999001	gratings	1415.0	0.342999995	359.0	0.0	0.0	1.0	0.0399999991	2.0	0.0	48.0
1449.6110079996288	0.3429999949999001	gratings	1276.0	0.342999995	359.0	0.0	0.0	1.0	0.0399999991	2.0	0.0	48.0
1450.311007999815	0.3429999949999001	gratings	379.0	0.342999995	359.0	0.0	0.0	1.0	0.0399999991	2.0	0.0	48.0
1451.0110080000013	0.3429999949999001	gratings	382.0	0.342999995	359.0	0.0	0.0	1.0	0.0399999991	2.0	0.0	48.0
1451.7110079992563	0.3429999949999001	gratings	868.0	0.342999995	359.0	0.0	0.0	1.0	0.0399999991	2.0	0.0	48.0
1452.4110079994425	0.3429999949999001	gratings	1016.0	0.342999995	359.0	0.0	0.0	1.0	0.0399999991	2.0	0.0	48.0
1453.1110079996288	0.3429999949999001	gratings	273.0	0.342999995	359.0	0.0	0.0	1.0	0.0399999991	2.0	0.0	48.0
1453.811007999815	0.3429999949999001	gratings	1189.0	0.342999995	359.0	0.0	0.0	1.0	0.0399999991	2.0	0.0	48.0
1454.5110080000013	0.3429999949999001	gratings	1187.0	0.342999995	359.0	0.0	0.0	1.0	0.0399999991	2.0	0.0	48.0
1455.2110079992563	0.3429999949999001	gratings	277.0	0.342999995	359.0	0.0	0.0	1.0	0.0399999991	2.0	0.0	48.0
1455.9110079994425	0.3429999949999001	gratings	884.0	0.342999995	359.0	0.0	0.0	1.0	0.0399999991	2.0	0.0	48.0
1456.6110079996288	0.3429999949999001	gratings	1321.0	0.342999995	359.0	0.0	0.0	1.0	0.0399999991	2.0	0.0	48.0
1457.311007999815	0.3429999949999001	gratings	498.0	0.342999995	359.0	0.0	0.0	1.0	0.0399999991	2.0	0.0	48.0
1458.0110080000013	0.3429999949999001	gratings	1531.0	0.342999995	359.0	0.0	0.0	1.0	0.0399999991	2.0	0.0	48.0
1458.7110079992563	0.3429999949999001	gratings	1501.0	0.342999995	359.0	0.0	0.0	1.0	0.0399999991	2.0	0.0	48.0
1459.4110079994425	0.3429999949999001	gratings	598.0	0.342999995	359.0	0.0	0.0	1.0	0.0399999991	2.0	0.0	48.0
1460.1110079996288	0.3429999949999001	gratings	229.0	0.342999995	359.0	0.0	0.0	1.0	0.0399999991	2.0	0.0	48.0
1460.811007999815	0.3429999949999001	gratings	64.0	0.342999995	359.0	0.0	0.0	0.0	0.0399999991	2.0	0.0	48.0
1461.5110080000013	0.3429999949999001	gratings	805.0	0.342999995	359.0	0.0	0.0	1.0	0.0399999991	2.0	0.0	48.0
1462.2110079992563	0.3429999949999001	gratings	500.0	0.342999995	359.0	0.0	0.0	1.0	0.0399999991	2.0	0.0	48.0
1462.9110079994425	0.3429999949999001	gratings	519.0	0.342999995	359.0	0.0	0.0	1.0	0.0399999991	2.0	0.0	48.0
1463.6110079996288	0.3429999949999001	gratings	898.0	0.342999995	359.0	0.0	0.0	1.0	0.0399999991	2.0	0.0	48.0
1464.311007999815	0.3429999949999001	gratings	361.0	0.342999995	359.0	0.0	0.0	1.0	0.0399999991	2.0	0.0	48.0
1465.0110080000013	0.3429999949999001	gratings	1270.0	0.342999995	359.0	0.0	0.0	1.0	0.0399999991	2.0	0.0	48.0
1465.7110079992563	0.3429999949999001	gratings	784.0	0.342999995	359.0	0.0	0.0	1.0	0.0399999991	2.0	0.0	48.0
1466.4110079994425	0.3429999949999001	gratings	1345.0	0.342999995	359.0	0.0	0.0	1.0	0.0399999991	2.0	0.0	48.0
1467.1110079996288	0.3429999949999001	gratings	659.0	0.342999995	359.0	0.0	0.0	1.0	0.0399999991	2.0	0.0	48.0
1467.811007999815	0.3429999949999001	gratings	580.0	0.342999995	359.0	0.0	0.0	1.0	0.0399999991	2.0	0.0	48.0
1468.5110080000013	0.3429999949999001	gratings	933.0	0.342999995	359.0	0.0	0.0	1.0	0.0399999991	2.0	0.0	48.0
1469.2119999993593	0.3429999949999001	gratings	1113.0	0.342999995	359.0	0.0	0.0	1.0	0.0399999991	2.0	0.0	48.0
1469.9119999995455	0.3429999949999001	gratings	128.0	0.342999995	359.0	0.0	0.0	1.0	0.0399999991	2.0	0.0	48.0
1470.6119999997318	0.3429999949999001	gratings	120.0	0.342999995	359.0	0.0	0.0	1.0	0.0399999991	2.0	0.0	49.0
1471.311999999918	0.3429999949999001	gratings	362.0	0.342999995	359.0	0.0	0.0	1.0	0.0399999991	2.0	0.0	49.0
1472.0120000001043	0.3429999949999001	gratings	1203.0	0.342999995	359.0	0.0	0.0	1.0	0.0399999991	2.0	0.0	49.0
1472.7119999993593	0.3429999949999001	gratings	813.0	0.342999995	359.0	0.0	0.0	1.0	0.0399999991	2.0	0.0	49.0
1473.4119999995455	0.3429999949999001	gratings	544.0	0.342999995	359.0	0.0	0.0	1.0	0.0399999991	2.0	0.0	49.0
1474.1119999997318	0.3429999949999001	gratings	313.0	0.342999995	359.0	0.0	0.0	1.0	0.0399999991	2.0	0.0	49.0
1474.811999999918	0.3429999949999001	gratings	618.0	0.342999995	359.0	0.0	0.0	1.0	0.0399999991	2.0	0.0	49.0
1475.5120000001043	0.3429999949999001	gratings	414.0	0.342999995	359.0	0.0	0.0	1.0	0.0399999991	2.0	0.0	49.0
1476.2119999993593	0.3429999949999001	gratings	1441.0	0.342999995	359.0	0.0	0.0	1.0	0.0399999991	2.0	0.0	49.0
1476.9119999995455	0.3429999949999001	gratings	232.0	0.342999995	359.0	0.0	0.0	1.0	0.0399999991	2.0	0.0	49.0
1477.6119999997318	0.3429999949999001	gratings	1434.0	0.342999995	359.0	0.0	0.0	1.0	0.0399999991	2.0	0.0	49.0
1478.311999999918	0.3429999949999001	gratings	879.0	0.342999995	359.0	0.0	0.0	1.0	0.0399999991	2.0	0.0	49.0
1479.0120000001043	0.3429999949999001	gratings	724.0	0.342999995	359.0	0.0	0.0	1.0	0.0399999991	2.0	0.0	49.0
1479.7119999993593	0.3429999949999001	gratings	807.0	0.342999995	359.0	0.0	0.0	1.0	0.0399999991	2.0	0.0	49.0
1480.4119999995455	0.3429999949999001	gratings	1466.0	0.342999995	359.0	0.0	0.0	1.0	0.0399999991	2.0	0.0	49.0
1481.1119999997318	0.3429999949999001	gratings	398.0	0.342999995	359.0	0.0	0.0	1.0	0.0399999991	2.0	0.0	49.0
1481.811999999918	0.3429999949999001	gratings	1467.0	0.342999995	359.0	0.0	0.0	1.0	0.0399999991	2.0	0.0	49.0
1482.5120000001043	0.3429999949999001	gratings	1298.0	0.342999995	359.0	0.0	0.0	1.0	0.0399999991	2.0	0.0	49.0
1483.2119999993593	0.3429999949999001	gratings	635.0	0.342999995	359.0	0.0	0.0	1.0	0.0399999991	2.0	0.0	49.0
1483.9119999995455	0.3429999949999001	gratings	760.0	0.342999995	359.0	0.0	0.0	1.0	0.0399999991	2.0	0.0	49.0
1484.6119999997318	0.3429999949999001	gratings	1307.0	0.342999995	359.0	0.0	0.0	1.0	0.0399999991	2.0	0.0	49.0
1485.311999999918	0.3429999949999001	gratings	736.0	0.342999995	359.0	0.0	0.0	1.0	0.0399999991	2.0	0.0	49.0
1486.0120000001043	0.3429999949999001	gratings	816.0	0.342999995	359.0	0.0	0.0	1.0	0.0399999991	2.0	0.0	49.0
1486.7119999993593	0.3429999949999001	gratings	621.0	0.342999995	359.0	0.0	0.0	1.0	0.0399999991	2.0	0.0	49.0
1487.4119999995455	0.3429999949999001	gratings	538.0	0.342999995	359.0	0.0	0.0	1.0	0.0399999991	2.0	0.0	49.0
1488.1119999997318	0.3429999949999001	gratings	254.0	0.342999995	359.0	0.0	0.0	1.0	0.0399999991	2.0	0.0	49.0
1488.811999999918	0.3429999949999001	gratings	717.0	0.342999995	359.0	0.0	0.0	1.0	0.0399999991	2.0	0.0	49.0
1489.5120000001043	0.3429999949999001	gratings	1030.0	0.342999995	359.0	0.0	0.0	1.0	0.0399999991	2.0	0.0	49.0
1490.2119999993593	0.3429999949999001	gratings	171.0	0.342999995	359.0	0.0	0.0	1.0	0.0399999991	2.0	0.0	49.0
1490.9119999995455	0.3429999949999001	gratings	199.0	0.342999995	359.0	0.0	0.0	1.0	0.0399999991	2.0	0.0	49.0
1491.6119999997318	0.3429999949999001	gratings	523.0	0.342999995	359.0	0.0	0.0	1.0	0.0399999991	2.0	0.0	49.0
1492.311999999918	0.3429999949999001	gratings	1317.0	0.342999995	359.0	0.0	0.0	1.0	0.0399999991	2.0	0.0	49.0
1493.0120000001043	0.3429999949999001	gratings	1275.0	0.342999995	359.0	0.0	0.0	1.0	0.0399999991	2.0	0.0	49.0
1493.7119999993593	0.3429999949999001	gratings	1028.0	0.342999995	359.0	0.0	0.0	1.0	0.0399999991	2.0	0.0	49.0
1494.4119999995455	0.3429999949999001	gratings	582.0	0.342999995	359.0	0.0	0.0	1.0	0.0399999991	2.0	0.0	49.0
1495.1119999997318	0.3429999949999001	gratings	221.0	0.342999995	359.0	0.0	0.0	1.0	0.0399999991	2.0	0.0	49.0
1495.811999999918	0.3429999949999001	gratings	929.0	0.342999995	359.0	0.0	0.0	1.0	0.0399999991	2.0	0.0	49.0
1496.5120000001043	0.3429999949999001	gratings	536.0	0.342999995	359.0	0.0	0.0	1.0	0.0399999991	2.0	0.0	49.0
1497.2119999993593	0.3429999949999001	gratings	206.0	0.342999995	359.0	0.0	0.0	1.0	0.0399999991	2.0	0.0	49.0
1497.9119999995455	0.3429999949999001	gratings	1492.0	0.342999995	359.0	0.0	0.0	1.0	0.0399999991	2.0	0.0	49.0
1498.6119999997318	0.3429999949999001	gratings	1015.0	0.342999995	359.0	0.0	0.0	1.0	0.0399999991	2.0	0.0	49.0
1499.311999999918	0.3429999949999001	gratings	589.0	0.342999995	359.0	0.0	0.0	1.0	0.0399999991	2.0	0.0	49.0
1500.0120000001043	0.3429999949999001	gratings	418.0	0.342999995	359.0	0.0	0.0	1.0	0.0399999991	2.0	0.0	-1.0
1500.7119999993593	0.3429999949999001	gratings	179.0	0.342999995	359.0	0.0	0.0	1.0	0.0399999991	2.0	0.0	50.0
1501.4119999995455	0.3429999949999001	gratings	1177.0	0.342999995	359.0	0.0	0.0	1.0	0.0399999991	2.0	0.0	50.0
1502.1119999997318	0.3429999949999001	gratings	1370.0	0.342999995	359.0	0.0	0.0	1.0	0.0399999991	2.0	0.0	50.0
1502.811999999918	0.3429999949999001	gratings	638.0	0.342999995	359.0	0.0	0.0	1.0	0.0399999991	2.0	0.0	50.0
1503.5120000001043	0.3429999949999001	gratings	346.0	0.342999995	359.0	0.0	0.0	1.0	0.0399999991	2.0	0.0	50.0
1504.2119999993593	0.3429999949999001	gratings	689.0	0.342999995	359.0	0.0	0.0	1.0	0.0399999991	2.0	0.0	50.0
1504.9119999995455	0.3429999949999001	gratings	824.0	0.342999995	359.0	0.0	0.0	1.0	0.0399999991	2.0	0.0	50.0
1505.6119999997318	0.3429999949999001	gratings	1297.0	0.342999995	359.0	0.0	0.0	1.0	0.0399999991	2.0	0.0	50.0
1506.311999999918	0.3429999949999001	gratings	1141.0	0.342999995	359.0	0.0	0.0	1.0	0.0399999991	2.0	0.0	50.0
1507.0120000001043	0.3429999949999001	gratings	627.0	0.342999995	359.0	0.0	0.0	1.0	0.0399999991	2.0	0.0	50.0
1507.7119999993593	0.3429999949999001	gratings	441.0	0.342999995	359.0	0.0	0.0	1.0	0.0399999991	2.0	0.0	50.0
1508.4119999995455	0.3429999949999001	gratings	1181.0	0.342999995	359.0	0.0	0.0	1.0	0.0399999991	2.0	0.0	50.0
1509.1119999997318	0.3429999949999001	gratings	718.0	0.342999995	359.0	0.0	0.0	1.0	0.0399999991	2.0	0.0	50.0
1509.811999999918	0.3429999949999001	gratings	605.0	0.342999995	359.0	0.0	0.0	1.0	0.0399999991	2.0	0.0	50.0
1510.5120000001043	0.3429999949999001	gratings	1000.0	0.342999995	359.0	0.0	0.0	1.0	0.0399999991	2.0	0.0	50.0
1511.2119999993593	0.3429999949999001	gratings	1341.0	0.342999995	359.0	0.0	0.0	1.0	0.0399999991	2.0	0.0	50.0
1511.9119999995455	0.3429999949999001	gratings	780.0	0.342999995	359.0	0.0	0.0	1.0	0.0399999991	2.0	0.0	50.0
1512.6119999997318	0.3429999949999001	gratings	1264.0	0.342999995	359.0	0.0	0.0	1.0	0.0399999991	2.0	0.0	50.0
1513.311999999918	0.3429999949999001	gratings	486.0	0.342999995	359.0	0.0	0.0	1.0	0.0399999991	2.0	0.0	50.0
1514.0120000001043	0.3429999949999001	gratings	1034.0	0.342999995	359.0	0.0	0.0	1.0	0.0399999991	2.0	0.0	50.0
1514.7119999993593	0.3429999949999001	gratings	729.0	0.342999995	359.0	0.0	0.0	1.0	0.0399999991	2.0	0.0	50.0
1515.4119999995455	0.3429999949999001	gratings	426.0	0.342999995	359.0	0.0	0.0	1.0	0.0399999991	2.0	0.0	50.0
1516.1119999997318	0.3429999949999001	gratings	189.0	0.342999995	359.0	0.0	0.0	1.0	0.0399999991	2.0	0.0	50.0
1516.811999999918	0.3429999949999001	gratings	1207.0	0.342999995	359.0	0.0	0.0	1.0	0.0399999991	2.0	0.0	50.0
1517.5120000001043	0.3429999949999001	gratings	207.0	0.342999995	359.0	0.0	0.0	1.0	0.0399999991	2.0	0.0	50.0
1518.2119999993593	0.3429999949999001	gratings	1198.0	0.342999995	359.0	0.0	0.0	1.0	0.0399999991	2.0	0.0	50.0
1518.9119999995455	0.3429999949999001	gratings	1420.0	0.342999995	359.0	0.0	0.0	1.0	0.0399999991	2.0	0.0	50.0
1519.6119999997318	0.3429999949999001	gratings	52.0	0.342999995	359.0	0.0	0.0	1.0	0.0399999991	2.0	1.57079637	50.0
1520.311999999918	0.3429999949999001	gratings	44.0	0.342999995	359.0	0.0	0.0	0.0	0.0399999991	2.0	0.0	50.0
1521.0120000001043	0.3429999949999001	gratings	1135.0	0.342999995	359.0	0.0	0.0	1.0	0.0399999991	2.0	0.0	50.0
1521.7119999993593	0.3429999949999001	gratings	97.0	0.342999995	359.0	0.0	0.0	1.0	0.0399999991	2.0	1.57079637	50.0
1522.4119999995455	0.3429999949999001	gratings	38.0	0.342999995	359.0	0.0	0.0	1.0	0.0399999991	2.0	0.0	50.0
1523.1119999997318	0.3429999949999001	gratings	529.0	0.342999995	359.0	0.0	0.0	1.0	0.0399999991	2.0	0.0	50.0
1523.811999999918	0.3429999949999001	gratings	292.0	0.342999995	359.0	0.0	0.0	1.0	0.0399999991	2.0	0.0	50.0
1524.5120000001043	0.3429999949999001	gratings	260.0	0.342999995	359.0	0.0	0.0	1.0	0.0399999991	2.0	0.0	50.0
1525.2119999993593	0.3429999949999001	gratings	1528.0	0.342999995	359.0	0.0	0.0	1.0	0.0399999991	2.0	0.0	50.0
1525.9119999995455	0.3429999949999001	gratings	1333.0	0.342999995	359.0	0.0	0.0	1.0	0.0399999991	2.0	0.0	50.0
1526.6119999997318	0.3429999949999001	gratings	1060.0	0.342999995	359.0	0.0	0.0	1.0	0.0399999991	2.0	0.0	50.0
1527.311999999918	0.3429999949999001	gratings	1191.0	0.342999995	359.0	0.0	0.0	1.0	0.0399999991	2.0	0.0	50.0
1528.0120000001043	0.3429999949999001	gratings	358.0	0.342999995	359.0	0.0	0.0	1.0	0.0399999991	2.0	0.0	50.0
1528.7119999993593	0.3429999949999001	gratings	15.0	0.342999995	359.0	0.0	0.0	1.0	0.0399999991	2.0	0.0	50.0
1529.4119999995455	0.3429999949999001	gratings	951.0	0.342999995	359.0	0.0	0.0	1.0	0.0399999991	2.0	0.0	50.0
1530.1119999997318	0.3429999949999001	gratings	981.0	0.342999995	359.0	0.0	0.0	1.0	0.0399999991	2.0	0.0	-1.0
1530.811999999918	0.3429999949999001	gratings	1051.0	0.342999995	359.0	0.0	0.0	1.0	0.0399999991	2.0	0.0	51.0
1531.5120000001043	0.3429999949999001	gratings	513.0	0.342999995	359.0	0.0	0.0	1.0	0.0399999991	2.0	0.0	51.0
1532.2119999993593	0.3429999949999001	gratings	65.0	0.342999995	359.0	0.0	0.0	1.0	0.0399999991	2.0	0.0	51.0
1532.9119999995455	0.3429999949999001	gratings	606.0	0.342999995	359.0	0.0	0.0	1.0	0.0399999991	2.0	0.0	51.0
1533.6119999997318	0.3429999949999001	gratings	705.0	0.342999995	359.0	0.0	0.0	1.0	0.0399999991	2.0	0.0	51.0
1534.311999999918	0.3429999949999001	gratings	1379.0	0.342999995	359.0	0.0	0.0	1.0	0.0399999991	2.0	0.0	51.0
1535.0120000001043	0.3429999949999001	gratings	607.0	0.342999995	359.0	0.0	0.0	1.0	0.0399999991	2.0	0.0	51.0
1535.7119999993593	0.3429999949999001	gratings	144.0	0.342999995	359.0	0.0	0.0	0.0	0.0399999991	2.0	0.0	51.0
1536.4119999995455	0.3429999949999001	gratings	205.0	0.342999995	359.0	0.0	0.0	1.0	0.0399999991	2.0	0.0	51.0
1537.1119999997318	0.3429999949999001	gratings	1101.0	0.342999995	359.0	0.0	0.0	1.0	0.0399999991	2.0	0.0	51.0
1537.811999999918	0.3429999949999001	gratings	1155.0	0.342999995	359.0	0.0	0.0	1.0	0.0399999991	2.0	0.0	51.0
1538.5120000001043	0.3429999949999001	gratings	735.0	0.342999995	359.0	0.0	0.0	1.0	0.0399999991	2.0	0.0	51.0
1539.2119999993593	0.3429999949999001	gratings	452.0	0.342999995	359.0	0.0	0.0	1.0	0.0399999991	2.0	0.0	51.0
1539.9119999995455	0.3429999949999001	gratings	1387.0	0.342999995	359.0	0.0	0.0	1.0	0.0399999991	2.0	0.0	51.0
1540.6119999997318	0.3429999949999001	gratings	1114.0	0.342999995	359.0	0.0	0.0	1.0	0.0399999991	2.0	0.0	51.0
1541.311999999918	0.3429999949999001	gratings	512.0	0.342999995	359.0	0.0	0.0	1.0	0.0399999991	2.0	0.0	51.0
1542.0120000001043	0.3429999949999001	gratings	338.0	0.342999995	359.0	0.0	0.0	1.0	0.0399999991	2.0	0.0	51.0
1542.7119999993593	0.3429999949999001	gratings	1086.0	0.342999995	359.0	0.0	0.0	1.0	0.0399999991	2.0	0.0	51.0
1543.4119999995455	0.3429999949999001	gratings	1396.0	0.342999995	359.0	0.0	0.0	1.0	0.0399999991	2.0	0.0	51.0
1544.1119999997318	0.3429999949999001	gratings	665.0	0.342999995	359.0	0.0	0.0	1.0	0.0399999991	2.0	0.0	51.0
1544.811999999918	0.3429999949999001	gratings	1426.0	0.342999995	359.0	0.0	0.0	1.0	0.0399999991	2.0	0.0	51.0
1545.5120000001043	0.3429999949999001	gratings	485.0	0.342999995	359.0	0.0	0.0	1.0	0.0399999991	2.0	0.0	51.0
1546.2119999993593	0.3429999949999001	gratings	984.0	0.342999995	359.0	0.0	0.0	1.0	0.0399999991	2.0	0.0	51.0
1546.9119999995455	0.3429999949999001	gratings	59.0	0.342999995	359.0	0.0	0.0	0.0	0.0399999991	2.0	0.0	51.0
1547.6119999997318	0.3429999949999001	gratings	124.0	0.342999995	359.0	0.0	0.0	0.0	0.0399999991	2.0	0.0	51.0
1548.311999999918	0.3429999949999001	gratings	106.0	0.342999995	359.0	0.0	0.0	1.0	0.0399999991	2.0	0.785398185	51.0
1549.0120000001043	0.3429999949999001	gratings	845.0	0.342999995	359.0	0.0	0.0	1.0	0.0399999991	2.0	0.0	51.0
1549.7119999993593	0.3429999949999001	gratings	834.0	0.342999995	359.0	0.0	0.0	1.0	0.0399999991	2.0	0.0	51.0
1550.4119999995455	0.3429999949999001	gratings	964.0	0.342999995	359.0	0.0	0.0	1.0	0.0399999991	2.0	0.0	51.0
1551.1119999997318	0.3429999949999001	gratings	660.0	0.342999995	359.0	0.0	0.0	1.0	0.0399999991	2.0	0.0	51.0
1551.811999999918	0.3429999949999001	gratings	378.0	0.342999995	359.0	0.0	0.0	1.0	0.0399999991	2.0	0.0	51.0
1552.5120000001043	0.3429999949999001	gratings	1006.0	0.342999995	359.0	0.0	0.0	1.0	0.0399999991	2.0	0.0	51.0
1553.2119999993593	0.3429999949999001	gratings	259.0	0.342999995	359.0	0.0	0.0	1.0	0.0399999991	2.0	0.0	51.0
1553.9119999995455	0.3429999949999001	gratings	906.0	0.342999995	359.0	0.0	0.0	1.0	0.0399999991	2.0	0.0	51.0
1554.6119999997318	0.3429999949999001	gratings	672.0	0.342999995	359.0	0.0	0.0	1.0	0.0399999991	2.0	0.0	51.0
1555.311999999918	0.3429999949999001	gratings	1173.0	0.342999995	359.0	0.0	0.0	1.0	0.0399999991	2.0	0.0	51.0
1556.0120000001043	0.3429999949999001	gratings	737.0	0.342999995	359.0	0.0	0.0	1.0	0.0399999991	2.0	0.0	51.0
1556.7119999993593	0.3429999949999001	gratings	340.0	0.342999995	359.0	0.0	0.0	1.0	0.0399999991	2.0	0.0	51.0
1557.4119999995455	0.3429999949999001	gratings	332.0	0.342999995	359.0	0.0	0.0	1.0	0.0399999991	2.0	0.0	51.0
1558.1119999997318	0.3429999949999001	gratings	1378.0	0.342999995	359.0	0.0	0.0	1.0	0.0399999991	2.0	0.0	51.0
1558.811999999918	0.3429999949999001	gratings	723.0	0.342999995	359.0	0.0	0.0	1.0	0.0399999991	2.0	0.0	51.0
1559.5120000001043	0.3429999949999001	gratings	896.0	0.342999995	359.0	0.0	0.0	1.0	0.0399999991	2.0	0.0	51.0
1560.2119999993593	0.3429999949999001	gratings	1382.0	0.342999995	359.0	0.0	0.0	1.0	0.0399999991	2.0	0.0	-1.0
1560.9119999995455	0.3429999949999001	gratings	1041.0	0.342999995	359.0	0.0	0.0	1.0	0.0399999991	2.0	0.0	52.0
1561.6119999997318	0.3429999949999001	gratings	1291.0	0.342999995	359.0	0.0	0.0	1.0	0.0399999991	2.0	0.0	52.0
1562.311999999918	0.3429999949999001	gratings	1423.0	0.342999995	359.0	0.0	0.0	1.0	0.0399999991	2.0	0.0	52.0
1563.0120000001043	0.3429999949999001	gratings	380.0	0.342999995	359.0	0.0	0.0	1.0	0.0399999991	2.0	0.0	52.0
1563.7119999993593	0.3429999949999001	gratings	70.0	0.342999995	359.0	0.0	0.0	1.0	0.0399999991	2.0	0.0	52.0
1564.4119999995455	0.3429999949999001	gratings	390.0	0.342999995	359.0	0.0	0.0	1.0	0.0399999991	2.0	0.0	52.0
1565.1119999997318	0.3429999949999001	gratings	820.0	0.342999995	359.0	0.0	0.0	1.0	0.0399999991	2.0	0.0	52.0
1565.811999999918	0.3429999949999001	gratings	647.0	0.342999995	359.0	0.0	0.0	1.0	0.0399999991	2.0	0.0	52.0
1566.5120000001043	0.3429999949999001	gratings	759.0	0.342999995	359.0	0.0	0.0	1.0	0.0399999991	2.0	0.0	52.0
1567.2119999993593	0.3429999949999001	gratings	1039.0	0.342999995	359.0	0.0	0.0	1.0	0.0399999991	2.0	0.0	52.0
1567.9119999995455	0.3429999949999001	gratings	1258.0	0.342999995	359.0	0.0	0.0	1.0	0.0399999991	2.0	0.0	52.0
1568.6119999997318	0.3429999949999001	gratings	673.0	0.342999995	359.0	0.0	0.0	1.0	0.0399999991	2.0	0.0	52.0
1569.311999999918	0.3429999949999001	gratings	507.0	0.342999995	359.0	0.0	0.0	1.0	0.0399999991	2.0	0.0	52.0
1570.0120000001043	0.3429999949999001	gratings	453.0	0.342999995	359.0	0.0	0.0	1.0	0.0399999991	2.0	0.0	52.0
1570.7119999993593	0.3429999949999001	gratings	818.0	0.342999995	359.0	0.0	0.0	1.0	0.0399999991	2.0	0.0	52.0
1571.4119999995455	0.3429999949999001	gratings	979.0	0.342999995	359.0	0.0	0.0	1.0	0.0399999991	2.0	0.0	52.0
1572.1119999997318	0.3429999949999001	gratings	1075.0	0.342999995	359.0	0.0	0.0	1.0	0.0399999991	2.0	0.0	52.0
1572.812992000021	0.3429999949999001	gratings	756.0	0.342999995	359.0	0.0	0.0	1.0	0.0399999991	2.0	0.0	52.0
1573.5120319994166	0.3429999949999001	gratings	88.0	0.342999995	359.0	0.0	0.0	1.0	0.0399999991	2.0	0.0	52.0
1574.2119999993593	0.3429999949999001	gratings	1062.0	0.342999995	359.0	0.0	0.0	1.0	0.0399999991	2.0	0.0	52.0
1574.9119999995455	0.3429999949999001	gratings	819.0	0.342999995	359.0	0.0	0.0	1.0	0.0399999991	2.0	0.0	52.0
1575.6119999997318	0.3429999949999001	gratings	925.0	0.342999995	359.0	0.0	0.0	1.0	0.0399999991	2.0	0.0	52.0
1576.311999999918	0.3429999949999001	gratings	546.0	0.342999995	359.0	0.0	0.0	1.0	0.0399999991	2.0	0.0	52.0
1577.0120000001043	0.3429999949999001	gratings	1208.0	0.342999995	359.0	0.0	0.0	1.0	0.0399999991	2.0	0.0	52.0
1577.7119999993593	0.3429999949999001	gratings	859.0	0.342999995	359.0	0.0	0.0	1.0	0.0399999991	2.0	0.0	52.0
1578.4119999995455	0.3429999949999001	gratings	558.0	0.342999995	359.0	0.0	0.0	1.0	0.0399999991	2.0	0.0	52.0
1579.1119999997318	0.3429999949999001	gratings	271.0	0.342999995	359.0	0.0	0.0	1.0	0.0399999991	2.0	0.0	52.0
1579.811999999918	0.3429999949999001	gratings	78.0	0.342999995	359.0	0.0	0.0	1.0	0.0399999991	2.0	0.0	52.0
1580.5120000001043	0.3429999949999001	gratings	1011.0	0.342999995	359.0	0.0	0.0	1.0	0.0399999991	2.0	0.0	52.0
1581.2119999993593	0.3429999949999001	gratings	614.0	0.342999995	359.0	0.0	0.0	1.0	0.0399999991	2.0	0.0	52.0
1581.9119999995455	0.3429999949999001	gratings	681.0	0.342999995	359.0	0.0	0.0	1.0	0.0399999991	2.0	0.0	52.0
1582.6119999997318	0.3429999949999001	gratings	680.0	0.342999995	359.0	0.0	0.0	1.0	0.0399999991	2.0	0.0	52.0
1583.311999999918	0.3429999949999001	gratings	1331.0	0.342999995	359.0	0.0	0.0	1.0	0.0399999991	2.0	0.0	52.0
1584.0120000001043	0.3429999949999001	gratings	1022.0	0.342999995	359.0	0.0	0.0	1.0	0.0399999991	2.0	0.0	52.0
1584.7119999993593	0.3429999949999001	gratings	1306.0	0.342999995	359.0	0.0	0.0	1.0	0.0399999991	2.0	0.0	52.0
1585.4119999995455	0.3429999949999001	gratings	894.0	0.342999995	359.0	0.0	0.0	1.0	0.0399999991	2.0	0.0	52.0
1586.1119999997318	0.3429999949999001	gratings	1125.0	0.342999995	359.0	0.0	0.0	1.0	0.0399999991	2.0	0.0	52.0
1586.811999999918	0.3429999949999001	gratings	1204.0	0.342999995	359.0	0.0	0.0	1.0	0.0399999991	2.0	0.0	52.0
1587.5120000001043	0.3429999949999001	gratings	350.0	0.342999995	359.0	0.0	0.0	1.0	0.0399999991	2.0	0.0	52.0
1588.2119999993593	0.3429999949999001	gratings	961.0	0.342999995	359.0	0.0	0.0	1.0	0.0399999991	2.0	0.0	52.0
1588.9119999995455	0.3429999949999001	gratings	783.0	0.342999995	359.0	0.0	0.0	1.0	0.0399999991	2.0	0.0	52.0
1589.6119999997318	0.3429999949999001	gratings	218.0	0.342999995	359.0	0.0	0.0	1.0	0.0399999991	2.0	0.0	52.0
1590.311999999918	0.3429999949999001	gratings	30.0	0.342999995	359.0	0.0	0.0	1.0	0.0399999991	2.0	0.0	-1.0
1591.0120000001043	0.3429999949999001	gratings	1320.0	0.342999995	359.0	0.0	0.0	1.0	0.0399999991	2.0	0.0	53.0
1591.7119999993593	0.3429999949999001	gratings	1449.0	0.342999995	359.0	0.0	0.0	1.0	0.0399999991	2.0	0.0	53.0
1592.4119999995455	0.3429999949999001	gratings	511.0	0.342999995	359.0	0.0	0.0	1.0	0.0399999991	2.0	0.0	53.0
1593.1119999997318	0.3429999949999001	gratings	1269.0	0.342999995	359.0	0.0	0.0	1.0	0.0399999991	2.0	0.0	53.0
1593.811999999918	0.3429999949999001	gratings	190.0	0.342999995	359.0	0.0	0.0	1.0	0.0399999991	2.0	0.0	53.0
1594.5120000001043	0.3429999949999001	gratings	849.0	0.342999995	359.0	0.0	0.0	1.0	0.0399999991	2.0	0.0	53.0
1595.2129919994622	0.3429999949999001	gratings	1505.0	0.342999995	359.0	0.0	0.0	1.0	0.0399999991	2.0	0.0	53.0
1595.9129919996485	0.3429999949999001	gratings	971.0	0.342999995	359.0	0.0	0.0	1.0	0.0399999991	2.0	0.0	53.0
1596.6119999997318	0.3429999949999001	gratings	368.0	0.342999995	359.0	0.0	0.0	1.0	0.0399999991	2.0	0.0	53.0
1597.312992000021	0.3429999949999001	gratings	131.0	0.342999995	359.0	0.0	0.0	1.0	0.0399999991	2.0	0.785398185	53.0
1598.012991999276	0.3429999949999001	gratings	11.0	0.342999995	359.0	0.0	0.0	1.0	0.0399999991	2.0	0.785398185	53.0
1598.7129919994622	0.3429999949999001	gratings	1386.0	0.342999995	359.0	0.0	0.0	1.0	0.0399999991	2.0	0.0	53.0
1599.4119999995455	0.3429999949999001	gratings	1282.0	0.342999995	359.0	0.0	0.0	1.0	0.0399999991	2.0	0.0	53.0
1600.1129919998348	0.3429999949999001	gratings	230.0	0.342999995	359.0	0.0	0.0	1.0	0.0399999991	2.0	0.0	53.0
1600.812992000021	0.3429999949999001	gratings	274.0	0.342999995	359.0	0.0	0.0	1.0	0.0399999991	2.0	0.0	53.0
1601.512991999276	0.3429999949999001	gratings	299.0	0.342999995	359.0	0.0	0.0	1.0	0.0399999991	2.0	0.0	53.0
1602.2129919994622	0.3429999949999001	gratings	430.0	0.342999995	359.0	0.0	0.0	1.0	0.0399999991	2.0	0.0	53.0
1602.9129919996485	0.3429999949999001	gratings	61.0	0.342999995	359.0	0.0	0.0	1.0	0.0399999991	2.0	0.785398185	53.0
1603.6129919998348	0.3429999949999001	gratings	328.0	0.342999995	359.0	0.0	0.0	1.0	0.0399999991	2.0	0.0	53.0
1604.312992000021	0.3429999949999001	gratings	897.0	0.342999995	359.0	0.0	0.0	1.0	0.0399999991	2.0	0.0	53.0
1605.012991999276	0.3429999949999001	gratings	823.0	0.342999995	359.0	0.0	0.0	1.0	0.0399999991	2.0	0.0	53.0
1605.7129919994622	0.3429999949999001	gratings	62.0	0.342999995	359.0	0.0	0.0	1.0	0.0399999991	2.0	1.57079637	53.0
1606.4129919996485	0.3429999949999001	gratings	180.0	0.342999995	359.0	0.0	0.0	1.0	0.0399999991	2.0	0.0	53.0
1607.1129919998348	0.3429999949999001	gratings	1410.0	0.342999995	359.0	0.0	0.0	1.0	0.0399999991	2.0	0.0	53.0
1607.812992000021	0.3429999949999001	gratings	488.0	0.342999995	359.0	0.0	0.0	1.0	0.0399999991	2.0	0.0	53.0
1608.512991999276	0.3429999949999001	gratings	666.0	0.342999995	359.0	0.0	0.0	1.0	0.0399999991	2.0	0.0	53.0
1609.2129919994622	0.3429999949999001	gratings	385.0	0.342999995	359.0	0.0	0.0	1.0	0.0399999991	2.0	0.0	53.0
1609.9129919996485	0.3429999949999001	gratings	1093.0	0.342999995	359.0	0.0	0.0	1.0	0.0399999991	2.0	0.0	53.0
1610.6129919998348	0.3429999949999001	gratings	774.0	0.342999995	359.0	0.0	0.0	1.0	0.0399999991	2.0	0.0	53.0
1611.312992000021	0.3429999949999001	gratings	1163.0	0.342999995	359.0	0.0	0.0	1.0	0.0399999991	2.0	0.0	53.0
1612.012991999276	0.3429999949999001	gratings	226.0	0.342999995	359.0	0.0	0.0	1.0	0.0399999991	2.0	0.0	53.0
1612.7129919994622	0.3429999949999001	gratings	1120.0	0.342999995	359.0	0.0	0.0	1.0	0.0399999991	2.0	0.0	53.0
1613.4129919996485	0.3429999949999001	gratings	1202.0	0.342999995	359.0	0.0	0.0	1.0	0.0399999991	2.0	0.0	53.0
1614.1129919998348	0.3429999949999001	gratings	1425.0	0.342999995	359.0	0.0	0.0	1.0	0.0399999991	2.0	0.0	53.0
1614.812992000021	0.3429999949999001	gratings	804.0	0.342999995	359.0	0.0	0.0	1.0	0.0399999991	2.0	0.0	53.0
1615.512991999276	0.3429999949999001	gratings	198.0	0.342999995	359.0	0.0	0.0	1.0	0.0399999991	2.0	0.0	53.0
1616.2129919994622	0.3429999949999001	gratings	1200.0	0.342999995	359.0	0.0	0.0	1.0	0.0399999991	2.0	0.0	53.0
1616.9129919996485	0.3429999949999001	gratings	1019.0	0.342999995	359.0	0.0	0.0	1.0	0.0399999991	2.0	0.0	53.0
1617.6129919998348	0.3429999949999001	gratings	345.0	0.342999995	359.0	0.0	0.0	1.0	0.0399999991	2.0	0.0	53.0
1618.312992000021	0.3429999949999001	gratings	415.0	0.342999995	359.0	0.0	0.0	1.0	0.0399999991	2.0	0.0	53.0
1619.012991999276	0.3429999949999001	gratings	619.0	0.342999995	359.0	0.0	0.0	1.0	0.0399999991	2.0	0.0	53.0
1619.7129919994622	0.3429999949999001	gratings	129.0	0.342999995	359.0	0.0	0.0	0.0	0.0399999991	2.0	0.0	53.0
1620.4129919996485	0.3429999949999001	gratings	773.0	0.342999995	359.0	0.0	0.0	1.0	0.0399999991	2.0	0.0	-1.0
1621.1129919998348	0.3429999949999001	gratings	893.0	0.342999995	359.0	0.0	0.0	1.0	0.0399999991	2.0	0.0	54.0
1621.812992000021	0.3429999949999001	gratings	294.0	0.342999995	359.0	0.0	0.0	1.0	0.0399999991	2.0	0.0	54.0
1622.512991999276	0.3429999949999001	gratings	1373.0	0.342999995	359.0	0.0	0.0	1.0	0.0399999991	2.0	0.0	54.0
1623.2129919994622	0.3429999949999001	gratings	877.0	0.342999995	359.0	0.0	0.0	1.0	0.0399999991	2.0	0.0	54.0
1623.9129919996485	0.3429999949999001	gratings	1323.0	0.342999995	359.0	0.0	0.0	1.0	0.0399999991	2.0	0.0	54.0
1624.6129919998348	0.3429999949999001	gratings	930.0	0.342999995	359.0	0.0	0.0	1.0	0.0399999991	2.0	0.0	54.0
1625.312992000021	0.3429999949999001	gratings	687.0	0.342999995	359.0	0.0	0.0	1.0	0.0399999991	2.0	0.0	54.0
1626.012991999276	0.3429999949999001	gratings	191.0	0.342999995	359.0	0.0	0.0	1.0	0.0399999991	2.0	0.0	54.0
1626.7129919994622	0.3429999949999001	gratings	1232.0	0.342999995	359.0	0.0	0.0	1.0	0.0399999991	2.0	0.0	54.0
1627.4129919996485	0.3429999949999001	gratings	597.0	0.342999995	359.0	0.0	0.0	1.0	0.0399999991	2.0	0.0	54.0
1628.1129919998348	0.3429999949999001	gratings	1391.0	0.342999995	359.0	0.0	0.0	1.0	0.0399999991	2.0	0.0	54.0
1628.812992000021	0.3429999949999001	gratings	974.0	0.342999995	359.0	0.0	0.0	1.0	0.0399999991	2.0	0.0	54.0
1629.512991999276	0.3429999949999001	gratings	1129.0	0.342999995	359.0	0.0	0.0	1.0	0.0399999991	2.0	0.0	54.0
1630.2129919994622	0.3429999949999001	gratings	401.0	0.342999995	359.0	0.0	0.0	1.0	0.0399999991	2.0	0.0	54.0
1630.9129919996485	0.3429999949999001	gratings	389.0	0.342999995	359.0	0.0	0.0	1.0	0.0399999991	2.0	0.0	54.0
1631.6129919998348	0.3429999949999001	gratings	993.0	0.342999995	359.0	0.0	0.0	1.0	0.0399999991	2.0	0.0	54.0
1632.312992000021	0.3429999949999001	gratings	549.0	0.342999995	359.0	0.0	0.0	1.0	0.0399999991	2.0	0.0	54.0
1633.012991999276	0.3429999949999001	gratings	1308.0	0.342999995	359.0	0.0	0.0	1.0	0.0399999991	2.0	0.0	54.0
1633.7129919994622	0.3429999949999001	gratings	703.0	0.342999995	359.0	0.0	0.0	1.0	0.0399999991	2.0	0.0	54.0
1634.4129919996485	0.3429999949999001	gratings	1530.0	0.342999995	359.0	0.0	0.0	1.0	0.0399999991	2.0	0.0	54.0
1635.1129919998348	0.3429999949999001	gratings	1168.0	0.342999995	359.0	0.0	0.0	1.0	0.0399999991	2.0	0.0	54.0
1635.812992000021	0.3429999949999001	gratings	1044.0	0.342999995	359.0	0.0	0.0	1.0	0.0399999991	2.0	0.0	54.0
1636.512991999276	0.3429999949999001	gratings	311.0	0.342999995	359.0	0.0	0.0	1.0	0.0399999991	2.0	0.0	54.0
1637.2129919994622	0.3429999949999001	gratings	571.0	0.342999995	359.0	0.0	0.0	1.0	0.0399999991	2.0	0.0	54.0
1637.9129919996485	0.3429999949999001	gratings	854.0	0.342999995	359.0	0.0	0.0	1.0	0.0399999991	2.0	0.0	54.0
1638.6129919998348	0.3429999949999001	gratings	210.0	0.342999995	359.0	0.0	0.0	1.0	0.0399999991	2.0	0.0	54.0
1639.312992000021	0.3429999949999001	gratings	1231.0	0.342999995	359.0	0.0	0.0	1.0	0.0399999991	2.0	0.0	54.0
1640.012991999276	0.3429999949999001	gratings	1009.0	0.342999995	359.0	0.0	0.0	1.0	0.0399999991	2.0	0.0	54.0
1640.7129919994622	0.3429999949999001	gratings	642.0	0.342999995	359.0	0.0	0.0	1.0	0.0399999991	2.0	0.0	54.0
1641.4129919996485	0.3429999949999001	gratings	1315.0	0.342999995	359.0	0.0	0.0	1.0	0.0399999991	2.0	0.0	54.0
1642.1129919998348	0.3429999949999001	gratings	948.0	0.342999995	359.0	0.0	0.0	1.0	0.0399999991	2.0	0.0	54.0
1642.812992000021	0.3429999949999001	gratings	1026.0	0.342999995	359.0	0.0	0.0	1.0	0.0399999991	2.0	0.0	54.0
1643.512991999276	0.3429999949999001	gratings	466.0	0.342999995	359.0	0.0	0.0	1.0	0.0399999991	2.0	0.0	54.0
1644.2129919994622	0.3429999949999001	gratings	1212.0	0.342999995	359.0	0.0	0.0	1.0	0.0399999991	2.0	0.0	54.0
1644.9129919996485	0.3429999949999001	gratings	1404.0	0.342999995	359.0	0.0	0.0	1.0	0.0399999991	2.0	0.0	54.0
1645.6129919998348	0.3429999949999001	gratings	284.0	0.342999995	359.0	0.0	0.0	1.0	0.0399999991	2.0	0.0	54.0
1646.312992000021	0.3429999949999001	gratings	132.0	0.342999995	359.0	0.0	0.0	1.0	0.0399999991	2.0	1.57079637	54.0
1647.012991999276	0.3429999949999001	gratings	1252.0	0.342999995	359.0	0.0	0.0	1.0	0.0399999991	2.0	0.0	54.0
1647.7129919994622	0.3429999949999001	gratings	342.0	0.342999995	359.0	0.0	0.0	1.0	0.0399999991	2.0	0.0	54.0
1648.4129919996485	0.3429999949999001	gratings	465.0	0.342999995	359.0	0.0	0.0	1.0	0.0399999991	2.0	0.0	54.0
1649.1129919998348	0.3429999949999001	gratings	579.0	0.342999995	359.0	0.0	0.0	1.0	0.0399999991	2.0	0.0	54.0
1649.812992000021	0.3429999949999001	gratings	1007.0	0.342999995	359.0	0.0	0.0	1.0	0.0399999991	2.0	0.0	54.0
1650.512991999276	0.3429999949999001	gratings	1417.0	0.342999995	359.0	0.0	0.0	1.0	0.0399999991	2.0	0.0	-1.0
1651.2129919994622	0.3429999949999001	gratings	90.0	0.342999995	359.0	0.0	0.0	1.0	0.0399999991	2.0	0.0	55.0
1651.9129919996485	0.3429999949999001	gratings	1393.0	0.342999995	359.0	0.0	0.0	1.0	0.0399999991	2.0	0.0	55.0
1652.6129919998348	0.3429999949999001	gratings	1471.0	0.342999995	359.0	0.0	0.0	1.0	0.0399999991	2.0	0.0	55.0
1653.312992000021	0.3429999949999001	gratings	1511.0	0.342999995	359.0	0.0	0.0	1.0	0.0399999991	2.0	0.0	55.0
1654.012991999276	0.3429999949999001	gratings	60.0	0.342999995	359.0	0.0	0.0	1.0	0.0399999991	2.0	0.0	55.0
1654.7129919994622	0.3429999949999001	gratings	878.0	0.342999995	359.0	0.0	0.0	1.0	0.0399999991	2.0	0.0	55.0
1655.4129919996485	0.3429999949999001	gratings	315.0	0.342999995	359.0	0.0	0.0	1.0	0.0399999991	2.0	0.0	55.0
1656.1129919998348	0.3429999949999001	gratings	1472.0	0.342999995	359.0	0.0	0.0	1.0	0.0399999991	2.0	0.0	55.0
1656.812992000021	0.3429999949999001	gratings	1395.0	0.342999995	359.0	0.0	0.0	1.0	0.0399999991	2.0	0.0	55.0
1657.512991999276	0.3429999949999001	gratings	286.0	0.342999995	359.0	0.0	0.0	1.0	0.0399999991	2.0	0.0	55.0
1658.2129919994622	0.3429999949999001	gratings	608.0	0.342999995	359.0	0.0	0.0	1.0	0.0399999991	2.0	0.0	55.0
1658.9129919996485	0.3429999949999001	gratings	632.0	0.342999995	359.0	0.0	0.0	1.0	0.0399999991	2.0	0.0	55.0
1659.6129919998348	0.3429999949999001	gratings	130.0	0.342999995	359.0	0.0	0.0	1.0	0.0399999991	2.0	0.0	55.0
1660.312992000021	0.3429999949999001	gratings	595.0	0.342999995	359.0	0.0	0.0	1.0	0.0399999991	2.0	0.0	55.0
1661.012991999276	0.3429999949999001	gratings	354.0	0.342999995	359.0	0.0	0.0	1.0	0.0399999991	2.0	0.0	55.0
1661.7129919994622	0.3429999949999001	gratings	777.0	0.342999995	359.0	0.0	0.0	1.0	0.0399999991	2.0	0.0	55.0
1662.4129919996485	0.3429999949999001	gratings	317.0	0.342999995	359.0	0.0	0.0	1.0	0.0399999991	2.0	0.0	55.0
1663.1129919998348	0.3429999949999001	gratings	31.0	0.342999995	359.0	0.0	0.0	1.0	0.0399999991	2.0	0.785398185	55.0
1663.812992000021	0.3429999949999001	gratings	1303.0	0.342999995	359.0	0.0	0.0	1.0	0.0399999991	2.0	0.0	55.0
1664.512991999276	0.3429999949999001	gratings	1222.0	0.342999995	359.0	0.0	0.0	1.0	0.0399999991	2.0	0.0	55.0
1665.2129919994622	0.3429999949999001	gratings	1507.0	0.342999995	359.0	0.0	0.0	1.0	0.0399999991	2.0	0.0	55.0
1665.9129919996485	0.3429999949999001	gratings	713.0	0.342999995	359.0	0.0	0.0	1.0	0.0399999991	2.0	0.0	55.0
1666.6129919998348	0.3429999949999001	gratings	540.0	0.342999995	359.0	0.0	0.0	1.0	0.0399999991	2.0	0.0	55.0
1667.312992000021	0.3429999949999001	gratings	45.0	0.342999995	359.0	0.0	0.0	1.0	0.0399999991	2.0	0.0	55.0
1668.012991999276	0.3429999949999001	gratings	827.0	0.342999995	359.0	0.0	0.0	1.0	0.0399999991	2.0	0.0	55.0
1668.7129919994622	0.3429999949999001	gratings	478.0	0.342999995	359.0	0.0	0.0	1.0	0.0399999991	2.0	0.0	55.0
1669.4129919996485	0.3429999949999001	gratings	1296.0	0.342999995	359.0	0.0	0.0	1.0	0.0399999991	2.0	0.0	55.0
1670.1129919998348	0.3429999949999001	gratings	1353.0	0.342999995	359.0	0.0	0.0	1.0	0.0399999991	2.0	0.0	55.0
1670.812992000021	0.3429999949999001	gratings	872.0	0.342999995	359.0	0.0	0.0	1.0	0.0399999991	2.0	0.0	55.0
1671.512991999276	0.3429999949999001	gratings	1356.0	0.342999995	359.0	0.0	0.0	1.0	0.0399999991	2.0	0.0	55.0
1672.2129919994622	0.3429999949999001	gratings	1023.0	0.342999995	359.0	0.0	0.0	1.0	0.0399999991	2.0	0.0	55.0
1672.9129919996485	0.3429999949999001	gratings	383.0	0.342999995	359.0	0.0	0.0	1.0	0.0399999991	2.0	0.0	55.0
1673.6129919998348	0.3429999949999001	gratings	432.0	0.342999995	359.0	0.0	0.0	1.0	0.0399999991	2.0	0.0	55.0
1674.312992000021	0.3429999949999001	gratings	1219.0	0.342999995	359.0	0.0	0.0	1.0	0.0399999991	2.0	0.0	55.0
1675.012991999276	0.3429999949999001	gratings	928.0	0.342999995	359.0	0.0	0.0	1.0	0.0399999991	2.0	0.0	55.0
1675.7129919994622	0.3429999949999001	gratings	953.0	0.342999995	359.0	0.0	0.0	1.0	0.0399999991	2.0	0.0	55.0
1676.4129919996485	0.3429999949999001	gratings	249.0	0.342999995	359.0	0.0	0.0	1.0	0.0399999991	2.0	0.0	55.0
1677.1129919998348	0.3429999949999001	gratings	541.0	0.342999995	359.0	0.0	0.0	1.0	0.0399999991	2.0	0.0	55.0
1677.812992000021	0.3429999949999001	gratings	1465.0	0.342999995	359.0	0.0	0.0	1.0	0.0399999991	2.0	0.0	55.0
1678.512991999276	0.3429999949999001	gratings	942.0	0.342999995	359.0	0.0	0.0	1.0	0.0399999991	2.0	0.0	55.0
1679.2129919994622	0.3429999949999001	gratings	476.0	0.342999995	359.0	0.0	0.0	1.0	0.0399999991	2.0	0.0	55.0
1679.9129919996485	0.3429999949999001	gratings	1498.0	0.342999995	359.0	0.0	0.0	1.0	0.0399999991	2.0	0.0	55.0
1680.6129919998348	0.3429999949999001	gratings	276.0	0.342999995	359.0	0.0	0.0	1.0	0.0399999991	2.0	0.0	56.0
1681.312992000021	0.3429999949999001	gratings	181.0	0.342999995	359.0	0.0	0.0	1.0	0.0399999991	2.0	0.0	56.0
1682.012991999276	0.3429999949999001	gratings	531.0	0.342999995	359.0	0.0	0.0	1.0	0.0399999991	2.0	0.0	56.0
1682.7129919994622	0.3429999949999001	gratings	663.0	0.342999995	359.0	0.0	0.0	1.0	0.0399999991	2.0	0.0	56.0
1683.4129919996485	0.3429999949999001	gratings	1105.0	0.342999995	359.0	0.0	0.0	1.0	0.0399999991	2.0	0.0	56.0
1684.1129919998348	0.3429999949999001	gratings	173.0	0.342999995	359.0	0.0	0.0	1.0	0.0399999991	2.0	0.0	56.0
1684.812992000021	0.3429999949999001	gratings	71.0	0.342999995	359.0	0.0	0.0	1.0	0.0399999991	2.0	0.785398185	56.0
1685.512991999276	0.3429999949999001	gratings	746.0	0.342999995	359.0	0.0	0.0	1.0	0.0399999991	2.0	0.0	56.0
1686.2129919994622	0.3429999949999001	gratings	290.0	0.342999995	359.0	0.0	0.0	1.0	0.0399999991	2.0	0.0	56.0
1686.9129919996485	0.3429999949999001	gratings	79.0	0.342999995	359.0	0.0	0.0	0.0	0.0399999991	2.0	0.0	56.0
1687.6129919998348	0.3429999949999001	gratings	991.0	0.342999995	359.0	0.0	0.0	1.0	0.0399999991	2.0	0.0	56.0
1688.312992000021	0.3429999949999001	gratings	42.0	0.342999995	359.0	0.0	0.0	1.0	0.0399999991	2.0	1.57079637	56.0
1689.012991999276	0.3429999949999001	gratings	1138.0	0.342999995	359.0	0.0	0.0	1.0	0.0399999991	2.0	0.0	56.0
1689.7129919994622	0.3429999949999001	gratings	1036.0	0.342999995	359.0	0.0	0.0	1.0	0.0399999991	2.0	0.0	56.0
1690.4129919996485	0.3429999949999001	gratings	1424.0	0.342999995	359.0	0.0	0.0	1.0	0.0399999991	2.0	0.0	56.0
1691.1129919998348	0.3429999949999001	gratings	710.0	0.342999995	359.0	0.0	0.0	1.0	0.0399999991	2.0	0.0	56.0
1691.812992000021	0.3429999949999001	gratings	192.0	0.342999995	359.0	0.0	0.0	1.0	0.0399999991	2.0	0.0	56.0
1692.512991999276	0.3429999949999001	gratings	1394.0	0.342999995	359.0	0.0	0.0	1.0	0.0399999991	2.0	0.0	56.0
1693.2129919994622	0.3429999949999001	gratings	416.0	0.342999995	359.0	0.0	0.0	1.0	0.0399999991	2.0	0.0	56.0
1693.9129919996485	0.3429999949999001	gratings	811.0	0.342999995	359.0	0.0	0.0	1.0	0.0399999991	2.0	0.0	56.0
1694.6129919998348	0.3429999949999001	gratings	10.0	0.342999995	359.0	0.0	0.0	1.0	0.0399999991	2.0	0.0	56.0
1695.312992000021	0.3429999949999001	gratings	275.0	0.342999995	359.0	0.0	0.0	1.0	0.0399999991	2.0	0.0	56.0
1696.012991999276	0.3429999949999001	gratings	482.0	0.342999995	359.0	0.0	0.0	1.0	0.0399999991	2.0	0.0	56.0
1696.7129919994622	0.3429999949999001	gratings	1170.0	0.342999995	359.0	0.0	0.0	1.0	0.0399999991	2.0	0.0	56.0
1697.4129919996485	0.3429999949999001	gratings	1329.0	0.342999995	359.0	0.0	0.0	1.0	0.0399999991	2.0	0.0	56.0
1698.1129919998348	0.3429999949999001	gratings	1257.0	0.342999995	359.0	0.0	0.0	1.0	0.0399999991	2.0	0.0	56.0
1698.8140159994364	0.3429999949999001	gratings	794.0	0.342999995	359.0	0.0	0.0	1.0	0.0399999991	2.0	0.0	56.0
1699.512991999276	0.3429999949999001	gratings	440.0	0.342999995	359.0	0.0	0.0	1.0	0.0399999991	2.0	0.0	56.0
1700.2129919994622	0.3429999949999001	gratings	103.0	0.342999995	359.0	0.0	0.0	1.0	0.0399999991	2.0	0.0	56.0
1700.9129919996485	0.3429999949999001	gratings	624.0	0.342999995	359.0	0.0	0.0	1.0	0.0399999991	2.0	0.0	56.0
1701.6129919998348	0.3429999949999001	gratings	113.0	0.342999995	359.0	0.0	0.0	1.0	0.0399999991	2.0	0.0	56.0
1702.312992000021	0.3429999949999001	gratings	895.0	0.342999995	359.0	0.0	0.0	1.0	0.0399999991	2.0	0.0	56.0
1703.012991999276	0.3429999949999001	gratings	1514.0	0.342999995	359.0	0.0	0.0	1.0	0.0399999991	2.0	0.0	56.0
1703.7129919994622	0.3429999949999001	gratings	921.0	0.342999995	359.0	0.0	0.0	1.0	0.0399999991	2.0	0.0	56.0
1704.4129919996485	0.3429999949999001	gratings	323.0	0.342999995	359.0	0.0	0.0	1.0	0.0399999991	2.0	0.0	56.0
1705.1129919998348	0.3429999949999001	gratings	537.0	0.342999995	359.0	0.0	0.0	1.0	0.0399999991	2.0	0.0	56.0
1705.812992000021	0.3429999949999001	gratings	768.0	0.342999995	359.0	0.0	0.0	1.0	0.0399999991	2.0	0.0	56.0
1706.512991999276	0.3429999949999001	gratings	1055.0	0.342999995	359.0	0.0	0.0	1.0	0.0399999991	2.0	0.0	56.0
1707.2129919994622	0.3429999949999001	gratings	439.0	0.342999995	359.0	0.0	0.0	1.0	0.0399999991	2.0	0.0	56.0
1707.9129919996485	0.3429999949999001	gratings	296.0	0.342999995	359.0	0.0	0.0	1.0	0.0399999991	2.0	0.0	56.0
1708.6129919998348	0.3429999949999001	gratings	755.0	0.342999995	359.0	0.0	0.0	1.0	0.0399999991	2.0	0.0	56.0
1709.312992000021	0.3429999949999001	gratings	917.0	0.342999995	359.0	0.0	0.0	1.0	0.0399999991	2.0	0.0	56.0
1710.012991999276	0.3429999949999001	gratings	212.0	0.342999995	359.0	0.0	0.0	1.0	0.0399999991	2.0	0.0	-1.0
1710.7129919994622	0.3429999949999001	gratings	75.0	0.342999995	359.0	0.0	0.0	1.0	0.0399999991	2.0	0.0	57.0
1711.4129919996485	0.3429999949999001	gratings	108.0	0.342999995	359.0	0.0	0.0	1.0	0.0399999991	2.0	0.0	57.0
1712.1129919998348	0.3429999949999001	gratings	319.0	0.342999995	359.0	0.0	0.0	1.0	0.0399999991	2.0	0.0	57.0
1712.812992000021	0.3429999949999001	gratings	1061.0	0.342999995	359.0	0.0	0.0	1.0	0.0399999991	2.0	0.0	57.0
1713.512991999276	0.3429999949999001	gratings	289.0	0.342999995	359.0	0.0	0.0	1.0	0.0399999991	2.0	0.0	57.0
1714.2129919994622	0.3429999949999001	gratings	1437.0	0.342999995	359.0	0.0	0.0	1.0	0.0399999991	2.0	0.0	57.0
1714.9129919996485	0.3429999949999001	gratings	365.0	0.342999995	359.0	0.0	0.0	1.0	0.0399999991	2.0	0.0	57.0
1715.6129919998348	0.3429999949999001	gratings	1195.0	0.342999995	359.0	0.0	0.0	1.0	0.0399999991	2.0	0.0	57.0
1716.312992000021	0.3429999949999001	gratings	1477.0	0.342999995	359.0	0.0	0.0	1.0	0.0399999991	2.0	0.0	57.0
1717.012991999276	0.3429999949999001	gratings	400.0	0.342999995	359.0	0.0	0.0	1.0	0.0399999991	2.0	0.0	57.0
1717.7129919994622	0.3429999949999001	gratings	339.0	0.342999995	359.0	0.0	0.0	1.0	0.0399999991	2.0	0.0	57.0
1718.4129919996485	0.3429999949999001	gratings	630.0	0.342999995	359.0	0.0	0.0	1.0	0.0399999991	2.0	0.0	57.0
1719.1129919998348	0.3429999949999001	gratings	615.0	0.342999995	359.0	0.0	0.0	1.0	0.0399999991	2.0	0.0	57.0
1719.812992000021	0.3429999949999001	gratings	734.0	0.342999995	359.0	0.0	0.0	1.0	0.0399999991	2.0	0.0	57.0
1720.5140159996226	0.3429999949999001	gratings	1330.0	0.342999995	359.0	0.0	0.0	1.0	0.0399999991	2.0	0.0	57.0
1721.214015999809	0.3429999949999001	gratings	266.0	0.342999995	359.0	0.0	0.0	1.0	0.0399999991	2.0	0.0	57.0
1721.9129919996485	0.3429999949999001	gratings	101.0	0.342999995	359.0	0.0	0.0	1.0	0.0399999991	2.0	0.785398185	57.0
1722.6140159992501	0.3429999949999001	gratings	480.0	0.342999995	359.0	0.0	0.0	1.0	0.0399999991	2.0	0.0	57.0
1723.312992000021	0.3429999949999001	gratings	840.0	0.342999995	359.0	0.0	0.0	1.0	0.0399999991	2.0	0.0	57.0
1724.0140159996226	0.3429999949999001	gratings	209.0	0.342999995	359.0	0.0	0.0	1.0	0.0399999991	2.0	0.0	57.0
1724.714015999809	0.3429999949999001	gratings	517.0	0.342999995	359.0	0.0	0.0	1.0	0.0399999991	2.0	0.0	57.0
1725.4140159999952	0.3429999949999001	gratings	158.0	0.342999995	359.0	0.0	0.0	1.0	0.0399999991	2.0	0.0	57.0
1726.1140159992501	0.3429999949999001	gratings	1139.0	0.342999995	359.0	0.0	0.0	1.0	0.0399999991	2.0	0.0	57.0
1726.8140159994364	0.3429999949999001	gratings	367.0	0.342999995	359.0	0.0	0.0	1.0	0.0399999991	2.0	0.0	57.0
1727.5140159996226	0.3429999949999001	gratings	757.0	0.342999995	359.0	0.0	0.0	1.0	0.0399999991	2.0	0.0	57.0
1728.214015999809	0.3429999949999001	gratings	1368.0	0.342999995	359.0	0.0	0.0	1.0	0.0399999991	2.0	0.0	57.0
1728.9140159999952	0.3429999949999001	gratings	1433.0	0.342999995	359.0	0.0	0.0	1.0	0.0399999991	2.0	0.0	57.0
1729.6140159992501	0.3429999949999001	gratings	1107.0	0.342999995	359.0	0.0	0.0	1.0	0.0399999991	2.0	0.0	57.0
1730.3140159994364	0.3429999949999001	gratings	1412.0	0.342999995	359.0	0.0	0.0	1.0	0.0399999991	2.0	0.0	57.0
1731.0140159996226	0.3429999949999001	gratings	1439.0	0.342999995	359.0	0.0	0.0	1.0	0.0399999991	2.0	0.0	57.0
1731.714015999809	0.3429999949999001	gratings	838.0	0.342999995	359.0	0.0	0.0	1.0	0.0399999991	2.0	0.0	57.0
1732.4140159999952	0.3429999949999001	gratings	1186.0	0.342999995	359.0	0.0	0.0	1.0	0.0399999991	2.0	0.0	57.0
1733.1140159992501	0.3429999949999001	gratings	649.0	0.342999995	359.0	0.0	0.0	1.0	0.0399999991	2.0	0.0	57.0
1733.8140159994364	0.3429999949999001	gratings	910.0	0.342999995	359.0	0.0	0.0	1.0	0.0399999991	2.0	0.0	57.0
1734.5140159996226	0.3429999949999001	gratings	1245.0	0.342999995	359.0	0.0	0.0	1.0	0.0399999991	2.0	0.0	57.0
1735.214015999809	0.3429999949999001	gratings	1052.0	0.342999995	359.0	0.0	0.0	1.0	0.0399999991	2.0	0.0	57.0
1735.9140159999952	0.3429999949999001	gratings	137.0	0.342999995	359.0	0.0	0.0	1.0	0.0399999991	2.0	1.57079637	57.0
1736.6140159992501	0.3429999949999001	gratings	1407.0	0.342999995	359.0	0.0	0.0	1.0	0.0399999991	2.0	0.0	57.0
1737.3140159994364	0.3429999949999001	gratings	1312.0	0.342999995	359.0	0.0	0.0	1.0	0.0399999991	2.0	0.0	57.0
1738.0140159996226	0.3429999949999001	gratings	1309.0	0.342999995	359.0	0.0	0.0	1.0	0.0399999991	2.0	0.0	57.0
1738.714015999809	0.3429999949999001	gratings	320.0	0.342999995	359.0	0.0	0.0	1.0	0.0399999991	2.0	0.0	57.0
1739.4140159999952	0.3429999949999001	gratings	1172.0	0.342999995	359.0	0.0	0.0	1.0	0.0399999991	2.0	0.0	57.0
1740.1140159992501	0.3429999949999001	gratings	278.0	0.342999995	359.0	0.0	0.0	1.0	0.0399999991	2.0	0.0	-1.0
1740.8140159994364	0.3429999949999001	gratings	564.0	0.342999995	359.0	0.0	0.0	1.0	0.0399999991	2.0	0.0	58.0
1741.5140159996226	0.3429999949999001	gratings	213.0	0.342999995	359.0	0.0	0.0	1.0	0.0399999991	2.0	0.0	58.0
1742.214015999809	0.3429999949999001	gratings	202.0	0.342999995	359.0	0.0	0.0	1.0	0.0399999991	2.0	0.0	58.0
1742.9140159999952	0.3429999949999001	gratings	201.0	0.342999995	359.0	0.0	0.0	1.0	0.0399999991	2.0	0.0	58.0
1743.6140159992501	0.3429999949999001	gratings	487.0	0.342999995	359.0	0.0	0.0	1.0	0.0399999991	2.0	0.0	58.0
1744.3140159994364	0.3429999949999001	gratings	395.0	0.342999995	359.0	0.0	0.0	1.0	0.0399999991	2.0	0.0	58.0
1745.0140159996226	0.3429999949999001	gratings	1001.0	0.342999995	359.0	0.0	0.0	1.0	0.0399999991	2.0	0.0	58.0
1745.714015999809	0.3429999949999001	gratings	388.0	0.342999995	359.0	0.0	0.0	1.0	0.0399999991	2.0	0.0	58.0
1746.4140159999952	0.3429999949999001	gratings	1157.0	0.342999995	359.0	0.0	0.0	1.0	0.0399999991	2.0	0.0	58.0
1747.1140159992501	0.3429999949999001	gratings	457.0	0.342999995	359.0	0.0	0.0	1.0	0.0399999991	2.0	0.0	58.0
1747.8140159994364	0.3429999949999001	gratings	80.0	0.342999995	359.0	0.0	0.0	1.0	0.0399999991	2.0	0.0	58.0
1748.5140159996226	0.3429999949999001	gratings	1143.0	0.342999995	359.0	0.0	0.0	1.0	0.0399999991	2.0	0.0	58.0
1749.214015999809	0.3429999949999001	gratings	1340.0	0.342999995	359.0	0.0	0.0	1.0	0.0399999991	2.0	0.0	58.0
1749.9140159999952	0.3429999949999001	gratings	1179.0	0.342999995	359.0	0.0	0.0	1.0	0.0399999991	2.0	0.0	58.0
1750.6140159992501	0.3429999949999001	gratings	12.0	0.342999995	360.0	0.0	0.0	1.0	0.0399999991	2.0	4.71238899	58.0
1751.3140159994364	0.3429999949999001	gratings	5.0	0.342999995	360.0	0.0	0.0	1.0	0.0399999991	2.0	1.96349537	58.0
1752.0140159996226	0.3429999949999001	gratings	6.0	0.342999995	360.0	0.0	0.0	1.0	0.0399999991	2.0	2.3561945	58.0
1752.714015999809	0.3429999949999001	gratings	11.0	0.342999995	360.0	0.0	0.0	1.0	0.0399999991	2.0	4.49422264	58.0
1753.4140159999952	0.3429999949999001	gratings	2.0	0.342999995	360.0	0.0	0.0	1.0	0.0399999991	2.0	0.785398185	58.0
1754.1140159992501	0.3429999949999001	gratings	9.0	0.342999995	360.0	0.0	0.0	1.0	0.0399999991	2.0	3.53429174	58.0
1754.8140159994364	0.3429999949999001	gratings	9.0	0.342999995	360.0	0.0	0.0	1.0	0.0399999991	2.0	3.53429174	58.0
1755.5140159996226	0.3429999949999001	gratings	11.0	0.342999995	360.0	0.0	0.0	1.0	0.0399999991	2.0	4.49422264	58.0
1756.214015999809	0.3429999949999001	gratings	2.0	0.342999995	360.0	0.0	0.0	1.0	0.0399999991	2.0	0.785398185	58.0
1756.9140159999952	0.3429999949999001	gratings	4.0	0.342999995	360.0	0.0	0.0	1.0	0.0399999991	2.0	1.57079637	58.0
1757.6140159992501	0.3429999949999001	gratings	8.0	0.342999995	360.0	0.0	0.0	1.0	0.0399999991	2.0	3.14159274	58.0
1758.3140159994364	0.3429999949999001	gratings	1.0	0.342999995	360.0	0.0	0.0	1.0	0.0399999991	2.0	0.392699093	58.0
1759.0140159996226	0.3429999949999001	gratings	15.0	0.342999995	360.0	0.0	0.0	0.0	0.0399999991	2.0	0.0	58.0
1759.714015999809	0.3429999949999001	gratings	14.0	0.342999995	360.0	0.0	0.0	1.0	0.0399999991	2.0	5.497787	58.0
1760.4140159999952	0.3429999949999001	gratings	3.0	0.342999995	360.0	0.0	0.0	1.0	0.0399999991	2.0	1.17809725	58.0
1761.1140159992501	0.3429999949999001	gratings	6.0	0.342999995	360.0	0.0	0.0	1.0	0.0399999991	2.0	2.3561945	58.0
1761.8140159994364	0.3429999949999001	gratings	2.0	0.342999995	360.0	0.0	0.0	1.0	0.0399999991	2.0	0.785398185	58.0
1762.5140159996226	0.3429999949999001	gratings	3.0	0.342999995	360.0	0.0	0.0	1.0	0.0399999991	2.0	1.17809725	58.0
1763.214015999809	0.3429999949999001	gratings	1.0	0.342999995	360.0	0.0	0.0	1.0	0.0399999991	2.0	0.392699093	58.0
1763.9140159999952	0.3429999949999001	gratings	14.0	0.342999995	360.0	0.0	0.0	1.0	0.0399999991	2.0	5.497787	58.0
1764.6140159992501	0.3429999949999001	gratings	6.0	0.342999995	360.0	0.0	0.0	1.0	0.0399999991	2.0	2.3561945	58.0
1765.3140159994364	0.3429999949999001	gratings	15.0	0.342999995	360.0	0.0	0.0	0.0	0.0399999991	2.0	0.0	58.0
1766.0140159996226	0.3429999949999001	gratings	15.0	0.342999995	360.0	0.0	0.0	0.0	0.0399999991	2.0	0.0	58.0
1766.714015999809	0.3429999949999001	gratings	7.0	0.342999995	360.0	0.0	0.0	1.0	0.0399999991	2.0	2.7488935	58.0
1767.4140159999952	0.3429999949999001	gratings	13.0	0.342999995	360.0	0.0	0.0	1.0	0.0399999991	2.0	5.10508823	58.0
1768.1140159992501	0.3429999949999001	gratings	3.0	0.342999995	360.0	0.0	0.0	1.0	0.0399999991	2.0	1.17809725	58.0
1768.8140159994364	0.3429999949999001	gratings	0.0	0.342999995	360.0	0.0	0.0	1.0	0.0399999991	2.0	0.0	58.0
1769.5140159996226	0.3429999949999001	gratings	11.0	0.342999995	360.0	0.0	0.0	1.0	0.0399999991	2.0	4.49422264	58.0
1770.214015999809	0.3429999949999001	gratings	10.0	0.342999995	360.0	0.0	0.0	1.0	0.0399999991	2.0	3.92699075	-1.0
1770.9140159999952	0.3429999949999001	gratings	8.0	0.342999995	360.0	0.0	0.0	1.0	0.0399999991	2.0	3.14159274	59.0
1771.6140159992501	0.3429999949999001	gratings	15.0	0.342999995	360.0	0.0	0.0	0.0	0.0399999991	2.0	0.0	59.0
1772.3140159994364	0.3429999949999001	gratings	11.0	0.342999995	360.0	0.0	0.0	1.0	0.0399999991	2.0	4.49422264	59.0
1773.0140479998663	0.3429999949999001	gratings	5.0	0.342999995	360.0	0.0	0.0	1.0	0.0399999991	2.0	1.96349537	59.0
1773.714015999809	0.3429999949999001	gratings	9.0	0.342999995	360.0	0.0	0.0	1.0	0.0399999991	2.0	3.53429174	59.0
1774.4140159999952	0.3429999949999001	gratings	13.0	0.342999995	360.0	0.0	0.0	1.0	0.0399999991	2.0	5.10508823	59.0
1775.1140159992501	0.3429999949999001	gratings	6.0	0.342999995	360.0	0.0	0.0	1.0	0.0399999991	2.0	2.3561945	59.0
1775.8140159994364	0.3429999949999001	gratings	9.0	0.342999995	360.0	0.0	0.0	1.0	0.0399999991	2.0	3.53429174	59.0
1776.5140159996226	0.3429999949999001	gratings	9.0	0.342999995	360.0	0.0	0.0	1.0	0.0399999991	2.0	3.53429174	59.0
1777.214015999809	0.3429999949999001	gratings	12.0	0.342999995	360.0	0.0	0.0	1.0	0.0399999991	2.0	4.71238899	59.0
1777.9140159999952	0.3429999949999001	gratings	9.0	0.342999995	360.0	0.0	0.0	1.0	0.0399999991	2.0	3.53429174	59.0
1778.6140159992501	0.3429999949999001	gratings	13.0	0.342999995	360.0	0.0	0.0	1.0	0.0399999991	2.0	5.10508823	59.0
1779.3140159994364	0.3429999949999001	gratings	11.0	0.342999995	360.0	0.0	0.0	1.0	0.0399999991	2.0	4.49422264	59.0
1780.0140159996226	0.3429999949999001	gratings	2.0	0.342999995	360.0	0.0	0.0	1.0	0.0399999991	2.0	0.785398185	59.0
1780.714015999809	0.3429999949999001	gratings	11.0	0.342999995	360.0	0.0	0.0	1.0	0.0399999991	2.0	4.49422264	59.0
1781.4140159999952	0.3429999949999001	gratings	11.0	0.342999995	360.0	0.0	0.0	1.0	0.0399999991	2.0	4.49422264	59.0
1782.1140159992501	0.3429999949999001	gratings	4.0	0.342999995	360.0	0.0	0.0	1.0	0.0399999991	2.0	1.57079637	59.0
1782.8140159994364	0.3429999949999001	gratings	8.0	0.342999995	360.0	0.0	0.0	1.0	0.0399999991	2.0	3.14159274	59.0
1783.5140159996226	0.3429999949999001	gratings	12.0	0.342999995	360.0	0.0	0.0	1.0	0.0399999991	2.0	4.71238899	59.0
1784.214015999809	0.3429999949999001	gratings	3.0	0.342999995	360.0	0.0	0.0	1.0	0.0399999991	2.0	1.17809725	59.0
1784.9140159999952	0.3429999949999001	gratings	9.0	0.342999995	360.0	0.0	0.0	1.0	0.0399999991	2.0	3.53429174	59.0
1785.6140159992501	0.3429999949999001	gratings	6.0	0.342999995	360.0	0.0	0.0	1.0	0.0399999991	2.0	2.3561945	59.0
1786.3140159994364	0.3429999949999001	gratings	4.0	0.342999995	360.0	0.0	0.0	1.0	0.0399999991	2.0	1.57079637	59.0
1787.0140159996226	0.3429999949999001	gratings	13.0	0.342999995	360.0	0.0	0.0	1.0	0.0399999991	2.0	5.10508823	59.0
1787.714015999809	0.3429999949999001	gratings	2.0	0.342999995	360.0	0.0	0.0	1.0	0.0399999991	2.0	0.785398185	59.0
1788.4140159999952	0.3429999949999001	gratings	5.0	0.342999995	360.0	0.0	0.0	1.0	0.0399999991	2.0	1.96349537	59.0
1789.1140159992501	0.3429999949999001	gratings	4.0	0.342999995	360.0	0.0	0.0	1.0	0.0399999991	2.0	1.57079637	59.0
1789.8140159994364	0.3429999949999001	gratings	10.0	0.342999995	360.0	0.0	0.0	1.0	0.0399999991	2.0	3.92699075	59.0
1790.5140159996226	0.3429999949999001	gratings	10.0	0.342999995	360.0	0.0	0.0	1.0	0.0399999991	2.0	3.92699075	59.0
1791.214015999809	0.3429999949999001	gratings	2.0	0.342999995	360.0	0.0	0.0	1.0	0.0399999991	2.0	0.785398185	59.0
1791.9140159999952	0.3429999949999001	gratings	13.0	0.342999995	360.0	0.0	0.0	1.0	0.0399999991	2.0	5.10508823	59.0
1792.6140159992501	0.3429999949999001	gratings	3.0	0.342999995	360.0	0.0	0.0	1.0	0.0399999991	2.0	1.17809725	59.0
1793.3140159994364	0.3429999949999001	gratings	2.0	0.342999995	360.0	0.0	0.0	1.0	0.0399999991	2.0	0.785398185	59.0
1794.0140159996226	0.3429999949999001	gratings	14.0	0.342999995	360.0	0.0	0.0	1.0	0.0399999991	2.0	5.497787	59.0
1794.714015999809	0.3429999949999001	gratings	1.0	0.342999995	360.0	0.0	0.0	1.0	0.0399999991	2.0	0.392699093	59.0
1795.4140159999952	0.3429999949999001	gratings	13.0	0.342999995	360.0	0.0	0.0	1.0	0.0399999991	2.0	5.10508823	59.0
1796.1140159992501	0.3429999949999001	gratings	7.0	0.342999995	360.0	0.0	0.0	1.0	0.0399999991	2.0	2.7488935	59.0
1796.8140159994364	0.3429999949999001	gratings	15.0	0.342999995	360.0	0.0	0.0	0.0	0.0399999991	2.0	0.0	59.0
1797.5140159996226	0.3429999949999001	gratings	5.0	0.342999995	360.0	0.0	0.0	1.0	0.0399999991	2.0	1.96349537	59.0
1798.214015999809	0.3429999949999001	gratings	14.0	0.342999995	360.0	0.0	0.0	1.0	0.0399999991	2.0	5.497787	59.0
1798.9140159999952	0.3429999949999001	gratings	13.0	0.342999995	360.0	0.0	0.0	1.0	0.0399999991	2.0	5.10508823	59.0
1799.6140159992501	0.3429999949999001	gratings	8.0	0.342999995	360.0	0.0	0.0	1.0	0.0399999991	2.0	3.14159274	59.0
1800.3140159994364	0.3429999949999001	gratings	6.0	0.342999995	360.0	0.0	0.0	1.0	0.0399999991	2.0	2.3561945	-1.0
1801.0140159996226	0.3429999949999001	gratings	4.0	0.342999995	360.0	0.0	0.0	1.0	0.0399999991	2.0	1.57079637	60.0
1801.714015999809	0.3429999949999001	gratings	11.0	0.342999995	360.0	0.0	0.0	1.0	0.0399999991	2.0	4.49422264	60.0
1802.4140159999952	0.3429999949999001	gratings	12.0	0.342999995	360.0	0.0	0.0	1.0	0.0399999991	2.0	4.71238899	60.0
1803.1140159992501	0.3429999949999001	gratings	11.0	0.342999995	360.0	0.0	0.0	1.0	0.0399999991	2.0	4.49422264	60.0
1803.8140159994364	0.3429999949999001	gratings	9.0	0.342999995	360.0	0.0	0.0	1.0	0.0399999991	2.0	3.53429174	60.0
1804.5140159996226	0.3429999949999001	gratings	4.0	0.342999995	360.0	0.0	0.0	1.0	0.0399999991	2.0	1.57079637	60.0
1805.214015999809	0.3429999949999001	gratings	9.0	0.342999995	360.0	0.0	0.0	1.0	0.0399999991	2.0	3.53429174	60.0
1805.9140159999952	0.3429999949999001	gratings	13.0	0.342999995	360.0	0.0	0.0	1.0	0.0399999991	2.0	5.10508823	60.0
1806.6140159992501	0.3429999949999001	gratings	1.0	0.342999995	360.0	0.0	0.0	1.0	0.0399999991	2.0	0.392699093	60.0
1807.3140159994364	0.3429999949999001	gratings	4.0	0.342999995	360.0	0.0	0.0	1.0	0.0399999991	2.0	1.57079637	60.0
1808.0140159996226	0.3429999949999001	gratings	6.0	0.342999995	360.0	0.0	0.0	1.0	0.0399999991	2.0	2.3561945	60.0
1808.714015999809	0.3429999949999001	gratings	3.0	0.342999995	360.0	0.0	0.0	1.0	0.0399999991	2.0	1.17809725	60.0
1809.4140159999952	0.3429999949999001	gratings	9.0	0.342999995	360.0	0.0	0.0	1.0	0.0399999991	2.0	3.53429174	60.0
1810.1140159992501	0.3429999949999001	gratings	12.0	0.342999995	360.0	0.0	0.0	1.0	0.0399999991	2.0	4.71238899	60.0
1810.8140159994364	0.3429999949999001	gratings	6.0	0.342999995	360.0	0.0	0.0	1.0	0.0399999991	2.0	2.3561945	60.0
1811.5140159996226	0.3429999949999001	gratings	0.0	0.342999995	360.0	0.0	0.0	1.0	0.0399999991	2.0	0.0	60.0
1812.214015999809	0.3429999949999001	gratings	4.0	0.342999995	360.0	0.0	0.0	1.0	0.0399999991	2.0	1.57079637	60.0
1812.9140159999952	0.3429999949999001	gratings	4.0	0.342999995	360.0	0.0	0.0	1.0	0.0399999991	2.0	1.57079637	60.0
1813.6140159992501	0.3429999949999001	gratings	2.0	0.342999995	360.0	0.0	0.0	1.0	0.0399999991	2.0	0.785398185	60.0
1814.3140159994364	0.3429999949999001	gratings	7.0	0.342999995	360.0	0.0	0.0	1.0	0.0399999991	2.0	2.7488935	60.0
1815.0140159996226	0.3429999949999001	gratings	15.0	0.342999995	360.0	0.0	0.0	0.0	0.0399999991	2.0	0.0	60.0
1815.714015999809	0.3429999949999001	gratings	5.0	0.342999995	360.0	0.0	0.0	1.0	0.0399999991	2.0	1.96349537	60.0
1816.4140159999952	0.3429999949999001	gratings	7.0	0.342999995	360.0	0.0	0.0	1.0	0.0399999991	2.0	2.7488935	60.0
1817.1140159992501	0.3429999949999001	gratings	10.0	0.342999995	360.0	0.0	0.0	1.0	0.0399999991	2.0	3.92699075	60.0
1817.8140159994364	0.3429999949999001	gratings	13.0	0.342999995	360.0	0.0	0.0	1.0	0.0399999991	2.0	5.10508823	60.0
1818.5140159996226	0.3429999949999001	gratings	13.0	0.342999995	360.0	0.0	0.0	1.0	0.0399999991	2.0	5.10508823	60.0
1819.214015999809	0.3429999949999001	gratings	3.0	0.342999995	360.0	0.0	0.0	1.0	0.0399999991	2.0	1.17809725	60.0
1819.9140159999952	0.3429999949999001	gratings	13.0	0.342999995	360.0	0.0	0.0	1.0	0.0399999991	2.0	5.10508823	60.0
1820.6140159992501	0.3429999949999001	gratings	11.0	0.342999995	360.0	0.0	0.0	1.0	0.0399999991	2.0	4.49422264	60.0
1821.3140159994364	0.3429999949999001	gratings	12.0	0.342999995	360.0	0.0	0.0	1.0	0.0399999991	2.0	4.71238899	60.0
1822.0140159996226	0.3429999949999001	gratings	12.0	0.342999995	360.0	0.0	0.0	1.0	0.0399999991	2.0	4.71238899	60.0
1822.714015999809	0.3429999949999001	gratings	15.0	0.342999995	360.0	0.0	0.0	0.0	0.0399999991	2.0	0.0	60.0
1823.4140159999952	0.3429999949999001	gratings	5.0	0.342999995	360.0	0.0	0.0	1.0	0.0399999991	2.0	1.96349537	60.0
1824.1140159992501	0.3429999949999001	gratings	3.0	0.342999995	360.0	0.0	0.0	1.0	0.0399999991	2.0	1.17809725	60.0
1824.8140159994364	0.3429999949999001	gratings	8.0	0.342999995	360.0	0.0	0.0	1.0	0.0399999991	2.0	3.14159274	60.0
1825.5140159996226	0.3429999949999001	gratings	2.0	0.342999995	360.0	0.0	0.0	1.0	0.0399999991	2.0	0.785398185	60.0
1826.214015999809	0.3429999949999001	gratings	12.0	0.342999995	360.0	0.0	0.0	1.0	0.0399999991	2.0	4.71238899	60.0
1826.9140159999952	0.3429999949999001	gratings	15.0	0.342999995	360.0	0.0	0.0	0.0	0.0399999991	2.0	0.0	60.0
1827.6140159992501	0.3429999949999001	gratings	13.0	0.342999995	360.0	0.0	0.0	1.0	0.0399999991	2.0	5.10508823	60.0
1828.3140159994364	0.3429999949999001	gratings	6.0	0.342999995	360.0	0.0	0.0	1.0	0.0399999991	2.0	2.3561945	60.0
1829.0140159996226	0.3429999949999001	gratings	15.0	0.342999995	360.0	0.0	0.0	0.0	0.0399999991	2.0	0.0	60.0
1829.714015999809	0.3429999949999001	gratings	12.0	0.342999995	360.0	0.0	0.0	1.0	0.0399999991	2.0	4.71238899	60.0
1830.4140159999952	0.3429999949999001	gratings	0.0	0.342999995	360.0	0.0	0.0	1.0	0.0399999991	2.0	0.0	-1.0
1831.1140159992501	0.3429999949999001	gratings	9.0	0.342999995	360.0	0.0	0.0	1.0	0.0399999991	2.0	3.53429174	61.0
1831.8140159994364	0.3429999949999001	gratings	12.0	0.342999995	360.0	0.0	0.0	1.0	0.0399999991	2.0	4.71238899	61.0
1832.5140159996226	0.3429999949999001	gratings	7.0	0.342999995	360.0	0.0	0.0	1.0	0.0399999991	2.0	2.7488935	61.0
1833.214015999809	0.3429999949999001	gratings	5.0	0.342999995	360.0	0.0	0.0	1.0	0.0399999991	2.0	1.96349537	61.0
1833.9140159999952	0.3429999949999001	gratings	3.0	0.342999995	360.0	0.0	0.0	1.0	0.0399999991	2.0	1.17809725	61.0
1834.6140159992501	0.3429999949999001	gratings	3.0	0.342999995	360.0	0.0	0.0	1.0	0.0399999991	2.0	1.17809725	61.0
1835.3140159994364	0.3429999949999001	gratings	2.0	0.342999995	360.0	0.0	0.0	1.0	0.0399999991	2.0	0.785398185	61.0
1836.0140159996226	0.3429999949999001	gratings	7.0	0.342999995	360.0	0.0	0.0	1.0	0.0399999991	2.0	2.7488935	61.0
1836.714015999809	0.3429999949999001	gratings	3.0	0.342999995	360.0	0.0	0.0	1.0	0.0399999991	2.0	1.17809725	61.0
1837.4140159999952	0.3429999949999001	gratings	3.0	0.342999995	360.0	0.0	0.0	1.0	0.0399999991	2.0	1.17809725	61.0
1838.1140159992501	0.3429999949999001	gratings	2.0	0.342999995	360.0	0.0	0.0	1.0	0.0399999991	2.0	0.785398185	61.0
1838.8140159994364	0.3429999949999001	gratings	4.0	0.342999995	360.0	0.0	0.0	1.0	0.0399999991	2.0	1.57079637	61.0
1839.5140159996226	0.3429999949999001	gratings	8.0	0.342999995	360.0	0.0	0.0	1.0	0.0399999991	2.0	3.14159274	61.0
1840.214015999809	0.3429999949999001	gratings	7.0	0.342999995	360.0	0.0	0.0	1.0	0.0399999991	2.0	2.7488935	61.0
1840.9140159999952	0.3429999949999001	gratings	12.0	0.342999995	360.0	0.0	0.0	1.0	0.0399999991	2.0	4.71238899	61.0
1841.6140159992501	0.3429999949999001	gratings	7.0	0.342999995	360.0	0.0	0.0	1.0	0.0399999991	2.0	2.7488935	61.0
1842.3140159994364	0.3429999949999001	gratings	0.0	0.342999995	360.0	0.0	0.0	1.0	0.0399999991	2.0	0.0	61.0
1843.0140159996226	0.3429999949999001	gratings	2.0	0.342999995	360.0	0.0	0.0	1.0	0.0399999991	2.0	0.785398185	61.0
1843.714015999809	0.3429999949999001	gratings	4.0	0.342999995	360.0	0.0	0.0	1.0	0.0399999991	2.0	1.57079637	61.0
1844.4140159999952	0.3429999949999001	gratings	13.0	0.342999995	360.0	0.0	0.0	1.0	0.0399999991	2.0	5.10508823	61.0
1845.1140159992501	0.3429999949999001	gratings	11.0	0.342999995	360.0	0.0	0.0	1.0	0.0399999991	2.0	4.49422264	61.0
1845.8140159994364	0.3429999949999001	gratings	11.0	0.342999995	360.0	0.0	0.0	1.0	0.0399999991	2.0	4.49422264	61.0
1846.5140159996226	0.3429999949999001	gratings	5.0	0.342999995	360.0	0.0	0.0	1.0	0.0399999991	2.0	1.96349537	61.0
1847.214015999809	0.3429999949999001	gratings	8.0	0.342999995	360.0	0.0	0.0	1.0	0.0399999991	2.0	3.14159274	61.0
1847.9140159999952	0.3429999949999001	gratings	6.0	0.342999995	360.0	0.0	0.0	1.0	0.0399999991	2.0	2.3561945	61.0
1848.6140159992501	0.3429999949999001	gratings	4.0	0.342999995	360.0	0.0	0.0	1.0	0.0399999991	2.0	1.57079637	61.0
1849.3150079995394	0.3429999949999001	gratings	11.0	0.342999995	360.0	0.0	0.0	1.0	0.0399999991	2.0	4.49422264	61.0
1850.0150079997256	0.3429999949999001	gratings	14.0	0.342999995	360.0	0.0	0.0	1.0	0.0399999991	2.0	5.497787	61.0
1850.714015999809	0.3429999949999001	gratings	5.0	0.342999995	360.0	0.0	0.0	1.0	0.0399999991	2.0	1.96349537	61.0
1851.4140159999952	0.3429999949999001	gratings	14.0	0.342999995	360.0	0.0	0.0	1.0	0.0399999991	2.0	5.497787	61.0
1852.115007999353	0.3429999949999001	gratings	0.0	0.342999995	360.0	0.0	0.0	1.0	0.0399999991	2.0	0.0	61.0
1852.8150079995394	0.3429999949999001	gratings	3.0	0.342999995	360.0	0.0	0.0	1.0	0.0399999991	2.0	1.17809725	61.0
1853.5150079997256	0.3429999949999001	gratings	14.0	0.342999995	360.0	0.0	0.0	1.0	0.0399999991	2.0	5.497787	61.0
1854.215007999912	0.3429999949999001	gratings	6.0	0.342999995	360.0	0.0	0.0	1.0	0.0399999991	2.0	2.3561945	61.0
1854.9150080000982	0.3429999949999001	gratings	5.0	0.342999995	360.0	0.0	0.0	1.0	0.0399999991	2.0	1.96349537	61.0
1855.615007999353	0.3429999949999001	gratings	4.0	0.342999995	360.0	0.0	0.0	1.0	0.0399999991	2.0	1.57079637	61.0
1856.3150079995394	0.3429999949999001	gratings	3.0	0.342999995	360.0	0.0	0.0	1.0	0.0399999991	2.0	1.17809725	61.0
1857.0150079997256	0.3429999949999001	gratings	10.0	0.342999995	360.0	0.0	0.0	1.0	0.0399999991	2.0	3.92699075	61.0
1857.715007999912	0.3429999949999001	gratings	2.0	0.342999995	360.0	0.0	0.0	1.0	0.0399999991	2.0	0.785398185	61.0
1858.4150080000982	0.3429999949999001	gratings	5.0	0.342999995	360.0	0.0	0.0	1.0	0.0399999991	2.0	1.96349537	61.0
1859.115007999353	0.3429999949999001	gratings	2.0	0.342999995	360.0	0.0	0.0	1.0	0.0399999991	2.0	0.785398185	61.0
1859.8150079995394	0.3429999949999001	gratings	10.0	0.342999995	360.0	0.0	0.0	1.0	0.0399999991	2.0	3.92699075	61.0
1860.5150079997256	0.3429999949999001	gratings	15.0	0.342999995	360.0	0.0	0.0	0.0	0.0399999991	2.0	0.0	-1.0
1861.215007999912	0.3429999949999001	gratings	7.0	0.342999995	360.0	0.0	0.0	1.0	0.0399999991	2.0	2.7488935	62.0
1861.9150080000982	0.3429999949999001	gratings	3.0	0.342999995	360.0	0.0	0.0	1.0	0.0399999991	2.0	1.17809725	62.0
1862.615007999353	0.3429999949999001	gratings	6.0	0.342999995	360.0	0.0	0.0	1.0	0.0399999991	2.0	2.3561945	62.0
1863.3150079995394	0.3429999949999001	gratings	15.0	0.342999995	360.0	0.0	0.0	0.0	0.0399999991	2.0	0.0	62.0
1864.0150079997256	0.3429999949999001	gratings	15.0	0.342999995	360.0	0.0	0.0	0.0	0.0399999991	2.0	0.0	62.0
1864.715007999912	0.3429999949999001	gratings	14.0	0.342999995	360.0	0.0	0.0	1.0	0.0399999991	2.0	5.497787	62.0
1865.4150080000982	0.3429999949999001	gratings	1.0	0.342999995	360.0	0.0	0.0	1.0	0.0399999991	2.0	0.392699093	62.0
1866.115007999353	0.3429999949999001	gratings	8.0	0.342999995	360.0	0.0	0.0	1.0	0.0399999991	2.0	3.14159274	62.0
1866.8150079995394	0.3429999949999001	gratings	10.0	0.342999995	360.0	0.0	0.0	1.0	0.0399999991	2.0	3.92699075	62.0
1867.5150079997256	0.3429999949999001	gratings	7.0	0.342999995	360.0	0.0	0.0	1.0	0.0399999991	2.0	2.7488935	62.0
1868.215007999912	0.3429999949999001	gratings	3.0	0.342999995	360.0	0.0	0.0	1.0	0.0399999991	2.0	1.17809725	62.0
1868.9150080000982	0.3429999949999001	gratings	9.0	0.342999995	360.0	0.0	0.0	1.0	0.0399999991	2.0	3.53429174	62.0
1869.615007999353	0.3429999949999001	gratings	7.0	0.342999995	360.0	0.0	0.0	1.0	0.0399999991	2.0	2.7488935	62.0
1870.3150079995394	0.3429999949999001	gratings	6.0	0.342999995	360.0	0.0	0.0	1.0	0.0399999991	2.0	2.3561945	62.0
1871.0150079997256	0.3429999949999001	gratings	9.0	0.342999995	360.0	0.0	0.0	1.0	0.0399999991	2.0	3.53429174	62.0
1871.715007999912	0.3429999949999001	gratings	1.0	0.342999995	360.0	0.0	0.0	1.0	0.0399999991	2.0	0.392699093	62.0
1872.4150080000982	0.3429999949999001	gratings	12.0	0.342999995	360.0	0.0	0.0	1.0	0.0399999991	2.0	4.71238899	62.0
1873.115007999353	0.3429999949999001	gratings	0.0	0.342999995	360.0	0.0	0.0	1.0	0.0399999991	2.0	0.0	62.0
1873.8150079995394	0.3429999949999001	gratings	1.0	0.342999995	360.0	0.0	0.0	1.0	0.0399999991	2.0	0.392699093	62.0
1874.5150079997256	0.3429999949999001	gratings	10.0	0.342999995	360.0	0.0	0.0	1.0	0.0399999991	2.0	3.92699075	62.0
1875.215007999912	0.3429999949999001	gratings	8.0	0.342999995	360.0	0.0	0.0	1.0	0.0399999991	2.0	3.14159274	62.0
1875.9150080000982	0.3429999949999001	gratings	3.0	0.342999995	360.0	0.0	0.0	1.0	0.0399999991	2.0	1.17809725	62.0
1876.615007999353	0.3429999949999001	gratings	11.0	0.342999995	360.0	0.0	0.0	1.0	0.0399999991	2.0	4.49422264	62.0
1877.3150079995394	0.3429999949999001	gratings	8.0	0.342999995	360.0	0.0	0.0	1.0	0.0399999991	2.0	3.14159274	62.0
1878.0150079997256	0.3429999949999001	gratings	14.0	0.342999995	360.0	0.0	0.0	1.0	0.0399999991	2.0	5.497787	62.0
1878.715007999912	0.3429999949999001	gratings	10.0	0.342999995	360.0	0.0	0.0	1.0	0.0399999991	2.0	3.92699075	62.0
1879.4150080000982	0.3429999949999001	gratings	4.0	0.342999995	360.0	0.0	0.0	1.0	0.0399999991	2.0	1.57079637	62.0
1880.115007999353	0.3429999949999001	gratings	13.0	0.342999995	360.0	0.0	0.0	1.0	0.0399999991	2.0	5.10508823	62.0
1880.8150079995394	0.3429999949999001	gratings	1.0	0.342999995	360.0	0.0	0.0	1.0	0.0399999991	2.0	0.392699093	62.0
1881.5150079997256	0.3429999949999001	gratings	5.0	0.342999995	360.0	0.0	0.0	1.0	0.0399999991	2.0	1.96349537	62.0
1882.215007999912	0.3429999949999001	gratings	10.0	0.342999995	360.0	0.0	0.0	1.0	0.0399999991	2.0	3.92699075	62.0
1882.9150080000982	0.3429999949999001	gratings	6.0	0.342999995	360.0	0.0	0.0	1.0	0.0399999991	2.0	2.3561945	62.0
1883.615007999353	0.3429999949999001	gratings	9.0	0.342999995	360.0	0.0	0.0	1.0	0.0399999991	2.0	3.53429174	62.0
1884.3150079995394	0.3429999949999001	gratings	1.0	0.342999995	360.0	0.0	0.0	1.0	0.0399999991	2.0	0.392699093	62.0
1885.0150079997256	0.3429999949999001	gratings	0.0	0.342999995	360.0	0.0	0.0	1.0	0.0399999991	2.0	0.0	62.0
1885.715007999912	0.3429999949999001	gratings	9.0	0.342999995	360.0	0.0	0.0	1.0	0.0399999991	2.0	3.53429174	62.0
1886.4150080000982	0.3429999949999001	gratings	15.0	0.342999995	360.0	0.0	0.0	0.0	0.0399999991	2.0	0.0	62.0
1887.115007999353	0.3429999949999001	gratings	7.0	0.342999995	360.0	0.0	0.0	1.0	0.0399999991	2.0	2.7488935	62.0
1887.8150079995394	0.3429999949999001	gratings	8.0	0.342999995	360.0	0.0	0.0	1.0	0.0399999991	2.0	3.14159274	62.0
1888.5150079997256	0.3429999949999001	gratings	3.0	0.342999995	360.0	0.0	0.0	1.0	0.0399999991	2.0	1.17809725	62.0
1889.215007999912	0.3429999949999001	gratings	10.0	0.342999995	360.0	0.0	0.0	1.0	0.0399999991	2.0	3.92699075	62.0
1889.9150080000982	0.3429999949999001	gratings	13.0	0.342999995	360.0	0.0	0.0	1.0	0.0399999991	2.0	5.10508823	62.0
1890.615007999353	0.3429999949999001	gratings	1.0	0.342999995	360.0	0.0	0.0	1.0	0.0399999991	2.0	0.392699093	63.0
1891.3150079995394	0.3429999949999001	gratings	12.0	0.342999995	360.0	0.0	0.0	1.0	0.0399999991	2.0	4.71238899	63.0
1892.0150079997256	0.3429999949999001	gratings	8.0	0.342999995	360.0	0.0	0.0	1.0	0.0399999991	2.0	3.14159274	63.0
1892.715007999912	0.3429999949999001	gratings	2.0	0.342999995	360.0	0.0	0.0	1.0	0.0399999991	2.0	0.785398185	63.0
1893.4150080000982	0.3429999949999001	gratings	15.0	0.342999995	360.0	0.0	0.0	0.0	0.0399999991	2.0	0.0	63.0
1894.115007999353	0.3429999949999001	gratings	6.0	0.342999995	360.0	0.0	0.0	1.0	0.0399999991	2.0	2.3561945	63.0
1894.8150079995394	0.3429999949999001	gratings	10.0	0.342999995	360.0	0.0	0.0	1.0	0.0399999991	2.0	3.92699075	63.0
1895.5150079997256	0.3429999949999001	gratings	5.0	0.342999995	360.0	0.0	0.0	1.0	0.0399999991	2.0	1.96349537	63.0
1896.215007999912	0.3429999949999001	gratings	12.0	0.342999995	360.0	0.0	0.0	1.0	0.0399999991	2.0	4.71238899	63.0
1896.9150080000982	0.3429999949999001	gratings	14.0	0.342999995	360.0	0.0	0.0	1.0	0.0399999991	2.0	5.497787	63.0
1897.615007999353	0.3429999949999001	gratings	4.0	0.342999995	360.0	0.0	0.0	1.0	0.0399999991	2.0	1.57079637	63.0
1898.3150079995394	0.3429999949999001	gratings	7.0	0.342999995	360.0	0.0	0.0	1.0	0.0399999991	2.0	2.7488935	63.0
1899.0150079997256	0.3429999949999001	gratings	12.0	0.342999995	360.0	0.0	0.0	1.0	0.0399999991	2.0	4.71238899	63.0
1899.715007999912	0.3429999949999001	gratings	5.0	0.342999995	360.0	0.0	0.0	1.0	0.0399999991	2.0	1.96349537	63.0
1900.4150080000982	0.3429999949999001	gratings	3.0	0.342999995	360.0	0.0	0.0	1.0	0.0399999991	2.0	1.17809725	63.0
1901.115007999353	0.3429999949999001	gratings	0.0	0.342999995	360.0	0.0	0.0	1.0	0.0399999991	2.0	0.0	63.0
1901.8150079995394	0.3429999949999001	gratings	2.0	0.342999995	360.0	0.0	0.0	1.0	0.0399999991	2.0	0.785398185	63.0
1902.5150079997256	0.3429999949999001	gratings	3.0	0.342999995	360.0	0.0	0.0	1.0	0.0399999991	2.0	1.17809725	63.0
1903.215007999912	0.3429999949999001	gratings	10.0	0.342999995	360.0	0.0	0.0	1.0	0.0399999991	2.0	3.92699075	63.0
1903.9150080000982	0.3429999949999001	gratings	3.0	0.342999995	360.0	0.0	0.0	1.0	0.0399999991	2.0	1.17809725	63.0
1904.615007999353	0.3429999949999001	gratings	9.0	0.342999995	360.0	0.0	0.0	1.0	0.0399999991	2.0	3.53429174	63.0
1905.3150079995394	0.3429999949999001	gratings	9.0	0.342999995	360.0	0.0	0.0	1.0	0.0399999991	2.0	3.53429174	63.0
1906.0150079997256	0.3429999949999001	gratings	15.0	0.342999995	360.0	0.0	0.0	0.0	0.0399999991	2.0	0.0	63.0
1906.715007999912	0.3429999949999001	gratings	6.0	0.342999995	360.0	0.0	0.0	1.0	0.0399999991	2.0	2.3561945	63.0
1907.4150080000982	0.3429999949999001	gratings	13.0	0.342999995	360.0	0.0	0.0	1.0	0.0399999991	2.0	5.10508823	63.0
1908.115007999353	0.3429999949999001	gratings	13.0	0.342999995	360.0	0.0	0.0	1.0	0.0399999991	2.0	5.10508823	63.0
1908.8150079995394	0.3429999949999001	gratings	6.0	0.342999995	360.0	0.0	0.0	1.0	0.0399999991	2.0	2.3561945	63.0
1909.5150079997256	0.3429999949999001	gratings	11.0	0.342999995	360.0	0.0	0.0	1.0	0.0399999991	2.0	4.49422264	63.0
1910.215007999912	0.3429999949999001	gratings	13.0	0.342999995	360.0	0.0	0.0	1.0	0.0399999991	2.0	5.10508823	63.0
1910.9150080000982	0.3429999949999001	gratings	14.0	0.342999995	360.0	0.0	0.0	1.0	0.0399999991	2.0	5.497787	63.0
1911.615007999353	0.3429999949999001	gratings	6.0	0.342999995	360.0	0.0	0.0	1.0	0.0399999991	2.0	2.3561945	63.0
1912.3150079995394	0.3429999949999001	gratings	12.0	0.342999995	360.0	0.0	0.0	1.0	0.0399999991	2.0	4.71238899	63.0
1913.0150079997256	0.3429999949999001	gratings	12.0	0.342999995	360.0	0.0	0.0	1.0	0.0399999991	2.0	4.71238899	63.0
1913.715007999912	0.3429999949999001	gratings	6.0	0.342999995	360.0	0.0	0.0	1.0	0.0399999991	2.0	2.3561945	63.0
1914.4150080000982	0.3429999949999001	gratings	2.0	0.342999995	360.0	0.0	0.0	1.0	0.0399999991	2.0	0.785398185	63.0
1915.115007999353	0.3429999949999001	gratings	2.0	0.342999995	360.0	0.0	0.0	1.0	0.0399999991	2.0	0.785398185	63.0
1915.8150079995394	0.3429999949999001	gratings	0.0	0.342999995	360.0	0.0	0.0	1.0	0.0399999991	2.0	0.0	63.0
1916.5150079997256	0.3429999949999001	gratings	6.0	0.342999995	360.0	0.0	0.0	1.0	0.0399999991	2.0	2.3561945	63.0
1917.215007999912	0.3429999949999001	gratings	1.0	0.342999995	360.0	0.0	0.0	1.0	0.0399999991	2.0	0.392699093	63.0
1917.9150080000982	0.3429999949999001	gratings	3.0	0.342999995	360.0	0.0	0.0	1.0	0.0399999991	2.0	1.17809725	63.0
1918.615007999353	0.3429999949999001	gratings	9.0	0.342999995	360.0	0.0	0.0	1.0	0.0399999991	2.0	3.53429174	63.0
1919.3150079995394	0.3429999949999001	gratings	1.0	0.342999995	360.0	0.0	0.0	1.0	0.0399999991	2.0	0.392699093	63.0
1920.0150079997256	0.3429999949999001	gratings	3.0	0.342999995	360.0	0.0	0.0	1.0	0.0399999991	2.0	1.17809725	63.0
1920.715007999912	0.3429999949999001	gratings	9.0	0.342999995	360.0	0.0	0.0	1.0	0.0399999991	2.0	3.53429174	64.0
1921.4150080000982	0.3429999949999001	gratings	4.0	0.342999995	360.0	0.0	0.0	1.0	0.0399999991	2.0	1.57079637	64.0
1922.115007999353	0.3429999949999001	gratings	6.0	0.342999995	360.0	0.0	0.0	1.0	0.0399999991	2.0	2.3561945	64.0
1922.8150079995394	0.3429999949999001	gratings	5.0	0.342999995	360.0	0.0	0.0	1.0	0.0399999991	2.0	1.96349537	64.0
1923.5150079997256	0.3429999949999001	gratings	6.0	0.342999995	360.0	0.0	0.0	1.0	0.0399999991	2.0	2.3561945	64.0
1924.215007999912	0.3429999949999001	gratings	7.0	0.342999995	360.0	0.0	0.0	1.0	0.0399999991	2.0	2.7488935	64.0
1924.9150080000982	0.3429999949999001	gratings	2.0	0.342999995	360.0	0.0	0.0	1.0	0.0399999991	2.0	0.785398185	64.0
1925.615007999353	0.3429999949999001	gratings	7.0	0.342999995	360.0	0.0	0.0	1.0	0.0399999991	2.0	2.7488935	64.0
1926.3150079995394	0.3429999949999001	gratings	4.0	0.342999995	360.0	0.0	0.0	1.0	0.0399999991	2.0	1.57079637	64.0
1927.0150079997256	0.3429999949999001	gratings	4.0	0.342999995	360.0	0.0	0.0	1.0	0.0399999991	2.0	1.57079637	64.0
1927.715007999912	0.3429999949999001	gratings	4.0	0.342999995	360.0	0.0	0.0	1.0	0.0399999991	2.0	1.57079637	64.0
1928.4150080000982	0.3429999949999001	gratings	15.0	0.342999995	360.0	0.0	0.0	0.0	0.0399999991	2.0	0.0	64.0
1929.115007999353	0.3429999949999001	gratings	11.0	0.342999995	360.0	0.0	0.0	1.0	0.0399999991	2.0	4.49422264	64.0
1929.8150079995394	0.3429999949999001	gratings	7.0	0.342999995	360.0	0.0	0.0	1.0	0.0399999991	2.0	2.7488935	64.0
1930.5150079997256	0.3429999949999001	gratings	5.0	0.342999995	360.0	0.0	0.0	1.0	0.0399999991	2.0	1.96349537	64.0
1931.215007999912	0.3429999949999001	gratings	13.0	0.342999995	360.0	0.0	0.0	1.0	0.0399999991	2.0	5.10508823	64.0
1931.9150080000982	0.3429999949999001	gratings	14.0	0.342999995	360.0	0.0	0.0	1.0	0.0399999991	2.0	5.497787	64.0
1932.615007999353	0.3429999949999001	gratings	13.0	0.342999995	360.0	0.0	0.0	1.0	0.0399999991	2.0	5.10508823	64.0
1933.3150079995394	0.3429999949999001	gratings	3.0	0.342999995	360.0	0.0	0.0	1.0	0.0399999991	2.0	1.17809725	64.0
1934.0150079997256	0.3429999949999001	gratings	7.0	0.342999995	360.0	0.0	0.0	1.0	0.0399999991	2.0	2.7488935	64.0
1934.715007999912	0.3429999949999001	gratings	13.0	0.342999995	360.0	0.0	0.0	1.0	0.0399999991	2.0	5.10508823	64.0
1935.4150080000982	0.3429999949999001	gratings	2.0	0.342999995	360.0	0.0	0.0	1.0	0.0399999991	2.0	0.785398185	64.0
1936.115007999353	0.3429999949999001	gratings	4.0	0.342999995	360.0	0.0	0.0	1.0	0.0399999991	2.0	1.57079637	64.0
1936.8150079995394	0.3429999949999001	gratings	10.0	0.342999995	360.0	0.0	0.0	1.0	0.0399999991	2.0	3.92699075	64.0
1937.5150079997256	0.3429999949999001	gratings	15.0	0.342999995	360.0	0.0	0.0	0.0	0.0399999991	2.0	0.0	64.0
1938.215007999912	0.3429999949999001	gratings	1.0	0.342999995	360.0	0.0	0.0	1.0	0.0399999991	2.0	0.392699093	64.0
1938.9150080000982	0.3429999949999001	gratings	9.0	0.342999995	360.0	0.0	0.0	1.0	0.0399999991	2.0	3.53429174	64.0
1939.615007999353	0.3429999949999001	gratings	14.0	0.342999995	360.0	0.0	0.0	1.0	0.0399999991	2.0	5.497787	64.0
1940.3150079995394	0.3429999949999001	gratings	0.0	0.342999995	360.0	0.0	0.0	1.0	0.0399999991	2.0	0.0	64.0
1941.0150079997256	0.3429999949999001	gratings	14.0	0.342999995	360.0	0.0	0.0	1.0	0.0399999991	2.0	5.497787	64.0
1941.715007999912	0.3429999949999001	gratings	6.0	0.342999995	360.0	0.0	0.0	1.0	0.0399999991	2.0	2.3561945	64.0
1942.4150080000982	0.3429999949999001	gratings	13.0	0.342999995	360.0	0.0	0.0	1.0	0.0399999991	2.0	5.10508823	64.0
1943.115007999353	0.3429999949999001	gratings	7.0	0.342999995	360.0	0.0	0.0	1.0	0.0399999991	2.0	2.7488935	64.0
1943.8150079995394	0.3429999949999001	gratings	8.0	0.342999995	360.0	0.0	0.0	1.0	0.0399999991	2.0	3.14159274	64.0
1944.5150079997256	0.3429999949999001	gratings	2.0	0.342999995	360.0	0.0	0.0	1.0	0.0399999991	2.0	0.785398185	64.0
1945.215007999912	0.3429999949999001	gratings	12.0	0.342999995	360.0	0.0	0.0	1.0	0.0399999991	2.0	4.71238899	64.0
1945.9150080000982	0.3429999949999001	gratings	12.0	0.342999995	360.0	0.0	0.0	1.0	0.0399999991	2.0	4.71238899	64.0
1946.615007999353	0.3429999949999001	gratings	4.0	0.342999995	360.0	0.0	0.0	1.0	0.0399999991	2.0	1.57079637	64.0
1947.3150079995394	0.3429999949999001	gratings	10.0	0.342999995	360.0	0.0	0.0	1.0	0.0399999991	2.0	3.92699075	64.0
1948.0150079997256	0.3429999949999001	gratings	8.0	0.342999995	360.0	0.0	0.0	1.0	0.0399999991	2.0	3.14159274	64.0
1948.715007999912	0.3429999949999001	gratings	1.0	0.342999995	360.0	0.0	0.0	1.0	0.0399999991	2.0	0.392699093	64.0
1949.4150080000982	0.3429999949999001	gratings	2.0	0.342999995	360.0	0.0	0.0	1.0	0.0399999991	2.0	0.785398185	64.0
1950.115007999353	0.3429999949999001	gratings	9.0	0.342999995	360.0	0.0	0.0	1.0	0.0399999991	2.0	3.53429174	-1.0
1950.8150079995394	0.3429999949999001	gratings	0.0	0.342999995	360.0	0.0	0.0	1.0	0.0399999991	2.0	0.0	65.0
1951.5150079997256	0.3429999949999001	gratings	9.0	0.342999995	360.0	0.0	0.0	1.0	0.0399999991	2.0	3.53429174	65.0
1952.215007999912	0.3429999949999001	gratings	1.0	0.342999995	360.0	0.0	0.0	1.0	0.0399999991	2.0	0.392699093	65.0
1952.9150080000982	0.3429999949999001	gratings	12.0	0.342999995	360.0	0.0	0.0	1.0	0.0399999991	2.0	4.71238899	65.0
1953.615007999353	0.3429999949999001	gratings	7.0	0.342999995	360.0	0.0	0.0	1.0	0.0399999991	2.0	2.7488935	65.0
1954.3150079995394	0.3429999949999001	gratings	7.0	0.342999995	360.0	0.0	0.0	1.0	0.0399999991	2.0	2.7488935	65.0
1955.0150079997256	0.3429999949999001	gratings	1.0	0.342999995	360.0	0.0	0.0	1.0	0.0399999991	2.0	0.392699093	65.0
1955.715007999912	0.3429999949999001	gratings	5.0	0.342999995	360.0	0.0	0.0	1.0	0.0399999991	2.0	1.96349537	65.0
1956.4150080000982	0.3429999949999001	gratings	0.0	0.342999995	360.0	0.0	0.0	1.0	0.0399999991	2.0	0.0	65.0
1957.115007999353	0.3429999949999001	gratings	14.0	0.342999995	360.0	0.0	0.0	1.0	0.0399999991	2.0	5.497787	65.0
1957.8150079995394	0.3429999949999001	gratings	5.0	0.342999995	360.0	0.0	0.0	1.0	0.0399999991	2.0	1.96349537	65.0
1958.5150079997256	0.3429999949999001	gratings	7.0	0.342999995	360.0	0.0	0.0	1.0	0.0399999991	2.0	2.7488935	65.0
1959.215007999912	0.3429999949999001	gratings	15.0	0.342999995	360.0	0.0	0.0	0.0	0.0399999991	2.0	0.0	65.0
1959.9150080000982	0.3429999949999001	gratings	8.0	0.342999995	360.0	0.0	0.0	1.0	0.0399999991	2.0	3.14159274	65.0
1960.615007999353	0.3429999949999001	gratings	11.0	0.342999995	360.0	0.0	0.0	1.0	0.0399999991	2.0	4.49422264	65.0
1961.3150079995394	0.3429999949999001	gratings	1.0	0.342999995	360.0	0.0	0.0	1.0	0.0399999991	2.0	0.392699093	65.0
1962.0150079997256	0.3429999949999001	gratings	0.0	0.342999995	360.0	0.0	0.0	1.0	0.0399999991	2.0	0.0	65.0
1962.715007999912	0.3429999949999001	gratings	6.0	0.342999995	360.0	0.0	0.0	1.0	0.0399999991	2.0	2.3561945	65.0
1963.4150080000982	0.3429999949999001	gratings	11.0	0.342999995	360.0	0.0	0.0	1.0	0.0399999991	2.0	4.49422264	65.0
1964.115007999353	0.3429999949999001	gratings	4.0	0.342999995	360.0	0.0	0.0	1.0	0.0399999991	2.0	1.57079637	65.0
1964.8150079995394	0.3429999949999001	gratings	13.0	0.342999995	360.0	0.0	0.0	1.0	0.0399999991	2.0	5.10508823	65.0
1965.5150079997256	0.3429999949999001	gratings	4.0	0.342999995	360.0	0.0	0.0	1.0	0.0399999991	2.0	1.57079637	65.0
1966.215007999912	0.3429999949999001	gratings	9.0	0.342999995	360.0	0.0	0.0	1.0	0.0399999991	2.0	3.53429174	65.0
1966.9150080000982	0.3429999949999001	gratings	11.0	0.342999995	360.0	0.0	0.0	1.0	0.0399999991	2.0	4.49422264	65.0
1967.615007999353	0.3429999949999001	gratings	3.0	0.342999995	360.0	0.0	0.0	1.0	0.0399999991	2.0	1.17809725	65.0
1968.3150079995394	0.3429999949999001	gratings	9.0	0.342999995	360.0	0.0	0.0	1.0	0.0399999991	2.0	3.53429174	65.0
1969.0150079997256	0.3429999949999001	gratings	14.0	0.342999995	360.0	0.0	0.0	1.0	0.0399999991	2.0	5.497787	65.0
1969.715007999912	0.3429999949999001	gratings	11.0	0.342999995	360.0	0.0	0.0	1.0	0.0399999991	2.0	4.49422264	65.0
1970.4150080000982	0.3429999949999001	gratings	0.0	0.342999995	360.0	0.0	0.0	1.0	0.0399999991	2.0	0.0	65.0
1971.115007999353	0.3429999949999001	gratings	6.0	0.342999995	360.0	0.0	0.0	1.0	0.0399999991	2.0	2.3561945	65.0
1971.8150079995394	0.3429999949999001	gratings	14.0	0.342999995	360.0	0.0	0.0	1.0	0.0399999991	2.0	5.497787	65.0
1972.5150079997256	0.3429999949999001	gratings	10.0	0.342999995	360.0	0.0	0.0	1.0	0.0399999991	2.0	3.92699075	65.0
1973.215007999912	0.3429999949999001	gratings	12.0	0.342999995	360.0	0.0	0.0	1.0	0.0399999991	2.0	4.71238899	65.0
1973.9150080000982	0.3429999949999001	gratings	7.0	0.342999995	360.0	0.0	0.0	1.0	0.0399999991	2.0	2.7488935	65.0
1974.615007999353	0.3429999949999001	gratings	10.0	0.342999995	360.0	0.0	0.0	1.0	0.0399999991	2.0	3.92699075	65.0
1975.3159999996424	0.3429999949999001	gratings	15.0	0.342999995	360.0	0.0	0.0	0.0	0.0399999991	2.0	0.0	65.0
1976.0150079997256	0.3429999949999001	gratings	0.0	0.342999995	360.0	0.0	0.0	1.0	0.0399999991	2.0	0.0	65.0
1976.715007999912	0.3429999949999001	gratings	6.0	0.342999995	360.0	0.0	0.0	1.0	0.0399999991	2.0	2.3561945	65.0
1977.4150080000982	0.3429999949999001	gratings	4.0	0.342999995	360.0	0.0	0.0	1.0	0.0399999991	2.0	1.57079637	65.0
1978.115007999353	0.3429999949999001	gratings	13.0	0.342999995	360.0	0.0	0.0	1.0	0.0399999991	2.0	5.10508823	65.0
1978.8150079995394	0.3429999949999001	gratings	0.0	0.342999995	360.0	0.0	0.0	1.0	0.0399999991	2.0	0.0	65.0
1979.5150079997256	0.3429999949999001	gratings	7.0	0.342999995	360.0	0.0	0.0	1.0	0.0399999991	2.0	2.7488935	65.0
1980.215007999912	0.3429999949999001	gratings	15.0	0.342999995	360.0	0.0	0.0	0.0	0.0399999991	2.0	0.0	-1.0
1980.9150080000982	0.3429999949999001	gratings	0.0	0.342999995	360.0	0.0	0.0	1.0	0.0399999991	2.0	0.0	66.0
1981.615999999456	0.3429999949999001	gratings	11.0	0.342999995	360.0	0.0	0.0	1.0	0.0399999991	2.0	4.49422264	66.0
1982.3150079995394	0.3429999949999001	gratings	5.0	0.342999995	360.0	0.0	0.0	1.0	0.0399999991	2.0	1.96349537	66.0
1983.0159999998286	0.3429999949999001	gratings	13.0	0.342999995	360.0	0.0	0.0	1.0	0.0399999991	2.0	5.10508823	66.0
1983.716000000015	0.3429999949999001	gratings	7.0	0.342999995	360.0	0.0	0.0	1.0	0.0399999991	2.0	2.7488935	66.0
1984.4159999992698	0.3429999949999001	gratings	9.0	0.342999995	360.0	0.0	0.0	1.0	0.0399999991	2.0	3.53429174	66.0
1985.115999999456	0.3429999949999001	gratings	10.0	0.342999995	360.0	0.0	0.0	1.0	0.0399999991	2.0	3.92699075	66.0
1985.8159999996424	0.3429999949999001	gratings	13.0	0.342999995	360.0	0.0	0.0	1.0	0.0399999991	2.0	5.10508823	66.0
1986.5159999998286	0.3429999949999001	gratings	1.0	0.342999995	360.0	0.0	0.0	1.0	0.0399999991	2.0	0.392699093	66.0
1987.216000000015	0.3429999949999001	gratings	4.0	0.342999995	360.0	0.0	0.0	1.0	0.0399999991	2.0	1.57079637	66.0
1987.9159999992698	0.3429999949999001	gratings	0.0	0.342999995	360.0	0.0	0.0	1.0	0.0399999991	2.0	0.0	66.0
1988.615999999456	0.3429999949999001	gratings	14.0	0.342999995	360.0	0.0	0.0	1.0	0.0399999991	2.0	5.497787	66.0
1989.3159999996424	0.3429999949999001	gratings	11.0	0.342999995	360.0	0.0	0.0	1.0	0.0399999991	2.0	4.49422264	66.0
1990.0159999998286	0.3429999949999001	gratings	11.0	0.342999995	360.0	0.0	0.0	1.0	0.0399999991	2.0	4.49422264	66.0
1990.716000000015	0.3429999949999001	gratings	3.0	0.342999995	360.0	0.0	0.0	1.0	0.0399999991	2.0	1.17809725	66.0
1991.4159999992698	0.3429999949999001	gratings	11.0	0.342999995	360.0	0.0	0.0	1.0	0.0399999991	2.0	4.49422264	66.0
1992.115999999456	0.3429999949999001	gratings	0.0	0.342999995	360.0	0.0	0.0	1.0	0.0399999991	2.0	0.0	66.0
1992.8159999996424	0.3429999949999001	gratings	10.0	0.342999995	360.0	0.0	0.0	1.0	0.0399999991	2.0	3.92699075	66.0
1993.5159999998286	0.3429999949999001	gratings	0.0	0.342999995	360.0	0.0	0.0	1.0	0.0399999991	2.0	0.0	66.0
1994.216000000015	0.3429999949999001	gratings	12.0	0.342999995	360.0	0.0	0.0	1.0	0.0399999991	2.0	4.71238899	66.0
1994.9159999992698	0.3429999949999001	gratings	13.0	0.342999995	360.0	0.0	0.0	1.0	0.0399999991	2.0	5.10508823	66.0
1995.615999999456	0.3429999949999001	gratings	0.0	0.342999995	360.0	0.0	0.0	1.0	0.0399999991	2.0	0.0	66.0
1996.3159999996424	0.3429999949999001	gratings	12.0	0.342999995	360.0	0.0	0.0	1.0	0.0399999991	2.0	4.71238899	66.0
1997.0159999998286	0.3429999949999001	gratings	14.0	0.342999995	360.0	0.0	0.0	1.0	0.0399999991	2.0	5.497787	66.0
1997.716000000015	0.3429999949999001	gratings	5.0	0.342999995	360.0	0.0	0.0	1.0	0.0399999991	2.0	1.96349537	66.0
1998.4159999992698	0.3429999949999001	gratings	2.0	0.342999995	360.0	0.0	0.0	1.0	0.0399999991	2.0	0.785398185	66.0
1999.115999999456	0.3429999949999001	gratings	8.0	0.342999995	360.0	0.0	0.0	1.0	0.0399999991	2.0	3.14159274	66.0
1999.8159999996424	0.3429999949999001	gratings	6.0	0.342999995	360.0	0.0	0.0	1.0	0.0399999991	2.0	2.3561945	66.0
2000.5159999998286	0.3429999949999001	gratings	15.0	0.342999995	360.0	0.0	0.0	0.0	0.0399999991	2.0	0.0	66.0
2001.216000000015	0.3429999949999001	gratings	0.0	0.342999995	360.0	0.0	0.0	1.0	0.0399999991	2.0	0.0	66.0
2001.9159999992698	0.3429999949999001	gratings	13.0	0.342999995	360.0	0.0	0.0	1.0	0.0399999991	2.0	5.10508823	66.0
2002.615999999456	0.3429999949999001	gratings	12.0	0.342999995	360.0	0.0	0.0	1.0	0.0399999991	2.0	4.71238899	66.0
2003.3159999996424	0.3429999949999001	gratings	11.0	0.342999995	360.0	0.0	0.0	1.0	0.0399999991	2.0	4.49422264	66.0
2004.0159999998286	0.3429999949999001	gratings	1.0	0.342999995	360.0	0.0	0.0	1.0	0.0399999991	2.0	0.392699093	66.0
2004.716000000015	0.3429999949999001	gratings	5.0	0.342999995	360.0	0.0	0.0	1.0	0.0399999991	2.0	1.96349537	66.0
2005.4159999992698	0.3429999949999001	gratings	1.0	0.342999995	360.0	0.0	0.0	1.0	0.0399999991	2.0	0.392699093	66.0
2006.115999999456	0.3429999949999001	gratings	10.0	0.342999995	360.0	0.0	0.0	1.0	0.0399999991	2.0	3.92699075	66.0
2006.8159999996424	0.3429999949999001	gratings	8.0	0.342999995	360.0	0.0	0.0	1.0	0.0399999991	2.0	3.14159274	66.0
2007.5159999998286	0.3429999949999001	gratings	2.0	0.342999995	360.0	0.0	0.0	1.0	0.0399999991	2.0	0.785398185	66.0
2008.216000000015	0.3429999949999001	gratings	14.0	0.342999995	360.0	0.0	0.0	1.0	0.0399999991	2.0	5.497787	66.0
2008.9159999992698	0.3429999949999001	gratings	1.0	0.342999995	360.0	0.0	0.0	1.0	0.0399999991	2.0	0.392699093	66.0
2009.615999999456	0.3429999949999001	gratings	10.0	0.342999995	360.0	0.0	0.0	1.0	0.0399999991	2.0	3.92699075	66.0
2010.3159999996424	0.3429999949999001	gratings	9.0	0.342999995	360.0	0.0	0.0	1.0	0.0399999991	2.0	3.53429174	-1.0
2011.0159999998286	0.3429999949999001	gratings	2.0	0.342999995	360.0	0.0	0.0	1.0	0.0399999991	2.0	0.785398185	67.0
2011.716000000015	0.3429999949999001	gratings	3.0	0.342999995	360.0	0.0	0.0	1.0	0.0399999991	2.0	1.17809725	67.0
2012.4159999992698	0.3429999949999001	gratings	7.0	0.342999995	360.0	0.0	0.0	1.0	0.0399999991	2.0	2.7488935	67.0
2013.115999999456	0.3429999949999001	gratings	4.0	0.342999995	360.0	0.0	0.0	1.0	0.0399999991	2.0	1.57079637	67.0
2013.8159999996424	0.3429999949999001	gratings	0.0	0.342999995	360.0	0.0	0.0	1.0	0.0399999991	2.0	0.0	67.0
2014.5159999998286	0.3429999949999001	gratings	8.0	0.342999995	360.0	0.0	0.0	1.0	0.0399999991	2.0	3.14159274	67.0
2015.216000000015	0.3429999949999001	gratings	12.0	0.342999995	360.0	0.0	0.0	1.0	0.0399999991	2.0	4.71238899	67.0
2015.9159999992698	0.3429999949999001	gratings	5.0	0.342999995	360.0	0.0	0.0	1.0	0.0399999991	2.0	1.96349537	67.0
2016.615999999456	0.3429999949999001	gratings	6.0	0.342999995	360.0	0.0	0.0	1.0	0.0399999991	2.0	2.3561945	67.0
2017.3159999996424	0.3429999949999001	gratings	7.0	0.342999995	360.0	0.0	0.0	1.0	0.0399999991	2.0	2.7488935	67.0
2018.0159999998286	0.3429999949999001	gratings	11.0	0.342999995	360.0	0.0	0.0	1.0	0.0399999991	2.0	4.49422264	67.0
2018.716000000015	0.3429999949999001	gratings	7.0	0.342999995	360.0	0.0	0.0	1.0	0.0399999991	2.0	2.7488935	67.0
2019.4159999992698	0.3429999949999001	gratings	0.0	0.342999995	360.0	0.0	0.0	1.0	0.0399999991	2.0	0.0	67.0
2020.115999999456	0.3429999949999001	gratings	8.0	0.342999995	360.0	0.0	0.0	1.0	0.0399999991	2.0	3.14159274	67.0
2020.8159999996424	0.3429999949999001	gratings	2.0	0.342999995	360.0	0.0	0.0	1.0	0.0399999991	2.0	0.785398185	67.0
2021.5159999998286	0.3429999949999001	gratings	9.0	0.342999995	360.0	0.0	0.0	1.0	0.0399999991	2.0	3.53429174	67.0
2022.216000000015	0.3429999949999001	gratings	1.0	0.342999995	360.0	0.0	0.0	1.0	0.0399999991	2.0	0.392699093	67.0
2022.9159999992698	0.3429999949999001	gratings	15.0	0.342999995	360.0	0.0	0.0	0.0	0.0399999991	2.0	0.0	67.0
2023.615999999456	0.3429999949999001	gratings	4.0	0.342999995	360.0	0.0	0.0	1.0	0.0399999991	2.0	1.57079637	67.0
2024.3159999996424	0.3429999949999001	gratings	0.0	0.342999995	360.0	0.0	0.0	1.0	0.0399999991	2.0	0.0	67.0
2025.0159999998286	0.3429999949999001	gratings	10.0	0.342999995	360.0	0.0	0.0	1.0	0.0399999991	2.0	3.92699075	67.0
2025.716000000015	0.3429999949999001	gratings	2.0	0.342999995	360.0	0.0	0.0	1.0	0.0399999991	2.0	0.785398185	67.0
2026.4159999992698	0.3429999949999001	gratings	5.0	0.342999995	360.0	0.0	0.0	1.0	0.0399999991	2.0	1.96349537	67.0
2027.115999999456	0.3429999949999001	gratings	15.0	0.342999995	360.0	0.0	0.0	0.0	0.0399999991	2.0	0.0	67.0
2027.8159999996424	0.3429999949999001	gratings	13.0	0.342999995	360.0	0.0	0.0	1.0	0.0399999991	2.0	5.10508823	67.0
2028.5159999998286	0.3429999949999001	gratings	9.0	0.342999995	360.0	0.0	0.0	1.0	0.0399999991	2.0	3.53429174	67.0
2029.216000000015	0.3429999949999001	gratings	14.0	0.342999995	360.0	0.0	0.0	1.0	0.0399999991	2.0	5.497787	67.0
2029.9159999992698	0.3429999949999001	gratings	4.0	0.342999995	360.0	0.0	0.0	1.0	0.0399999991	2.0	1.57079637	67.0
2030.615999999456	0.3429999949999001	gratings	8.0	0.342999995	360.0	0.0	0.0	1.0	0.0399999991	2.0	3.14159274	67.0
2031.3159999996424	0.3429999949999001	gratings	14.0	0.342999995	360.0	0.0	0.0	1.0	0.0399999991	2.0	5.497787	67.0
2032.0159999998286	0.3429999949999001	gratings	3.0	0.342999995	360.0	0.0	0.0	1.0	0.0399999991	2.0	1.17809725	67.0
2032.716000000015	0.3429999949999001	gratings	0.0	0.342999995	360.0	0.0	0.0	1.0	0.0399999991	2.0	0.0	67.0
2033.4159999992698	0.3429999949999001	gratings	6.0	0.342999995	360.0	0.0	0.0	1.0	0.0399999991	2.0	2.3561945	67.0
2034.115999999456	0.3429999949999001	gratings	10.0	0.342999995	360.0	0.0	0.0	1.0	0.0399999991	2.0	3.92699075	67.0
2034.8159999996424	0.3429999949999001	gratings	1.0	0.342999995	360.0	0.0	0.0	1.0	0.0399999991	2.0	0.392699093	67.0
2035.5159999998286	0.3429999949999001	gratings	9.0	0.342999995	360.0	0.0	0.0	1.0	0.0399999991	2.0	3.53429174	67.0
2036.216000000015	0.3429999949999001	gratings	10.0	0.342999995	360.0	0.0	0.0	1.0	0.0399999991	2.0	3.92699075	67.0
2036.9159999992698	0.3429999949999001	gratings	12.0	0.342999995	360.0	0.0	0.0	1.0	0.0399999991	2.0	4.71238899	67.0
2037.615999999456	0.3429999949999001	gratings	5.0	0.342999995	360.0	0.0	0.0	1.0	0.0399999991	2.0	1.96349537	67.0
2038.3159999996424	0.3429999949999001	gratings	10.0	0.342999995	360.0	0.0	0.0	1.0	0.0399999991	2.0	3.92699075	67.0
2039.0159999998286	0.3429999949999001	gratings	5.0	0.342999995	360.0	0.0	0.0	1.0	0.0399999991	2.0	1.96349537	67.0
2039.716000000015	0.3429999949999001	gratings	14.0	0.342999995	360.0	0.0	0.0	1.0	0.0399999991	2.0	5.497787	67.0
2040.4159999992698	0.3429999949999001	gratings	0.0	0.342999995	360.0	0.0	0.0	1.0	0.0399999991	2.0	0.0	-1.0
2041.115999999456	0.3429999949999001	gratings	11.0	0.342999995	360.0	0.0	0.0	1.0	0.0399999991	2.0	4.49422264	68.0
2041.8159999996424	0.3429999949999001	gratings	1.0	0.342999995	360.0	0.0	0.0	1.0	0.0399999991	2.0	0.392699093	68.0
2042.5159999998286	0.3429999949999001	gratings	13.0	0.342999995	360.0	0.0	0.0	1.0	0.0399999991	2.0	5.10508823	68.0
2043.216000000015	0.3429999949999001	gratings	15.0	0.342999995	360.0	0.0	0.0	0.0	0.0399999991	2.0	0.0	68.0
2043.9159999992698	0.3429999949999001	gratings	14.0	0.342999995	360.0	0.0	0.0	1.0	0.0399999991	2.0	5.497787	68.0
2044.615999999456	0.3429999949999001	gratings	14.0	0.342999995	360.0	0.0	0.0	1.0	0.0399999991	2.0	5.497787	68.0
2045.3159999996424	0.3429999949999001	gratings	12.0	0.342999995	360.0	0.0	0.0	1.0	0.0399999991	2.0	4.71238899	68.0
2046.0159999998286	0.3429999949999001	gratings	7.0	0.342999995	360.0	0.0	0.0	1.0	0.0399999991	2.0	2.7488935	68.0
2046.716000000015	0.3429999949999001	gratings	15.0	0.342999995	360.0	0.0	0.0	0.0	0.0399999991	2.0	0.0	68.0
2047.4159999992698	0.3429999949999001	gratings	9.0	0.342999995	360.0	0.0	0.0	1.0	0.0399999991	2.0	3.53429174	68.0
2048.115999999456	0.3429999949999001	gratings	3.0	0.342999995	360.0	0.0	0.0	1.0	0.0399999991	2.0	1.17809725	68.0
2048.8159999996424	0.3429999949999001	gratings	1.0	0.342999995	360.0	0.0	0.0	1.0	0.0399999991	2.0	0.392699093	68.0
2049.5159999998286	0.3429999949999001	gratings	4.0	0.342999995	360.0	0.0	0.0	1.0	0.0399999991	2.0	1.57079637	68.0
2050.216000000015	0.3429999949999001	gratings	2.0	0.342999995	360.0	0.0	0.0	1.0	0.0399999991	2.0	0.785398185	68.0
2050.91599999927	0.3429999949999001	gratings	15.0	0.342999995	360.0	0.0	0.0	0.0	0.0399999991	2.0	0.0	68.0
2051.615999999456	0.3429999949999001	gratings	10.0	0.342999995	360.0	0.0	0.0	1.0	0.0399999991	2.0	3.92699075	68.0
2052.3159999996424	0.3429999949999001	gratings	2.0	0.342999995	360.0	0.0	0.0	1.0	0.0399999991	2.0	0.785398185	68.0
2053.0159999998286	0.3429999949999001	gratings	13.0	0.342999995	360.0	0.0	0.0	1.0	0.0399999991	2.0	5.10508823	68.0
2053.716000000015	0.3429999949999001	gratings	12.0	0.342999995	360.0	0.0	0.0	1.0	0.0399999991	2.0	4.71238899	68.0
2054.41599999927	0.3429999949999001	gratings	10.0	0.342999995	360.0	0.0	0.0	1.0	0.0399999991	2.0	3.92699075	68.0
2055.115999999456	0.3429999949999001	gratings	11.0	0.342999995	360.0	0.0	0.0	1.0	0.0399999991	2.0	4.49422264	68.0
2055.8159999996424	0.3429999949999001	gratings	10.0	0.342999995	360.0	0.0	0.0	1.0	0.0399999991	2.0	3.92699075	68.0
2056.5159999998286	0.3429999949999001	gratings	12.0	0.342999995	360.0	0.0	0.0	1.0	0.0399999991	2.0	4.71238899	68.0
2057.216000000015	0.3429999949999001	gratings	14.0	0.342999995	360.0	0.0	0.0	1.0	0.0399999991	2.0	5.497787	68.0
2057.91599999927	0.3429999949999001	gratings	2.0	0.342999995	360.0	0.0	0.0	1.0	0.0399999991	2.0	0.785398185	68.0
2058.615999999456	0.3429999949999001	gratings	14.0	0.342999995	360.0	0.0	0.0	1.0	0.0399999991	2.0	5.497787	68.0
2059.3159999996424	0.3429999949999001	gratings	11.0	0.342999995	360.0	0.0	0.0	1.0	0.0399999991	2.0	4.49422264	68.0
2060.0159999998286	0.3429999949999001	gratings	1.0	0.342999995	360.0	0.0	0.0	1.0	0.0399999991	2.0	0.392699093	68.0
2060.716000000015	0.3429999949999001	gratings	14.0	0.342999995	360.0	0.0	0.0	1.0	0.0399999991	2.0	5.497787	68.0
2061.41599999927	0.3429999949999001	gratings	15.0	0.342999995	360.0	0.0	0.0	0.0	0.0399999991	2.0	0.0	68.0
2062.115999999456	0.3429999949999001	gratings	4.0	0.342999995	360.0	0.0	0.0	1.0	0.0399999991	2.0	1.57079637	68.0
2062.8159999996424	0.3429999949999001	gratings	10.0	0.342999995	360.0	0.0	0.0	1.0	0.0399999991	2.0	3.92699075	68.0
2063.5159999998286	0.3429999949999001	gratings	6.0	0.342999995	360.0	0.0	0.0	1.0	0.0399999991	2.0	2.3561945	68.0
2064.216000000015	0.3429999949999001	gratings	3.0	0.342999995	360.0	0.0	0.0	1.0	0.0399999991	2.0	1.17809725	68.0
2064.91599999927	0.3429999949999001	gratings	1.0	0.342999995	360.0	0.0	0.0	1.0	0.0399999991	2.0	0.392699093	68.0
2065.615999999456	0.3429999949999001	gratings	12.0	0.342999995	360.0	0.0	0.0	1.0	0.0399999991	2.0	4.71238899	68.0
2066.3159999996424	0.3429999949999001	gratings	7.0	0.342999995	360.0	0.0	0.0	1.0	0.0399999991	2.0	2.7488935	68.0
2067.0159999998286	0.3429999949999001	gratings	8.0	0.342999995	360.0	0.0	0.0	1.0	0.0399999991	2.0	3.14159274	68.0
2067.716000000015	0.3429999949999001	gratings	0.0	0.342999995	360.0	0.0	0.0	1.0	0.0399999991	2.0	0.0	68.0
2068.41599999927	0.3429999949999001	gratings	5.0	0.342999995	360.0	0.0	0.0	1.0	0.0399999991	2.0	1.96349537	68.0
2069.115999999456	0.3429999949999001	gratings	1.0	0.342999995	360.0	0.0	0.0	1.0	0.0399999991	2.0	0.392699093	68.0
2069.8159999996424	0.3429999949999001	gratings	7.0	0.342999995	360.0	0.0	0.0	1.0	0.0399999991	2.0	2.7488935	68.0
2070.5159999998286	0.3429999949999001	gratings	2.0	0.342999995	360.0	0.0	0.0	1.0	0.0399999991	2.0	0.785398185	-1.0
2071.216000000015	0.3429999949999001	gratings	10.0	0.342999995	360.0	0.0	0.0	1.0	0.0399999991	2.0	3.92699075	69.0
2071.91599999927	0.3429999949999001	gratings	0.0	0.342999995	360.0	0.0	0.0	1.0	0.0399999991	2.0	0.0	69.0
2072.615999999456	0.3429999949999001	gratings	9.0	0.342999995	360.0	0.0	0.0	1.0	0.0399999991	2.0	3.53429174	69.0
2073.3159999996424	0.3429999949999001	gratings	8.0	0.342999995	360.0	0.0	0.0	1.0	0.0399999991	2.0	3.14159274	69.0
2074.0159999998286	0.3429999949999001	gratings	2.0	0.342999995	360.0	0.0	0.0	1.0	0.0399999991	2.0	0.785398185	69.0
2074.716000000015	0.3429999949999001	gratings	5.0	0.342999995	360.0	0.0	0.0	1.0	0.0399999991	2.0	1.96349537	69.0
2075.41599999927	0.3429999949999001	gratings	15.0	0.342999995	360.0	0.0	0.0	0.0	0.0399999991	2.0	0.0	69.0
2076.115999999456	0.3429999949999001	gratings	5.0	0.342999995	360.0	0.0	0.0	1.0	0.0399999991	2.0	1.96349537	69.0
2076.8159999996424	0.3429999949999001	gratings	5.0	0.342999995	360.0	0.0	0.0	1.0	0.0399999991	2.0	1.96349537	69.0
2077.5159999998286	0.3429999949999001	gratings	5.0	0.342999995	360.0	0.0	0.0	1.0	0.0399999991	2.0	1.96349537	69.0
2078.216000000015	0.3429999949999001	gratings	3.0	0.342999995	360.0	0.0	0.0	1.0	0.0399999991	2.0	1.17809725	69.0
2078.91599999927	0.3429999949999001	gratings	8.0	0.342999995	360.0	0.0	0.0	1.0	0.0399999991	2.0	3.14159274	69.0
2079.615999999456	0.3429999949999001	gratings	0.0	0.342999995	360.0	0.0	0.0	1.0	0.0399999991	2.0	0.0	69.0
2080.3159999996424	0.3429999949999001	gratings	15.0	0.342999995	360.0	0.0	0.0	0.0	0.0399999991	2.0	0.0	69.0
2081.0159999998286	0.3429999949999001	gratings	14.0	0.342999995	360.0	0.0	0.0	1.0	0.0399999991	2.0	5.497787	69.0
2081.716000000015	0.3429999949999001	gratings	4.0	0.342999995	360.0	0.0	0.0	1.0	0.0399999991	2.0	1.57079637	69.0
2082.41599999927	0.3429999949999001	gratings	13.0	0.342999995	360.0	0.0	0.0	1.0	0.0399999991	2.0	5.10508823	69.0
2083.115999999456	0.3429999949999001	gratings	0.0	0.342999995	360.0	0.0	0.0	1.0	0.0399999991	2.0	0.0	69.0
2083.8159999996424	0.3429999949999001	gratings	0.0	0.342999995	360.0	0.0	0.0	1.0	0.0399999991	2.0	0.0	69.0
2084.5159999998286	0.3429999949999001	gratings	1.0	0.342999995	360.0	0.0	0.0	1.0	0.0399999991	2.0	0.392699093	69.0
2085.216000000015	0.3429999949999001	gratings	14.0	0.342999995	360.0	0.0	0.0	1.0	0.0399999991	2.0	5.497787	69.0
2085.91599999927	0.3429999949999001	gratings	5.0	0.342999995	360.0	0.0	0.0	1.0	0.0399999991	2.0	1.96349537	69.0
2086.615999999456	0.3429999949999001	gratings	1.0	0.342999995	360.0	0.0	0.0	1.0	0.0399999991	2.0	0.392699093	69.0
2087.3169919997454	0.3429999949999001	gratings	4.0	0.342999995	360.0	0.0	0.0	1.0	0.0399999991	2.0	1.57079637	69.0
2088.0159999998286	0.3429999949999001	gratings	9.0	0.342999995	360.0	0.0	0.0	1.0	0.0399999991	2.0	3.53429174	69.0
2088.716000000015	0.3429999949999001	gratings	8.0	0.342999995	360.0	0.0	0.0	1.0	0.0399999991	2.0	3.14159274	69.0
2089.41599999927	0.3429999949999001	gratings	14.0	0.342999995	360.0	0.0	0.0	1.0	0.0399999991	2.0	5.497787	69.0
2090.115999999456	0.3429999949999001	gratings	8.0	0.342999995	360.0	0.0	0.0	1.0	0.0399999991	2.0	3.14159274	69.0
2090.8159999996424	0.3429999949999001	gratings	15.0	0.342999995	360.0	0.0	0.0	0.0	0.0399999991	2.0	0.0	69.0
2091.5159999998286	0.3429999949999001	gratings	10.0	0.342999995	360.0	0.0	0.0	1.0	0.0399999991	2.0	3.92699075	69.0
2092.216000000015	0.3429999949999001	gratings	9.0	0.342999995	360.0	0.0	0.0	1.0	0.0399999991	2.0	3.53429174	69.0
2092.91599999927	0.3429999949999001	gratings	0.0	0.342999995	360.0	0.0	0.0	1.0	0.0399999991	2.0	0.0	69.0
2093.615999999456	0.3429999949999001	gratings	14.0	0.342999995	360.0	0.0	0.0	1.0	0.0399999991	2.0	5.497787	69.0
2094.3159999996424	0.3429999949999001	gratings	15.0	0.342999995	360.0	0.0	0.0	0.0	0.0399999991	2.0	0.0	69.0
2095.0159999998286	0.3429999949999001	gratings	7.0	0.342999995	360.0	0.0	0.0	1.0	0.0399999991	2.0	2.7488935	69.0
2095.716000000015	0.3429999949999001	gratings	6.0	0.342999995	360.0	0.0	0.0	1.0	0.0399999991	2.0	2.3561945	69.0
2096.41599999927	0.3429999949999001	gratings	2.0	0.342999995	360.0	0.0	0.0	1.0	0.0399999991	2.0	0.785398185	69.0
2097.115999999456	0.3429999949999001	gratings	8.0	0.342999995	360.0	0.0	0.0	1.0	0.0399999991	2.0	3.14159274	69.0
2097.8159999996424	0.3429999949999001	gratings	8.0	0.342999995	360.0	0.0	0.0	1.0	0.0399999991	2.0	3.14159274	69.0
2098.5159999998286	0.3429999949999001	gratings	11.0	0.342999995	360.0	0.0	0.0	1.0	0.0399999991	2.0	4.49422264	69.0
2099.216000000015	0.3429999949999001	gratings	8.0	0.342999995	360.0	0.0	0.0	1.0	0.0399999991	2.0	3.14159274	69.0
2099.91599999927	0.3429999949999001	gratings	11.0	0.342999995	360.0	0.0	0.0	1.0	0.0399999991	2.0	4.49422264	69.0
2100.615999999456	0.3429999949999001	gratings	7.0	0.342999995	360.0	0.0	0.0	1.0	0.0399999991	2.0	2.7488935	70.0
2101.3159999996424	0.3429999949999001	gratings	12.0	0.342999995	360.0	0.0	0.0	1.0	0.0399999991	2.0	4.71238899	70.0
2102.0169919999316	0.3429999949999001	gratings	8.0	0.342999995	360.0	0.0	0.0	1.0	0.0399999991	2.0	3.14159274	70.0
2102.716000000015	0.3429999949999001	gratings	10.0	0.342999995	360.0	0.0	0.0	1.0	0.0399999991	2.0	3.92699075	70.0
2103.41599999927	0.3429999949999001	gratings	6.0	0.342999995	360.0	0.0	0.0	1.0	0.0399999991	2.0	2.3561945	70.0
2104.115999999456	0.3429999949999001	gratings	15.0	0.342999995	360.0	0.0	0.0	0.0	0.0399999991	2.0	0.0	70.0
2104.8159999996424	0.3429999949999001	gratings	3.0	0.342999995	360.0	0.0	0.0	1.0	0.0399999991	2.0	1.17809725	70.0
2105.5169919999316	0.3429999949999001	gratings	14.0	0.342999995	360.0	0.0	0.0	1.0	0.0399999991	2.0	5.497787	70.0
2106.216000000015	0.3429999949999001	gratings	8.0	0.342999995	360.0	0.0	0.0	1.0	0.0399999991	2.0	3.14159274	70.0
2106.91599999927	0.3429999949999001	gratings	1.0	0.342999995	360.0	0.0	0.0	1.0	0.0399999991	2.0	0.392699093	70.0
2107.615999999456	0.3429999949999001	gratings	15.0	0.342999995	360.0	0.0	0.0	0.0	0.0399999991	2.0	0.0	70.0
2108.3169919997454	0.3429999949999001	gratings	5.0	0.342999995	360.0	0.0	0.0	1.0	0.0399999991	2.0	1.96349537	70.0
2109.0159999998286	0.3429999949999001	gratings	1.0	0.342999995	360.0	0.0	0.0	1.0	0.0399999991	2.0	0.392699093	70.0
2109.716992000118	0.3429999949999001	gratings	1.0	0.342999995	360.0	0.0	0.0	1.0	0.0399999991	2.0	0.392699093	70.0
2110.416991999373	0.3429999949999001	gratings	8.0	0.342999995	360.0	0.0	0.0	1.0	0.0399999991	2.0	3.14159274	70.0
2111.116991999559	0.3429999949999001	gratings	4.0	0.342999995	360.0	0.0	0.0	1.0	0.0399999991	2.0	1.57079637	70.0
2111.8169919997454	0.3429999949999001	gratings	8.0	0.342999995	360.0	0.0	0.0	1.0	0.0399999991	2.0	3.14159274	70.0
2112.5169919999316	0.3429999949999001	gratings	3.0	0.342999995	360.0	0.0	0.0	1.0	0.0399999991	2.0	1.17809725	70.0
2113.216992000118	0.3429999949999001	gratings	5.0	0.342999995	360.0	0.0	0.0	1.0	0.0399999991	2.0	1.96349537	70.0
2113.916991999373	0.3429999949999001	gratings	11.0	0.342999995	360.0	0.0	0.0	1.0	0.0399999991	2.0	4.49422264	70.0
2114.616991999559	0.3429999949999001	gratings	10.0	0.342999995	360.0	0.0	0.0	1.0	0.0399999991	2.0	3.92699075	70.0
2115.3169919997454	0.3429999949999001	gratings	12.0	0.342999995	360.0	0.0	0.0	1.0	0.0399999991	2.0	4.71238899	70.0
2116.0169919999316	0.3429999949999001	gratings	13.0	0.342999995	360.0	0.0	0.0	1.0	0.0399999991	2.0	5.10508823	70.0
2116.716992000118	0.3429999949999001	gratings	11.0	0.342999995	360.0	0.0	0.0	1.0	0.0399999991	2.0	4.49422264	70.0
2117.416991999373	0.3429999949999001	gratings	7.0	0.342999995	360.0	0.0	0.0	1.0	0.0399999991	2.0	2.7488935	70.0
2118.116991999559	0.3429999949999001	gratings	12.0	0.342999995	360.0	0.0	0.0	1.0	0.0399999991	2.0	4.71238899	70.0
2118.8169919997454	0.3429999949999001	gratings	8.0	0.342999995	360.0	0.0	0.0	1.0	0.0399999991	2.0	3.14159274	70.0
2119.5169919999316	0.3429999949999001	gratings	6.0	0.342999995	360.0	0.0	0.0	1.0	0.0399999991	2.0	2.3561945	70.0
2120.216992000118	0.3429999949999001	gratings	884.0	0.342999995	359.0	0.0	0.0	1.0	0.0399999991	2.0	1.57079637	70.0
2120.916991999373	0.3429999949999001	gratings	515.0	0.342999995	359.0	0.0	0.0	1.0	0.0399999991	2.0	1.57079637	70.0
2121.616991999559	0.3429999949999001	gratings	108.0	0.342999995	359.0	0.0	0.0	1.0	0.0399999991	2.0	1.57079637	70.0
2122.3169919997454	0.3429999949999001	gratings	815.0	0.342999995	359.0	0.0	0.0	1.0	0.0399999991	2.0	1.57079637	70.0
2123.0169919999316	0.3429999949999001	gratings	370.0	0.342999995	359.0	0.0	0.0	1.0	0.0399999991	2.0	1.57079637	70.0
2123.716992000118	0.3429999949999001	gratings	866.0	0.342999995	359.0	0.0	0.0	1.0	0.0399999991	2.0	1.57079637	70.0
2124.416991999373	0.3429999949999001	gratings	999.0	0.342999995	359.0	0.0	0.0	1.0	0.0399999991	2.0	1.57079637	70.0
2125.116991999559	0.3429999949999001	gratings	396.0	0.342999995	359.0	0.0	0.0	1.0	0.0399999991	2.0	1.57079637	70.0
2125.8169919997454	0.3429999949999001	gratings	1499.0	0.342999995	359.0	0.0	0.0	1.0	0.0399999991	2.0	1.57079637	70.0
2126.5169919999316	0.3429999949999001	gratings	355.0	0.342999995	359.0	0.0	0.0	1.0	0.0399999991	2.0	1.57079637	70.0
2127.216992000118	0.3429999949999001	gratings	1288.0	0.342999995	359.0	0.0	0.0	1.0	0.0399999991	2.0	1.57079637	70.0
2127.916991999373	0.3429999949999001	gratings	187.0	0.342999995	359.0	0.0	0.0	1.0	0.0399999991	2.0	1.57079637	70.0
2128.616991999559	0.3429999949999001	gratings	1304.0	0.342999995	359.0	0.0	0.0	1.0	0.0399999991	2.0	1.57079637	70.0
2129.3169919997454	0.3429999949999001	gratings	1247.0	0.342999995	359.0	0.0	0.0	1.0	0.0399999991	2.0	1.57079637	70.0
2130.0169919999316	0.3429999949999001	gratings	384.0	0.342999995	359.0	0.0	0.0	1.0	0.0399999991	2.0	1.57079637	-1.0
2130.716992000118	0.3429999949999001	gratings	221.0	0.342999995	359.0	0.0	0.0	1.0	0.0399999991	2.0	1.57079637	71.0
2131.416991999373	0.3429999949999001	gratings	139.0	0.342999995	359.0	0.0	0.0	0.0	0.0399999991	2.0	0.0	71.0
2132.116991999559	0.3429999949999001	gratings	535.0	0.342999995	359.0	0.0	0.0	1.0	0.0399999991	2.0	1.57079637	71.0
2132.8169919997454	0.3429999949999001	gratings	958.0	0.342999995	359.0	0.0	0.0	1.0	0.0399999991	2.0	1.57079637	71.0
2133.5169919999316	0.3429999949999001	gratings	1018.0	0.342999995	359.0	0.0	0.0	1.0	0.0399999991	2.0	1.57079637	71.0
2134.216992000118	0.3429999949999001	gratings	397.0	0.342999995	359.0	0.0	0.0	1.0	0.0399999991	2.0	1.57079637	71.0
2134.916991999373	0.3429999949999001	gratings	1284.0	0.342999995	359.0	0.0	0.0	1.0	0.0399999991	2.0	1.57079637	71.0
2135.616991999559	0.3429999949999001	gratings	1286.0	0.342999995	359.0	0.0	0.0	1.0	0.0399999991	2.0	1.57079637	71.0
2136.3169919997454	0.3429999949999001	gratings	135.0	0.342999995	359.0	0.0	0.0	1.0	0.0399999991	2.0	1.57079637	71.0
2137.0169919999316	0.3429999949999001	gratings	1041.0	0.342999995	359.0	0.0	0.0	1.0	0.0399999991	2.0	1.57079637	71.0
2137.716992000118	0.3429999949999001	gratings	568.0	0.342999995	359.0	0.0	0.0	1.0	0.0399999991	2.0	1.57079637	71.0
2138.416991999373	0.3429999949999001	gratings	1212.0	0.342999995	359.0	0.0	0.0	1.0	0.0399999991	2.0	1.57079637	71.0
2139.116991999559	0.3429999949999001	gratings	1265.0	0.342999995	359.0	0.0	0.0	1.0	0.0399999991	2.0	1.57079637	71.0
2139.8169919997454	0.3429999949999001	gratings	119.0	0.342999995	359.0	0.0	0.0	0.0	0.0399999991	2.0	0.0	71.0
2140.5169919999316	0.3429999949999001	gratings	236.0	0.342999995	359.0	0.0	0.0	1.0	0.0399999991	2.0	1.57079637	71.0
2141.216992000118	0.3429999949999001	gratings	324.0	0.342999995	359.0	0.0	0.0	1.0	0.0399999991	2.0	1.57079637	71.0
2141.916991999373	0.3429999949999001	gratings	558.0	0.342999995	359.0	0.0	0.0	1.0	0.0399999991	2.0	1.57079637	71.0
2142.616991999559	0.3429999949999001	gratings	1051.0	0.342999995	359.0	0.0	0.0	1.0	0.0399999991	2.0	1.57079637	71.0
2143.3169919997454	0.3429999949999001	gratings	290.0	0.342999995	359.0	0.0	0.0	1.0	0.0399999991	2.0	1.57079637	71.0
2144.0169919999316	0.3429999949999001	gratings	855.0	0.342999995	359.0	0.0	0.0	1.0	0.0399999991	2.0	1.57079637	71.0
2144.716992000118	0.3429999949999001	gratings	991.0	0.342999995	359.0	0.0	0.0	1.0	0.0399999991	2.0	1.57079637	71.0
2145.416991999373	0.3429999949999001	gratings	1217.0	0.342999995	359.0	0.0	0.0	1.0	0.0399999991	2.0	1.57079637	71.0
2146.116991999559	0.3429999949999001	gratings	693.0	0.342999995	359.0	0.0	0.0	1.0	0.0399999991	2.0	1.57079637	71.0
2146.8169919997454	0.3429999949999001	gratings	1053.0	0.342999995	359.0	0.0	0.0	1.0	0.0399999991	2.0	1.57079637	71.0
2147.5169919999316	0.3429999949999001	gratings	151.0	0.342999995	359.0	0.0	0.0	1.0	0.0399999991	2.0	1.57079637	71.0
2148.216992000118	0.3429999949999001	gratings	640.0	0.342999995	359.0	0.0	0.0	1.0	0.0399999991	2.0	1.57079637	71.0
2148.916991999373	0.3429999949999001	gratings	560.0	0.342999995	359.0	0.0	0.0	1.0	0.0399999991	2.0	1.57079637	71.0
2149.616991999559	0.3429999949999001	gratings	155.0	0.342999995	359.0	0.0	0.0	1.0	0.0399999991	2.0	1.57079637	71.0
2150.3169919997454	0.3429999949999001	gratings	1237.0	0.342999995	359.0	0.0	0.0	1.0	0.0399999991	2.0	1.57079637	71.0
2151.0169919999316	0.3429999949999001	gratings	1012.0	0.342999995	359.0	0.0	0.0	1.0	0.0399999991	2.0	1.57079637	71.0
2151.716992000118	0.3429999949999001	gratings	414.0	0.342999995	359.0	0.0	0.0	1.0	0.0399999991	2.0	1.57079637	71.0
2152.416991999373	0.3429999949999001	gratings	1216.0	0.342999995	359.0	0.0	0.0	1.0	0.0399999991	2.0	1.57079637	71.0
2153.116991999559	0.3429999949999001	gratings	632.0	0.342999995	359.0	0.0	0.0	1.0	0.0399999991	2.0	1.57079637	71.0
2153.8169919997454	0.3429999949999001	gratings	1517.0	0.342999995	359.0	0.0	0.0	1.0	0.0399999991	2.0	1.57079637	71.0
2154.5169919999316	0.3429999949999001	gratings	371.0	0.342999995	359.0	0.0	0.0	1.0	0.0399999991	2.0	1.57079637	71.0
2155.216992000118	0.3429999949999001	gratings	937.0	0.342999995	359.0	0.0	0.0	1.0	0.0399999991	2.0	1.57079637	71.0
2155.916991999373	0.3429999949999001	gratings	837.0	0.342999995	359.0	0.0	0.0	1.0	0.0399999991	2.0	1.57079637	71.0
2156.616991999559	0.3429999949999001	gratings	159.0	0.342999995	359.0	0.0	0.0	1.0	0.0399999991	2.0	1.57079637	71.0
2157.3169919997454	0.3429999949999001	gratings	682.0	0.342999995	359.0	0.0	0.0	1.0	0.0399999991	2.0	1.57079637	71.0
2158.0169919999316	0.3429999949999001	gratings	128.0	0.342999995	359.0	0.0	0.0	1.0	0.0399999991	2.0	1.57079637	71.0
2158.716992000118	0.3429999949999001	gratings	1261.0	0.342999995	359.0	0.0	0.0	1.0	0.0399999991	2.0	1.57079637	71.0
2159.416991999373	0.3429999949999001	gratings	343.0	0.342999995	359.0	0.0	0.0	1.0	0.0399999991	2.0	1.57079637	71.0
2160.116991999559	0.3429999949999001	gratings	838.0	0.342999995	359.0	0.0	0.0	1.0	0.0399999991	2.0	1.57079637	-1.0
2160.8169919997454	0.3429999949999001	gratings	1400.0	0.342999995	359.0	0.0	0.0	1.0	0.0399999991	2.0	1.57079637	72.0
2161.5169919999316	0.3429999949999001	gratings	150.0	0.342999995	359.0	0.0	0.0	1.0	0.0399999991	2.0	1.57079637	72.0
2162.216992000118	0.3429999949999001	gratings	1225.0	0.342999995	359.0	0.0	0.0	1.0	0.0399999991	2.0	1.57079637	72.0
2162.916991999373	0.3429999949999001	gratings	1305.0	0.342999995	359.0	0.0	0.0	1.0	0.0399999991	2.0	1.57079637	72.0
2163.616991999559	0.3429999949999001	gratings	1105.0	0.342999995	359.0	0.0	0.0	1.0	0.0399999991	2.0	1.57079637	72.0
2164.3169919997454	0.3429999949999001	gratings	699.0	0.342999995	359.0	0.0	0.0	1.0	0.0399999991	2.0	1.57079637	72.0
2165.0169919999316	0.3429999949999001	gratings	1446.0	0.342999995	359.0	0.0	0.0	1.0	0.0399999991	2.0	1.57079637	72.0
2165.716992000118	0.3429999949999001	gratings	437.0	0.342999995	359.0	0.0	0.0	1.0	0.0399999991	2.0	1.57079637	72.0
2166.416991999373	0.3429999949999001	gratings	322.0	0.342999995	359.0	0.0	0.0	1.0	0.0399999991	2.0	1.57079637	72.0
2167.116991999559	0.3429999949999001	gratings	990.0	0.342999995	359.0	0.0	0.0	1.0	0.0399999991	2.0	1.57079637	72.0
2167.8169919997454	0.3429999949999001	gratings	19.0	0.342999995	359.0	0.0	0.0	0.0	0.0399999991	2.0	0.0	72.0
2168.5169919999316	0.3429999949999001	gratings	585.0	0.342999995	359.0	0.0	0.0	1.0	0.0399999991	2.0	1.57079637	72.0
2169.216992000118	0.3429999949999001	gratings	190.0	0.342999995	359.0	0.0	0.0	1.0	0.0399999991	2.0	1.57079637	72.0
2169.916991999373	0.3429999949999001	gratings	1027.0	0.342999995	359.0	0.0	0.0	1.0	0.0399999991	2.0	1.57079637	72.0
2170.616991999559	0.3429999949999001	gratings	621.0	0.342999995	359.0	0.0	0.0	1.0	0.0399999991	2.0	1.57079637	72.0
2171.3169919997454	0.3429999949999001	gratings	1083.0	0.342999995	359.0	0.0	0.0	1.0	0.0399999991	2.0	1.57079637	72.0
2172.0169919999316	0.3429999949999001	gratings	138.0	0.342999995	359.0	0.0	0.0	1.0	0.0399999991	2.0	1.57079637	72.0
2172.716992000118	0.3429999949999001	gratings	1439.0	0.342999995	359.0	0.0	0.0	1.0	0.0399999991	2.0	1.57079637	72.0
2173.416991999373	0.3429999949999001	gratings	137.0	0.342999995	359.0	0.0	0.0	1.0	0.0399999991	2.0	0.0	72.0
2174.116991999559	0.3429999949999001	gratings	1444.0	0.342999995	359.0	0.0	0.0	1.0	0.0399999991	2.0	1.57079637	72.0
2174.8169919997454	0.3429999949999001	gratings	162.0	0.342999995	359.0	0.0	0.0	1.0	0.0399999991	2.0	1.57079637	72.0
2175.5169919999316	0.3429999949999001	gratings	850.0	0.342999995	359.0	0.0	0.0	1.0	0.0399999991	2.0	1.57079637	72.0
2176.216992000118	0.3429999949999001	gratings	1454.0	0.342999995	359.0	0.0	0.0	1.0	0.0399999991	2.0	1.57079637	72.0
2176.916991999373	0.3429999949999001	gratings	936.0	0.342999995	359.0	0.0	0.0	1.0	0.0399999991	2.0	1.57079637	72.0
2177.616991999559	0.3429999949999001	gratings	847.0	0.342999995	359.0	0.0	0.0	1.0	0.0399999991	2.0	1.57079637	72.0
2178.3169919997454	0.3429999949999001	gratings	366.0	0.342999995	359.0	0.0	0.0	1.0	0.0399999991	2.0	1.57079637	72.0
2179.0169919999316	0.3429999949999001	gratings	1111.0	0.342999995	359.0	0.0	0.0	1.0	0.0399999991	2.0	1.57079637	72.0
2179.716992000118	0.3429999949999001	gratings	1366.0	0.342999995	359.0	0.0	0.0	1.0	0.0399999991	2.0	1.57079637	72.0
2180.416991999373	0.3429999949999001	gratings	240.0	0.342999995	359.0	0.0	0.0	1.0	0.0399999991	2.0	1.57079637	72.0
2181.116991999559	0.3429999949999001	gratings	626.0	0.342999995	359.0	0.0	0.0	1.0	0.0399999991	2.0	1.57079637	72.0
2181.8169919997454	0.3429999949999001	gratings	410.0	0.342999995	359.0	0.0	0.0	1.0	0.0399999991	2.0	1.57079637	72.0
2182.5169919999316	0.3429999949999001	gratings	448.0	0.342999995	359.0	0.0	0.0	1.0	0.0399999991	2.0	1.57079637	72.0
2183.216992000118	0.3429999949999001	gratings	229.0	0.342999995	359.0	0.0	0.0	1.0	0.0399999991	2.0	1.57079637	72.0
2183.916991999373	0.3429999949999001	gratings	796.0	0.342999995	359.0	0.0	0.0	1.0	0.0399999991	2.0	1.57079637	72.0
2184.616991999559	0.3429999949999001	gratings	708.0	0.342999995	359.0	0.0	0.0	1.0	0.0399999991	2.0	1.57079637	72.0
2185.3169919997454	0.3429999949999001	gratings	423.0	0.342999995	359.0	0.0	0.0	1.0	0.0399999991	2.0	1.57079637	72.0
2186.0169919999316	0.3429999949999001	gratings	1138.0	0.342999995	359.0	0.0	0.0	1.0	0.0399999991	2.0	1.57079637	72.0
2186.716992000118	0.3429999949999001	gratings	1125.0	0.342999995	359.0	0.0	0.0	1.0	0.0399999991	2.0	1.57079637	72.0
2187.416991999373	0.3429999949999001	gratings	49.0	0.342999995	359.0	0.0	0.0	0.0	0.0399999991	2.0	0.0	72.0
2188.116991999559	0.3429999949999001	gratings	520.0	0.342999995	359.0	0.0	0.0	1.0	0.0399999991	2.0	1.57079637	72.0
2188.8169919997454	0.3429999949999001	gratings	281.0	0.342999995	359.0	0.0	0.0	1.0	0.0399999991	2.0	1.57079637	72.0
2189.518015999347	0.3429999949999001	gratings	1249.0	0.342999995	359.0	0.0	0.0	1.0	0.0399999991	2.0	1.57079637	72.0
2190.216992000118	0.3429999949999001	gratings	485.0	0.342999995	359.0	0.0	0.0	1.0	0.0399999991	2.0	1.57079637	-1.0
2190.916991999373	0.3429999949999001	gratings	1368.0	0.342999995	359.0	0.0	0.0	1.0	0.0399999991	2.0	1.57079637	73.0
2191.616991999559	0.3429999949999001	gratings	88.0	0.342999995	359.0	0.0	0.0	1.0	0.0399999991	2.0	1.57079637	73.0
2192.3169919997454	0.3429999949999001	gratings	768.0	0.342999995	359.0	0.0	0.0	1.0	0.0399999991	2.0	1.57079637	73.0
2193.0169919999316	0.3429999949999001	gratings	861.0	0.342999995	359.0	0.0	0.0	1.0	0.0399999991	2.0	1.57079637	73.0
2193.716992000118	0.3429999949999001	gratings	1464.0	0.342999995	359.0	0.0	0.0	1.0	0.0399999991	2.0	1.57079637	73.0
2194.416991999373	0.3429999949999001	gratings	1502.0	0.342999995	359.0	0.0	0.0	1.0	0.0399999991	2.0	1.57079637	73.0
2195.116991999559	0.3429999949999001	gratings	704.0	0.342999995	359.0	0.0	0.0	1.0	0.0399999991	2.0	1.57079637	73.0
2195.8169919997454	0.3429999949999001	gratings	352.0	0.342999995	359.0	0.0	0.0	1.0	0.0399999991	2.0	1.57079637	73.0
2196.5169919999316	0.3429999949999001	gratings	554.0	0.342999995	359.0	0.0	0.0	1.0	0.0399999991	2.0	1.57079637	73.0
2197.216992000118	0.3429999949999001	gratings	805.0	0.342999995	359.0	0.0	0.0	1.0	0.0399999991	2.0	1.57079637	73.0
2197.916991999373	0.3429999949999001	gratings	1151.0	0.342999995	359.0	0.0	0.0	1.0	0.0399999991	2.0	1.57079637	73.0
2198.616991999559	0.3429999949999001	gratings	534.0	0.342999995	359.0	0.0	0.0	1.0	0.0399999991	2.0	1.57079637	73.0
2199.3169919997454	0.3429999949999001	gratings	989.0	0.342999995	359.0	0.0	0.0	1.0	0.0399999991	2.0	1.57079637	73.0
2200.0169919999316	0.3429999949999001	gratings	1150.0	0.342999995	359.0	0.0	0.0	1.0	0.0399999991	2.0	1.57079637	73.0
2200.716992000118	0.3429999949999001	gratings	765.0	0.342999995	359.0	0.0	0.0	1.0	0.0399999991	2.0	1.57079637	73.0
2201.416991999373	0.3429999949999001	gratings	1131.0	0.342999995	359.0	0.0	0.0	1.0	0.0399999991	2.0	1.57079637	73.0
2202.116991999559	0.3429999949999001	gratings	628.0	0.342999995	359.0	0.0	0.0	1.0	0.0399999991	2.0	1.57079637	73.0
2202.8169919997454	0.3429999949999001	gratings	20.0	0.342999995	359.0	0.0	0.0	1.0	0.0399999991	2.0	1.57079637	73.0
2203.5169919999316	0.3429999949999001	gratings	915.0	0.342999995	359.0	0.0	0.0	1.0	0.0399999991	2.0	1.57079637	73.0
2204.216992000118	0.3429999949999001	gratings	906.0	0.342999995	359.0	0.0	0.0	1.0	0.0399999991	2.0	1.57079637	73.0
2204.916991999373	0.3429999949999001	gratings	527.0	0.342999995	359.0	0.0	0.0	1.0	0.0399999991	2.0	1.57079637	73.0
2205.616991999559	0.3429999949999001	gratings	309.0	0.342999995	359.0	0.0	0.0	1.0	0.0399999991	2.0	1.57079637	73.0
2206.3169919997454	0.3429999949999001	gratings	875.0	0.342999995	359.0	0.0	0.0	1.0	0.0399999991	2.0	1.57079637	73.0
2207.0169919999316	0.3429999949999001	gratings	1251.0	0.342999995	359.0	0.0	0.0	1.0	0.0399999991	2.0	1.57079637	73.0
2207.716992000118	0.3429999949999001	gratings	1071.0	0.342999995	359.0	0.0	0.0	1.0	0.0399999991	2.0	1.57079637	73.0
2208.416991999373	0.3429999949999001	gratings	1080.0	0.342999995	359.0	0.0	0.0	1.0	0.0399999991	2.0	1.57079637	73.0
2209.116991999559	0.3429999949999001	gratings	1471.0	0.342999995	359.0	0.0	0.0	1.0	0.0399999991	2.0	1.57079637	73.0
2209.8169919997454	0.3429999949999001	gratings	757.0	0.342999995	359.0	0.0	0.0	1.0	0.0399999991	2.0	1.57079637	73.0
2210.5169919999316	0.3429999949999001	gratings	47.0	0.342999995	359.0	0.0	0.0	1.0	0.0399999991	2.0	0.0	73.0
2211.216992000118	0.3429999949999001	gratings	94.0	0.342999995	359.0	0.0	0.0	0.0	0.0399999991	2.0	0.0	73.0
2211.916991999373	0.3429999949999001	gratings	425.0	0.342999995	359.0	0.0	0.0	1.0	0.0399999991	2.0	1.57079637	73.0
2212.616991999559	0.3429999949999001	gratings	610.0	0.342999995	359.0	0.0	0.0	1.0	0.0399999991	2.0	1.57079637	73.0
2213.3169919997454	0.3429999949999001	gratings	876.0	0.342999995	359.0	0.0	0.0	1.0	0.0399999991	2.0	1.57079637	73.0
2214.0169919999316	0.3429999949999001	gratings	434.0	0.342999995	359.0	0.0	0.0	1.0	0.0399999991	2.0	1.57079637	73.0
2214.716992000118	0.3429999949999001	gratings	41.0	0.342999995	359.0	0.0	0.0	1.0	0.0399999991	2.0	0.785398185	73.0
2215.416991999373	0.3429999949999001	gratings	499.0	0.342999995	359.0	0.0	0.0	1.0	0.0399999991	2.0	1.57079637	73.0
2216.116991999559	0.3429999949999001	gratings	1266.0	0.342999995	359.0	0.0	0.0	1.0	0.0399999991	2.0	1.57079637	73.0
2216.8169919997454	0.3429999949999001	gratings	306.0	0.342999995	359.0	0.0	0.0	1.0	0.0399999991	2.0	1.57079637	73.0
2217.5169919999316	0.3429999949999001	gratings	1099.0	0.342999995	359.0	0.0	0.0	1.0	0.0399999991	2.0	1.57079637	73.0
2218.216992000118	0.3429999949999001	gratings	566.0	0.342999995	359.0	0.0	0.0	1.0	0.0399999991	2.0	1.57079637	73.0
2218.916991999373	0.3429999949999001	gratings	1234.0	0.342999995	359.0	0.0	0.0	1.0	0.0399999991	2.0	1.57079637	73.0
2219.616991999559	0.3429999949999001	gratings	30.0	0.342999995	359.0	0.0	0.0	1.0	0.0399999991	2.0	1.57079637	73.0
2220.3169919997454	0.3429999949999001	gratings	667.0	0.342999995	359.0	0.0	0.0	1.0	0.0399999991	2.0	1.57079637	-1.0
2221.0169919999316	0.3429999949999001	gratings	1135.0	0.342999995	359.0	0.0	0.0	1.0	0.0399999991	2.0	1.57079637	74.0
2221.716992000118	0.3429999949999001	gratings	882.0	0.342999995	359.0	0.0	0.0	1.0	0.0399999991	2.0	1.57079637	74.0
2222.416991999373	0.3429999949999001	gratings	613.0	0.342999995	359.0	0.0	0.0	1.0	0.0399999991	2.0	1.57079637	74.0
2223.116991999559	0.3429999949999001	gratings	1155.0	0.342999995	359.0	0.0	0.0	1.0	0.0399999991	2.0	1.57079637	74.0
2223.8169919997454	0.3429999949999001	gratings	338.0	0.342999995	359.0	0.0	0.0	1.0	0.0399999991	2.0	1.57079637	74.0
2224.5169919999316	0.3429999949999001	gratings	171.0	0.342999995	359.0	0.0	0.0	1.0	0.0399999991	2.0	1.57079637	74.0
2225.216992000118	0.3429999949999001	gratings	1363.0	0.342999995	359.0	0.0	0.0	1.0	0.0399999991	2.0	1.57079637	74.0
2225.916991999373	0.3429999949999001	gratings	1497.0	0.342999995	359.0	0.0	0.0	1.0	0.0399999991	2.0	1.57079637	74.0
2226.616991999559	0.3429999949999001	gratings	1345.0	0.342999995	359.0	0.0	0.0	1.0	0.0399999991	2.0	1.57079637	74.0
2227.3169919997454	0.3429999949999001	gratings	995.0	0.342999995	359.0	0.0	0.0	1.0	0.0399999991	2.0	1.57079637	74.0
2228.0169919999316	0.3429999949999001	gratings	505.0	0.342999995	359.0	0.0	0.0	1.0	0.0399999991	2.0	1.57079637	74.0
2228.716992000118	0.3429999949999001	gratings	419.0	0.342999995	359.0	0.0	0.0	1.0	0.0399999991	2.0	1.57079637	74.0
2229.416991999373	0.3429999949999001	gratings	1472.0	0.342999995	359.0	0.0	0.0	1.0	0.0399999991	2.0	1.57079637	74.0
2230.116991999559	0.3429999949999001	gratings	1019.0	0.342999995	359.0	0.0	0.0	1.0	0.0399999991	2.0	1.57079637	74.0
2230.8169919997454	0.3429999949999001	gratings	1429.0	0.342999995	359.0	0.0	0.0	1.0	0.0399999991	2.0	1.57079637	74.0
2231.5169919999316	0.3429999949999001	gratings	1113.0	0.342999995	359.0	0.0	0.0	1.0	0.0399999991	2.0	1.57079637	74.0
2232.2180159995332	0.3429999949999001	gratings	538.0	0.342999995	359.0	0.0	0.0	1.0	0.0399999991	2.0	1.57079637	74.0
2232.916991999373	0.3429999949999001	gratings	731.0	0.342999995	359.0	0.0	0.0	1.0	0.0399999991	2.0	1.57079637	74.0
2233.616991999559	0.3429999949999001	gratings	479.0	0.342999995	359.0	0.0	0.0	1.0	0.0399999991	2.0	1.57079637	74.0
2234.3169919997454	0.3429999949999001	gratings	1077.0	0.342999995	359.0	0.0	0.0	1.0	0.0399999991	2.0	1.57079637	74.0
2235.018015999347	0.3429999949999001	gratings	1092.0	0.342999995	359.0	0.0	0.0	1.0	0.0399999991	2.0	1.57079637	74.0
2235.716992000118	0.3429999949999001	gratings	86.0	0.342999995	359.0	0.0	0.0	1.0	0.0399999991	2.0	0.785398185	74.0
2236.4180159997195	0.3429999949999001	gratings	853.0	0.342999995	359.0	0.0	0.0	1.0	0.0399999991	2.0	1.57079637	74.0
2237.1180159999058	0.3429999949999001	gratings	1209.0	0.342999995	359.0	0.0	0.0	1.0	0.0399999991	2.0	1.57079637	74.0
2237.818016000092	0.3429999949999001	gratings	910.0	0.342999995	359.0	0.0	0.0	1.0	0.0399999991	2.0	1.57079637	74.0
2238.518015999347	0.3429999949999001	gratings	1513.0	0.342999995	359.0	0.0	0.0	1.0	0.0399999991	2.0	1.57079637	74.0
2239.2180159995332	0.3429999949999001	gratings	422.0	0.342999995	359.0	0.0	0.0	1.0	0.0399999991	2.0	1.57079637	74.0
2239.9180159997195	0.3429999949999001	gratings	1281.0	0.342999995	359.0	0.0	0.0	1.0	0.0399999991	2.0	1.57079637	74.0
2240.6180159999058	0.3429999949999001	gratings	950.0	0.342999995	359.0	0.0	0.0	1.0	0.0399999991	2.0	1.57079637	74.0
2241.318016000092	0.3429999949999001	gratings	507.0	0.342999995	359.0	0.0	0.0	1.0	0.0399999991	2.0	1.57079637	74.0
2242.018015999347	0.3429999949999001	gratings	443.0	0.342999995	359.0	0.0	0.0	1.0	0.0399999991	2.0	1.57079637	74.0
2242.7180159995332	0.3429999949999001	gratings	541.0	0.342999995	359.0	0.0	0.0	1.0	0.0399999991	2.0	1.57079637	74.0
2243.4180159997195	0.3429999949999001	gratings	345.0	0.342999995	359.0	0.0	0.0	1.0	0.0399999991	2.0	1.57079637	74.0
2244.1180159999058	0.3429999949999001	gratings	543.0	0.342999995	359.0	0.0	0.0	1.0	0.0399999991	2.0	1.57079637	74.0
2244.818016000092	0.3429999949999001	gratings	1414.0	0.342999995	359.0	0.0	0.0	1.0	0.0399999991	2.0	1.57079637	74.0
2245.518015999347	0.3429999949999001	gratings	164.0	0.342999995	359.0	0.0	0.0	1.0	0.0399999991	2.0	1.57079637	74.0
2246.2180159995332	0.3429999949999001	gratings	1107.0	0.342999995	359.0	0.0	0.0	1.0	0.0399999991	2.0	1.57079637	74.0
2246.9180159997195	0.3429999949999001	gratings	748.0	0.342999995	359.0	0.0	0.0	1.0	0.0399999991	2.0	1.57079637	74.0
2247.6180159999058	0.3429999949999001	gratings	1221.0	0.342999995	359.0	0.0	0.0	1.0	0.0399999991	2.0	1.57079637	74.0
2248.318016000092	0.3429999949999001	gratings	450.0	0.342999995	359.0	0.0	0.0	1.0	0.0399999991	2.0	1.57079637	74.0
2249.018015999347	0.3429999949999001	gratings	781.0	0.342999995	359.0	0.0	0.0	1.0	0.0399999991	2.0	1.57079637	74.0
2249.7180159995332	0.3429999949999001	gratings	726.0	0.342999995	359.0	0.0	0.0	1.0	0.0399999991	2.0	1.57079637	74.0
2250.4180159997195	0.3429999949999001	gratings	880.0	0.342999995	359.0	0.0	0.0	1.0	0.0399999991	2.0	1.57079637	-1.0
2251.1180159999058	0.3429999949999001	gratings	1050.0	0.342999995	359.0	0.0	0.0	1.0	0.0399999991	2.0	1.57079637	75.0
2251.818016000092	0.3429999949999001	gratings	924.0	0.342999995	359.0	0.0	0.0	1.0	0.0399999991	2.0	1.57079637	75.0
2252.518015999347	0.3429999949999001	gratings	40.0	0.342999995	359.0	0.0	0.0	1.0	0.0399999991	2.0	1.57079637	75.0
2253.2180159995332	0.3429999949999001	gratings	712.0	0.342999995	359.0	0.0	0.0	1.0	0.0399999991	2.0	1.57079637	75.0
2253.9180159997195	0.3429999949999001	gratings	622.0	0.342999995	359.0	0.0	0.0	1.0	0.0399999991	2.0	1.57079637	75.0
2254.6180159999058	0.3429999949999001	gratings	55.0	0.342999995	359.0	0.0	0.0	1.0	0.0399999991	2.0	1.57079637	75.0
2255.318016000092	0.3429999949999001	gratings	142.0	0.342999995	359.0	0.0	0.0	1.0	0.0399999991	2.0	0.0	75.0
2256.018015999347	0.3429999949999001	gratings	1330.0	0.342999995	359.0	0.0	0.0	1.0	0.0399999991	2.0	1.57079637	75.0
2256.7180159995332	0.3429999949999001	gratings	707.0	0.342999995	359.0	0.0	0.0	1.0	0.0399999991	2.0	1.57079637	75.0
2257.4180159997195	0.3429999949999001	gratings	904.0	0.342999995	359.0	0.0	0.0	1.0	0.0399999991	2.0	1.57079637	75.0
2258.1180159999058	0.3429999949999001	gratings	565.0	0.342999995	359.0	0.0	0.0	1.0	0.0399999991	2.0	1.57079637	75.0
2258.818016000092	0.3429999949999001	gratings	644.0	0.342999995	359.0	0.0	0.0	1.0	0.0399999991	2.0	1.57079637	75.0
2259.518015999347	0.3429999949999001	gratings	616.0	0.342999995	359.0	0.0	0.0	1.0	0.0399999991	2.0	1.57079637	75.0
2260.2180159995332	0.3429999949999001	gratings	749.0	0.342999995	359.0	0.0	0.0	1.0	0.0399999991	2.0	1.57079637	75.0
2260.9180159997195	0.3429999949999001	gratings	1351.0	0.342999995	359.0	0.0	0.0	1.0	0.0399999991	2.0	1.57079637	75.0
2261.6180159999058	0.3429999949999001	gratings	400.0	0.342999995	359.0	0.0	0.0	1.0	0.0399999991	2.0	1.57079637	75.0
2262.318016000092	0.3429999949999001	gratings	29.0	0.342999995	359.0	0.0	0.0	0.0	0.0399999991	2.0	0.0	75.0
2263.018015999347	0.3429999949999001	gratings	4.0	0.342999995	359.0	0.0	0.0	0.0	0.0399999991	2.0	0.0	75.0
2263.7180159995332	0.3429999949999001	gratings	92.0	0.342999995	359.0	0.0	0.0	1.0	0.0399999991	2.0	0.0	75.0
2264.4180159997195	0.3429999949999001	gratings	1184.0	0.342999995	359.0	0.0	0.0	1.0	0.0399999991	2.0	1.57079637	75.0
2265.1180159999058	0.3429999949999001	gratings	175.0	0.342999995	359.0	0.0	0.0	1.0	0.0399999991	2.0	1.57079637	75.0
2265.818016000092	0.3429999949999001	gratings	1119.0	0.342999995	359.0	0.0	0.0	1.0	0.0399999991	2.0	1.57079637	75.0
2266.518015999347	0.3429999949999001	gratings	206.0	0.342999995	359.0	0.0	0.0	1.0	0.0399999991	2.0	1.57079637	75.0
2267.2180159995332	0.3429999949999001	gratings	839.0	0.342999995	359.0	0.0	0.0	1.0	0.0399999991	2.0	1.57079637	75.0
2267.9180159997195	0.3429999949999001	gratings	789.0	0.342999995	359.0	0.0	0.0	1.0	0.0399999991	2.0	1.57079637	75.0
2268.6180159999058	0.3429999949999001	gratings	1133.0	0.342999995	359.0	0.0	0.0	1.0	0.0399999991	2.0	1.57079637	75.0
2269.318016000092	0.3429999949999001	gratings	598.0	0.342999995	359.0	0.0	0.0	1.0	0.0399999991	2.0	1.57079637	75.0
2270.018015999347	0.3429999949999001	gratings	491.0	0.342999995	359.0	0.0	0.0	1.0	0.0399999991	2.0	1.57079637	75.0
2270.7180159995332	0.3429999949999001	gratings	462.0	0.342999995	359.0	0.0	0.0	1.0	0.0399999991	2.0	1.57079637	75.0
2271.4180159997195	0.3429999949999001	gratings	1056.0	0.342999995	359.0	0.0	0.0	1.0	0.0399999991	2.0	1.57079637	75.0
2272.1180159999058	0.3429999949999001	gratings	889.0	0.342999995	359.0	0.0	0.0	1.0	0.0399999991	2.0	1.57079637	75.0
2272.818016000092	0.3429999949999001	gratings	592.0	0.342999995	359.0	0.0	0.0	1.0	0.0399999991	2.0	1.57079637	75.0
2273.518015999347	0.3429999949999001	gratings	705.0	0.342999995	359.0	0.0	0.0	1.0	0.0399999991	2.0	1.57079637	75.0
2274.2180159995332	0.3429999949999001	gratings	91.0	0.342999995	359.0	0.0	0.0	1.0	0.0399999991	2.0	0.785398185	75.0
2274.9180159997195	0.3429999949999001	gratings	1397.0	0.342999995	359.0	0.0	0.0	1.0	0.0399999991	2.0	1.57079637	75.0
2275.6180159999058	0.3429999949999001	gratings	213.0	0.342999995	359.0	0.0	0.0	1.0	0.0399999991	2.0	1.57079637	75.0
2276.318016000092	0.3429999949999001	gratings	152.0	0.342999995	359.0	0.0	0.0	1.0	0.0399999991	2.0	1.57079637	75.0
2277.018015999347	0.3429999949999001	gratings	574.0	0.342999995	359.0	0.0	0.0	1.0	0.0399999991	2.0	1.57079637	75.0
2277.7180159995332	0.3429999949999001	gratings	1431.0	0.342999995	359.0	0.0	0.0	1.0	0.0399999991	2.0	1.57079637	75.0
2278.4180159997195	0.3429999949999001	gratings	453.0	0.342999995	359.0	0.0	0.0	1.0	0.0399999991	2.0	1.57079637	75.0
2279.1180159999058	0.3429999949999001	gratings	863.0	0.342999995	359.0	0.0	0.0	1.0	0.0399999991	2.0	1.57079637	75.0
2279.818016000092	0.3429999949999001	gratings	412.0	0.342999995	359.0	0.0	0.0	1.0	0.0399999991	2.0	1.57079637	75.0
2280.518015999347	0.3429999949999001	gratings	474.0	0.342999995	359.0	0.0	0.0	1.0	0.0399999991	2.0	1.57079637	-1.0
2281.2180159995332	0.3429999949999001	gratings	440.0	0.342999995	359.0	0.0	0.0	1.0	0.0399999991	2.0	1.57079637	76.0
2281.9180159997195	0.3429999949999001	gratings	189.0	0.342999995	359.0	0.0	0.0	1.0	0.0399999991	2.0	1.57079637	76.0
2282.6180159999058	0.3429999949999001	gratings	1037.0	0.342999995	359.0	0.0	0.0	1.0	0.0399999991	2.0	1.57079637	76.0
2283.318016000092	0.3429999949999001	gratings	1489.0	0.342999995	359.0	0.0	0.0	1.0	0.0399999991	2.0	1.57079637	76.0
2284.018015999347	0.3429999949999001	gratings	325.0	0.342999995	359.0	0.0	0.0	1.0	0.0399999991	2.0	1.57079637	76.0
2284.7180159995332	0.3429999949999001	gratings	74.0	0.342999995	359.0	0.0	0.0	0.0	0.0399999991	2.0	0.0	76.0
2285.4180159997195	0.3429999949999001	gratings	518.0	0.342999995	359.0	0.0	0.0	1.0	0.0399999991	2.0	1.57079637	76.0
2286.1180159999058	0.3429999949999001	gratings	1487.0	0.342999995	359.0	0.0	0.0	1.0	0.0399999991	2.0	1.57079637	76.0
2286.818016000092	0.3429999949999001	gratings	1206.0	0.342999995	359.0	0.0	0.0	1.0	0.0399999991	2.0	1.57079637	76.0
2287.518015999347	0.3429999949999001	gratings	599.0	0.342999995	359.0	0.0	0.0	1.0	0.0399999991	2.0	1.57079637	76.0
2288.2180159995332	0.3429999949999001	gratings	57.0	0.342999995	359.0	0.0	0.0	1.0	0.0399999991	2.0	0.0	76.0
2288.9180159997195	0.3429999949999001	gratings	297.0	0.342999995	359.0	0.0	0.0	1.0	0.0399999991	2.0	1.57079637	76.0
2289.6180159999058	0.3429999949999001	gratings	602.0	0.342999995	359.0	0.0	0.0	1.0	0.0399999991	2.0	1.57079637	76.0
2290.318016000092	0.3429999949999001	gratings	638.0	0.342999995	359.0	0.0	0.0	1.0	0.0399999991	2.0	1.57079637	76.0
2291.018015999347	0.3429999949999001	gratings	1495.0	0.342999995	359.0	0.0	0.0	1.0	0.0399999991	2.0	1.57079637	76.0
2291.7180159995332	0.3429999949999001	gratings	1382.0	0.342999995	359.0	0.0	0.0	1.0	0.0399999991	2.0	1.57079637	76.0
2292.4180159997195	0.3429999949999001	gratings	1255.0	0.342999995	359.0	0.0	0.0	1.0	0.0399999991	2.0	1.57079637	76.0
2293.1180159999058	0.3429999949999001	gratings	1276.0	0.342999995	359.0	0.0	0.0	1.0	0.0399999991	2.0	1.57079637	76.0
2293.818016000092	0.3429999949999001	gratings	208.0	0.342999995	359.0	0.0	0.0	1.0	0.0399999991	2.0	1.57079637	76.0
2294.518015999347	0.3429999949999001	gratings	71.0	0.342999995	359.0	0.0	0.0	1.0	0.0399999991	2.0	0.785398185	76.0
2295.2180159995332	0.3429999949999001	gratings	1277.0	0.342999995	359.0	0.0	0.0	1.0	0.0399999991	2.0	1.57079637	76.0
2295.9180159997195	0.3429999949999001	gratings	347.0	0.342999995	359.0	0.0	0.0	1.0	0.0399999991	2.0	1.57079637	76.0
2296.6180159999058	0.3429999949999001	gratings	1479.0	0.342999995	359.0	0.0	0.0	1.0	0.0399999991	2.0	1.57079637	76.0
2297.318016000092	0.3429999949999001	gratings	1462.0	0.342999995	359.0	0.0	0.0	1.0	0.0399999991	2.0	1.57079637	76.0
2298.018015999347	0.3429999949999001	gratings	489.0	0.342999995	359.0	0.0	0.0	1.0	0.0399999991	2.0	1.57079637	76.0
2298.7180159995332	0.3429999949999001	gratings	687.0	0.342999995	359.0	0.0	0.0	1.0	0.0399999991	2.0	1.57079637	76.0
2299.4180159997195	0.3429999949999001	gratings	961.0	0.342999995	359.0	0.0	0.0	1.0	0.0399999991	2.0	1.57079637	76.0
2300.1180159999058	0.3429999949999001	gratings	323.0	0.342999995	359.0	0.0	0.0	1.0	0.0399999991	2.0	1.57079637	76.0
2300.818016000092	0.3429999949999001	gratings	334.0	0.342999995	359.0	0.0	0.0	1.0	0.0399999991	2.0	1.57079637	76.0
2301.518015999347	0.3429999949999001	gratings	1026.0	0.342999995	359.0	0.0	0.0	1.0	0.0399999991	2.0	1.57079637	76.0
2302.2180159995332	0.3429999949999001	gratings	245.0	0.342999995	359.0	0.0	0.0	1.0	0.0399999991	2.0	1.57079637	76.0
2302.9180159997195	0.3429999949999001	gratings	1046.0	0.342999995	359.0	0.0	0.0	1.0	0.0399999991	2.0	1.57079637	76.0
2303.6180159999058	0.3429999949999001	gratings	1177.0	0.342999995	359.0	0.0	0.0	1.0	0.0399999991	2.0	1.57079637	76.0
2304.318016000092	0.3429999949999001	gratings	656.0	0.342999995	359.0	0.0	0.0	1.0	0.0399999991	2.0	1.57079637	76.0
2305.018015999347	0.3429999949999001	gratings	381.0	0.342999995	359.0	0.0	0.0	1.0	0.0399999991	2.0	1.57079637	76.0
2305.7180159995332	0.3429999949999001	gratings	1332.0	0.342999995	359.0	0.0	0.0	1.0	0.0399999991	2.0	1.57079637	76.0
2306.4180159997195	0.3429999949999001	gratings	1515.0	0.342999995	359.0	0.0	0.0	1.0	0.0399999991	2.0	1.57079637	76.0
2307.1180159999058	0.3429999949999001	gratings	300.0	0.342999995	359.0	0.0	0.0	1.0	0.0399999991	2.0	1.57079637	76.0
2307.818016000092	0.3429999949999001	gratings	420.0	0.342999995	359.0	0.0	0.0	1.0	0.0399999991	2.0	1.57079637	76.0
2308.518015999347	0.3429999949999001	gratings	1365.0	0.342999995	359.0	0.0	0.0	1.0	0.0399999991	2.0	1.57079637	76.0
2309.2180159995332	0.3429999949999001	gratings	597.0	0.342999995	359.0	0.0	0.0	1.0	0.0399999991	2.0	1.57079637	76.0
2309.9180159997195	0.3429999949999001	gratings	573.0	0.342999995	359.0	0.0	0.0	1.0	0.0399999991	2.0	1.57079637	76.0
2310.6180159999058	0.3429999949999001	gratings	1425.0	0.342999995	359.0	0.0	0.0	1.0	0.0399999991	2.0	1.57079637	77.0
2311.318016000092	0.3429999949999001	gratings	643.0	0.342999995	359.0	0.0	0.0	1.0	0.0399999991	2.0	1.57079637	77.0
2312.018015999347	0.3429999949999001	gratings	952.0	0.342999995	359.0	0.0	0.0	1.0	0.0399999991	2.0	1.57079637	77.0
2312.7180159995332	0.3429999949999001	gratings	379.0	0.342999995	359.0	0.0	0.0	1.0	0.0399999991	2.0	1.57079637	77.0
2313.4180159997195	0.3429999949999001	gratings	723.0	0.342999995	359.0	0.0	0.0	1.0	0.0399999991	2.0	1.57079637	77.0
2314.1180159999058	0.3429999949999001	gratings	1498.0	0.342999995	359.0	0.0	0.0	1.0	0.0399999991	2.0	1.57079637	77.0
2314.818016000092	0.3429999949999001	gratings	1223.0	0.342999995	359.0	0.0	0.0	1.0	0.0399999991	2.0	1.57079637	77.0
2315.518015999347	0.3429999949999001	gratings	1254.0	0.342999995	359.0	0.0	0.0	1.0	0.0399999991	2.0	1.57079637	77.0
2316.2180159995332	0.3429999949999001	gratings	1088.0	0.342999995	359.0	0.0	0.0	1.0	0.0399999991	2.0	1.57079637	77.0
2316.9180159997195	0.3429999949999001	gratings	37.0	0.342999995	359.0	0.0	0.0	1.0	0.0399999991	2.0	0.0	77.0
2317.6180159999058	0.3429999949999001	gratings	256.0	0.342999995	359.0	0.0	0.0	1.0	0.0399999991	2.0	1.57079637	77.0
2318.318016000092	0.3429999949999001	gratings	1328.0	0.342999995	359.0	0.0	0.0	1.0	0.0399999991	2.0	1.57079637	77.0
2319.018015999347	0.3429999949999001	gratings	1197.0	0.342999995	359.0	0.0	0.0	1.0	0.0399999991	2.0	1.57079637	77.0
2319.7180159995332	0.3429999949999001	gratings	198.0	0.342999995	359.0	0.0	0.0	1.0	0.0399999991	2.0	1.57079637	77.0
2320.4180159997195	0.3429999949999001	gratings	429.0	0.342999995	359.0	0.0	0.0	1.0	0.0399999991	2.0	1.57079637	77.0
2321.1180159999058	0.3429999949999001	gratings	51.0	0.342999995	359.0	0.0	0.0	1.0	0.0399999991	2.0	0.785398185	77.0
2321.818016000092	0.3429999949999001	gratings	1410.0	0.342999995	359.0	0.0	0.0	1.0	0.0399999991	2.0	1.57079637	77.0
2322.518015999347	0.3429999949999001	gratings	1240.0	0.342999995	359.0	0.0	0.0	1.0	0.0399999991	2.0	1.57079637	77.0
2323.2180159995332	0.3429999949999001	gratings	607.0	0.342999995	359.0	0.0	0.0	1.0	0.0399999991	2.0	1.57079637	77.0
2323.9180159997195	0.3429999949999001	gratings	603.0	0.342999995	359.0	0.0	0.0	1.0	0.0399999991	2.0	1.57079637	77.0
2324.6180159999058	0.3429999949999001	gratings	637.0	0.342999995	359.0	0.0	0.0	1.0	0.0399999991	2.0	1.57079637	77.0
2325.318016000092	0.3429999949999001	gratings	1390.0	0.342999995	359.0	0.0	0.0	1.0	0.0399999991	2.0	1.57079637	77.0
2326.018015999347	0.3429999949999001	gratings	498.0	0.342999995	359.0	0.0	0.0	1.0	0.0399999991	2.0	1.57079637	77.0
2326.7180159995332	0.3429999949999001	gratings	5.0	0.342999995	359.0	0.0	0.0	1.0	0.0399999991	2.0	1.57079637	77.0
2327.4180159997195	0.3429999949999001	gratings	776.0	0.342999995	359.0	0.0	0.0	1.0	0.0399999991	2.0	1.57079637	77.0
2328.1180159999058	0.3429999949999001	gratings	684.0	0.342999995	359.0	0.0	0.0	1.0	0.0399999991	2.0	1.57079637	77.0
2328.818016000092	0.3429999949999001	gratings	104.0	0.342999995	359.0	0.0	0.0	0.0	0.0399999991	2.0	0.0	77.0
2329.518015999347	0.3429999949999001	gratings	645.0	0.342999995	359.0	0.0	0.0	1.0	0.0399999991	2.0	1.57079637	77.0
2330.2180159995332	0.3429999949999001	gratings	588.0	0.342999995	359.0	0.0	0.0	1.0	0.0399999991	2.0	1.57079637	77.0
2330.9180159997195	0.3429999949999001	gratings	1384.0	0.342999995	359.0	0.0	0.0	1.0	0.0399999991	2.0	1.57079637	77.0
2331.6180159999058	0.3429999949999001	gratings	623.0	0.342999995	359.0	0.0	0.0	1.0	0.0399999991	2.0	1.57079637	77.0
2332.318016000092	0.3429999949999001	gratings	226.0	0.342999995	359.0	0.0	0.0	1.0	0.0399999991	2.0	1.57079637	77.0
2333.018015999347	0.3429999949999001	gratings	925.0	0.342999995	359.0	0.0	0.0	1.0	0.0399999991	2.0	1.57079637	77.0
2333.7180159995332	0.3429999949999001	gratings	545.0	0.342999995	359.0	0.0	0.0	1.0	0.0399999991	2.0	1.57079637	77.0
2334.4180159997195	0.3429999949999001	gratings	934.0	0.342999995	359.0	0.0	0.0	1.0	0.0399999991	2.0	1.57079637	77.0
2335.1180159999058	0.3429999949999001	gratings	1097.0	0.342999995	359.0	0.0	0.0	1.0	0.0399999991	2.0	1.57079637	77.0
2335.818016000092	0.3429999949999001	gratings	746.0	0.342999995	359.0	0.0	0.0	1.0	0.0399999991	2.0	1.57079637	77.0
2336.518015999347	0.3429999949999001	gratings	278.0	0.342999995	359.0	0.0	0.0	1.0	0.0399999991	2.0	1.57079637	77.0
2337.2180159995332	0.3429999949999001	gratings	774.0	0.342999995	359.0	0.0	0.0	1.0	0.0399999991	2.0	1.57079637	77.0
2337.9180159997195	0.3429999949999001	gratings	1291.0	0.342999995	359.0	0.0	0.0	1.0	0.0399999991	2.0	1.57079637	77.0
2338.6180159999058	0.3429999949999001	gratings	1030.0	0.342999995	359.0	0.0	0.0	1.0	0.0399999991	2.0	1.57079637	77.0
2339.318016000092	0.3429999949999001	gratings	294.0	0.342999995	359.0	0.0	0.0	1.0	0.0399999991	2.0	1.57079637	77.0
2340.018015999347	0.3429999949999001	gratings	285.0	0.342999995	359.0	0.0	0.0	1.0	0.0399999991	2.0	1.57079637	-1.0
2340.7180159995332	0.3429999949999001	gratings	451.0	0.342999995	359.0	0.0	0.0	1.0	0.0399999991	2.0	1.57079637	78.0
2341.4180159997195	0.3429999949999001	gratings	1501.0	0.342999995	359.0	0.0	0.0	1.0	0.0399999991	2.0	1.57079637	78.0
2342.1180159999058	0.3429999949999001	gratings	305.0	0.342999995	359.0	0.0	0.0	1.0	0.0399999991	2.0	1.57079637	78.0
2342.818016000092	0.3429999949999001	gratings	733.0	0.342999995	359.0	0.0	0.0	1.0	0.0399999991	2.0	1.57079637	78.0
2343.518015999347	0.3429999949999001	gratings	1117.0	0.342999995	359.0	0.0	0.0	1.0	0.0399999991	2.0	1.57079637	78.0
2344.2180159995332	0.3429999949999001	gratings	1399.0	0.342999995	359.0	0.0	0.0	1.0	0.0399999991	2.0	1.57079637	78.0
2344.9180159997195	0.3429999949999001	gratings	383.0	0.342999995	359.0	0.0	0.0	1.0	0.0399999991	2.0	1.57079637	78.0
2345.6180159999058	0.3429999949999001	gratings	487.0	0.342999995	359.0	0.0	0.0	1.0	0.0399999991	2.0	1.57079637	78.0
2346.318016000092	0.3429999949999001	gratings	8.0	0.342999995	359.0	0.0	0.0	1.0	0.0399999991	2.0	1.57079637	78.0
2347.018015999347	0.3429999949999001	gratings	427.0	0.342999995	359.0	0.0	0.0	1.0	0.0399999991	2.0	1.57079637	78.0
2347.7180159995332	0.3429999949999001	gratings	981.0	0.342999995	359.0	0.0	0.0	1.0	0.0399999991	2.0	1.57079637	78.0
2348.4180159997195	0.3429999949999001	gratings	1343.0	0.342999995	359.0	0.0	0.0	1.0	0.0399999991	2.0	1.57079637	78.0
2349.1180159999058	0.3429999949999001	gratings	784.0	0.342999995	359.0	0.0	0.0	1.0	0.0399999991	2.0	1.57079637	78.0
2349.818016000092	0.3429999949999001	gratings	316.0	0.342999995	359.0	0.0	0.0	1.0	0.0399999991	2.0	1.57079637	78.0
2350.518015999347	0.3429999949999001	gratings	1049.0	0.342999995	359.0	0.0	0.0	1.0	0.0399999991	2.0	1.57079637	78.0
2351.2180159995332	0.3429999949999001	gratings	1402.0	0.342999995	359.0	0.0	0.0	1.0	0.0399999991	2.0	1.57079637	78.0
2351.9180159997195	0.3429999949999001	gratings	1486.0	0.342999995	359.0	0.0	0.0	1.0	0.0399999991	2.0	1.57079637	78.0
2352.6180159999058	0.3429999949999001	gratings	828.0	0.342999995	359.0	0.0	0.0	1.0	0.0399999991	2.0	1.57079637	78.0
2353.318016000092	0.3429999949999001	gratings	787.0	0.342999995	359.0	0.0	0.0	1.0	0.0399999991	2.0	1.57079637	78.0
2354.018015999347	0.3429999949999001	gratings	279.0	0.342999995	359.0	0.0	0.0	1.0	0.0399999991	2.0	1.57079637	78.0
2354.7180159995332	0.3429999949999001	gratings	791.0	0.342999995	359.0	0.0	0.0	1.0	0.0399999991	2.0	1.57079637	78.0
2355.4180159997195	0.3429999949999001	gratings	575.0	0.342999995	359.0	0.0	0.0	1.0	0.0399999991	2.0	1.57079637	78.0
2356.1180159999058	0.3429999949999001	gratings	1398.0	0.342999995	359.0	0.0	0.0	1.0	0.0399999991	2.0	1.57079637	78.0
2356.818016000092	0.3429999949999001	gratings	28.0	0.342999995	359.0	0.0	0.0	1.0	0.0399999991	2.0	1.57079637	78.0
2357.518015999347	0.3429999949999001	gratings	624.0	0.342999995	359.0	0.0	0.0	1.0	0.0399999991	2.0	1.57079637	78.0
2358.2190079996362	0.3429999949999001	gratings	762.0	0.342999995	359.0	0.0	0.0	1.0	0.0399999991	2.0	1.57079637	78.0
2358.9190079998225	0.3429999949999001	gratings	659.0	0.342999995	359.0	0.0	0.0	1.0	0.0399999991	2.0	1.57079637	78.0
2359.6180159999058	0.3429999949999001	gratings	892.0	0.342999995	359.0	0.0	0.0	1.0	0.0399999991	2.0	1.57079637	78.0
2360.3190399995074	0.3429999949999001	gratings	107.0	0.342999995	359.0	0.0	0.0	1.0	0.0399999991	2.0	0.0	78.0
2361.01900799945	0.3429999949999001	gratings	779.0	0.342999995	359.0	0.0	0.0	1.0	0.0399999991	2.0	1.57079637	78.0
2361.7180159995332	0.3429999949999001	gratings	82.0	0.342999995	359.0	0.0	0.0	1.0	0.0399999991	2.0	0.0	78.0
2362.4180159997195	0.3429999949999001	gratings	974.0	0.342999995	359.0	0.0	0.0	1.0	0.0399999991	2.0	1.57079637	78.0
2363.1190080000088	0.3429999949999001	gratings	344.0	0.342999995	359.0	0.0	0.0	1.0	0.0399999991	2.0	1.57079637	78.0
2363.8190079992637	0.3429999949999001	gratings	66.0	0.342999995	359.0	0.0	0.0	1.0	0.0399999991	2.0	0.785398185	78.0
2364.51900799945	0.3429999949999001	gratings	408.0	0.342999995	359.0	0.0	0.0	1.0	0.0399999991	2.0	1.57079637	78.0
2365.2190079996362	0.3429999949999001	gratings	411.0	0.342999995	359.0	0.0	0.0	1.0	0.0399999991	2.0	1.57079637	78.0
2365.9190079998225	0.3429999949999001	gratings	202.0	0.342999995	359.0	0.0	0.0	1.0	0.0399999991	2.0	1.57079637	78.0
2366.6190080000088	0.3429999949999001	gratings	1505.0	0.342999995	359.0	0.0	0.0	1.0	0.0399999991	2.0	1.57079637	78.0
2367.3190079992637	0.3429999949999001	gratings	1172.0	0.342999995	359.0	0.0	0.0	1.0	0.0399999991	2.0	1.57079637	78.0
2368.01900799945	0.3429999949999001	gratings	1494.0	0.342999995	359.0	0.0	0.0	1.0	0.0399999991	2.0	1.57079637	78.0
2368.7190079996362	0.3429999949999001	gratings	265.0	0.342999995	359.0	0.0	0.0	1.0	0.0399999991	2.0	1.57079637	78.0
2369.4190079998225	0.3429999949999001	gratings	807.0	0.342999995	359.0	0.0	0.0	1.0	0.0399999991	2.0	1.57079637	78.0
2370.1190080000088	0.3429999949999001	gratings	207.0	0.342999995	359.0	0.0	0.0	1.0	0.0399999991	2.0	1.57079637	-1.0
2370.8190079992637	0.3429999949999001	gratings	996.0	0.342999995	359.0	0.0	0.0	1.0	0.0399999991	2.0	1.57079637	79.0
2371.51900799945	0.3429999949999001	gratings	973.0	0.342999995	359.0	0.0	0.0	1.0	0.0399999991	2.0	1.57079637	79.0
2372.2190079996362	0.3429999949999001	gratings	173.0	0.342999995	359.0	0.0	0.0	1.0	0.0399999991	2.0	1.57079637	79.0
2372.9190079998225	0.3429999949999001	gratings	312.0	0.342999995	359.0	0.0	0.0	1.0	0.0399999991	2.0	1.57079637	79.0
2373.6190080000088	0.3429999949999001	gratings	1101.0	0.342999995	359.0	0.0	0.0	1.0	0.0399999991	2.0	1.57079637	79.0
2374.3190079992637	0.3429999949999001	gratings	271.0	0.342999995	359.0	0.0	0.0	1.0	0.0399999991	2.0	1.57079637	79.0
2375.01900799945	0.3429999949999001	gratings	77.0	0.342999995	359.0	0.0	0.0	1.0	0.0399999991	2.0	0.0	79.0
2375.7190079996362	0.3429999949999001	gratings	136.0	0.342999995	359.0	0.0	0.0	1.0	0.0399999991	2.0	0.785398185	79.0
2376.4190079998225	0.3429999949999001	gratings	1258.0	0.342999995	359.0	0.0	0.0	1.0	0.0399999991	2.0	1.57079637	79.0
2377.1190080000088	0.3429999949999001	gratings	59.0	0.342999995	359.0	0.0	0.0	0.0	0.0399999991	2.0	0.0	79.0
2377.8190079992637	0.3429999949999001	gratings	1512.0	0.342999995	359.0	0.0	0.0	1.0	0.0399999991	2.0	1.57079637	79.0
2378.51900799945	0.3429999949999001	gratings	1301.0	0.342999995	359.0	0.0	0.0	1.0	0.0399999991	2.0	1.57079637	79.0
2379.2190079996362	0.3429999949999001	gratings	255.0	0.342999995	359.0	0.0	0.0	1.0	0.0399999991	2.0	1.57079637	79.0
2379.9190079998225	0.3429999949999001	gratings	249.0	0.342999995	359.0	0.0	0.0	1.0	0.0399999991	2.0	1.57079637	79.0
2380.6190080000088	0.3429999949999001	gratings	931.0	0.342999995	359.0	0.0	0.0	1.0	0.0399999991	2.0	1.57079637	79.0
2381.3190079992637	0.3429999949999001	gratings	646.0	0.342999995	359.0	0.0	0.0	1.0	0.0399999991	2.0	1.57079637	79.0
2382.01900799945	0.3429999949999001	gratings	1453.0	0.342999995	359.0	0.0	0.0	1.0	0.0399999991	2.0	1.57079637	79.0
2382.7190079996362	0.3429999949999001	gratings	1149.0	0.342999995	359.0	0.0	0.0	1.0	0.0399999991	2.0	1.57079637	79.0
2383.4190079998225	0.3429999949999001	gratings	590.0	0.342999995	359.0	0.0	0.0	1.0	0.0399999991	2.0	1.57079637	79.0
2384.1190080000088	0.3429999949999001	gratings	848.0	0.342999995	359.0	0.0	0.0	1.0	0.0399999991	2.0	1.57079637	79.0
2384.8190079992637	0.3429999949999001	gratings	956.0	0.342999995	359.0	0.0	0.0	1.0	0.0399999991	2.0	1.57079637	79.0
2385.51900799945	0.3429999949999001	gratings	113.0	0.342999995	359.0	0.0	0.0	1.0	0.0399999991	2.0	1.57079637	79.0
2386.2190079996362	0.3429999949999001	gratings	467.0	0.342999995	359.0	0.0	0.0	1.0	0.0399999991	2.0	1.57079637	79.0
2386.9190079998225	0.3429999949999001	gratings	517.0	0.342999995	359.0	0.0	0.0	1.0	0.0399999991	2.0	1.57079637	79.0
2387.6190080000088	0.3429999949999001	gratings	1045.0	0.342999995	359.0	0.0	0.0	1.0	0.0399999991	2.0	1.57079637	79.0
2388.3190079992637	0.3429999949999001	gratings	165.0	0.342999995	359.0	0.0	0.0	1.0	0.0399999991	2.0	1.57079637	79.0
2389.01900799945	0.3429999949999001	gratings	694.0	0.342999995	359.0	0.0	0.0	1.0	0.0399999991	2.0	1.57079637	79.0
2389.7190079996362	0.3429999949999001	gratings	1344.0	0.342999995	359.0	0.0	0.0	1.0	0.0399999991	2.0	1.57079637	79.0
2390.4190079998225	0.3429999949999001	gratings	482.0	0.342999995	359.0	0.0	0.0	1.0	0.0399999991	2.0	1.57079637	79.0
2391.1190080000088	0.3429999949999001	gratings	766.0	0.342999995	359.0	0.0	0.0	1.0	0.0399999991	2.0	1.57079637	79.0
2391.8190079992637	0.3429999949999001	gratings	1500.0	0.342999995	359.0	0.0	0.0	1.0	0.0399999991	2.0	1.57079637	79.0
2392.51900799945	0.3429999949999001	gratings	1367.0	0.342999995	359.0	0.0	0.0	1.0	0.0399999991	2.0	1.57079637	79.0
2393.2190079996362	0.3429999949999001	gratings	938.0	0.342999995	359.0	0.0	0.0	1.0	0.0399999991	2.0	1.57079637	79.0
2393.9190079998225	0.3429999949999001	gratings	908.0	0.342999995	359.0	0.0	0.0	1.0	0.0399999991	2.0	1.57079637	79.0
2394.6190080000088	0.3429999949999001	gratings	154.0	0.342999995	359.0	0.0	0.0	1.0	0.0399999991	2.0	1.57079637	79.0
2395.3190079992637	0.3429999949999001	gratings	243.0	0.342999995	359.0	0.0	0.0	1.0	0.0399999991	2.0	1.57079637	79.0
2396.01900799945	0.3429999949999001	gratings	940.0	0.342999995	359.0	0.0	0.0	1.0	0.0399999991	2.0	1.57079637	79.0
2396.7190079996362	0.3429999949999001	gratings	1213.0	0.342999995	359.0	0.0	0.0	1.0	0.0399999991	2.0	1.57079637	79.0
2397.419040000066	0.3429999949999001	gratings	1321.0	0.342999995	359.0	0.0	0.0	1.0	0.0399999991	2.0	1.57079637	79.0
2398.1190080000088	0.3429999949999001	gratings	1528.0	0.342999995	359.0	0.0	0.0	1.0	0.0399999991	2.0	1.57079637	79.0
2398.8190079992637	0.3429999949999001	gratings	1257.0	0.342999995	359.0	0.0	0.0	1.0	0.0399999991	2.0	1.57079637	79.0
2399.51900799945	0.3429999949999001	gratings	1066.0	0.342999995	359.0	0.0	0.0	1.0	0.0399999991	2.0	1.57079637	79.0
2400.2190079996362	0.3429999949999001	gratings	1447.0	0.342999995	359.0	0.0	0.0	1.0	0.0399999991	2.0	1.57079637	-1.0
2400.9190079998225	0.3429999949999001	gratings	1250.0	0.342999995	359.0	0.0	0.0	1.0	0.0399999991	2.0	1.57079637	80.0
2401.6190080000088	0.3429999949999001	gratings	200.0	0.342999995	359.0	0.0	0.0	1.0	0.0399999991	2.0	1.57079637	80.0
2402.3190079992637	0.3429999949999001	gratings	1445.0	0.342999995	359.0	0.0	0.0	1.0	0.0399999991	2.0	1.57079637	80.0
2403.01900799945	0.3429999949999001	gratings	438.0	0.342999995	359.0	0.0	0.0	1.0	0.0399999991	2.0	1.57079637	80.0
2403.7190079996362	0.3429999949999001	gratings	1016.0	0.342999995	359.0	0.0	0.0	1.0	0.0399999991	2.0	1.57079637	80.0
2404.4190079998225	0.3429999949999001	gratings	1488.0	0.342999995	359.0	0.0	0.0	1.0	0.0399999991	2.0	1.57079637	80.0
2405.1190080000088	0.3429999949999001	gratings	878.0	0.342999995	359.0	0.0	0.0	1.0	0.0399999991	2.0	1.57079637	80.0
2405.8190079992637	0.3429999949999001	gratings	1227.0	0.342999995	359.0	0.0	0.0	1.0	0.0399999991	2.0	1.57079637	80.0
2406.51900799945	0.3429999949999001	gratings	1476.0	0.342999995	359.0	0.0	0.0	1.0	0.0399999991	2.0	1.57079637	80.0
2407.2190079996362	0.3429999949999001	gratings	1437.0	0.342999995	359.0	0.0	0.0	1.0	0.0399999991	2.0	1.57079637	80.0
2407.9190079998225	0.3429999949999001	gratings	1203.0	0.342999995	359.0	0.0	0.0	1.0	0.0399999991	2.0	1.57079637	80.0
2408.6190080000088	0.3429999949999001	gratings	1190.0	0.342999995	359.0	0.0	0.0	1.0	0.0399999991	2.0	1.57079637	80.0
2409.3190079992637	0.3429999949999001	gratings	356.0	0.342999995	359.0	0.0	0.0	1.0	0.0399999991	2.0	1.57079637	80.0
2410.01900799945	0.3429999949999001	gratings	45.0	0.342999995	359.0	0.0	0.0	1.0	0.0399999991	2.0	1.57079637	80.0
2410.7190079996362	0.3429999949999001	gratings	496.0	0.342999995	359.0	0.0	0.0	1.0	0.0399999991	2.0	1.57079637	80.0
2411.4190079998225	0.3429999949999001	gratings	302.0	0.342999995	359.0	0.0	0.0	1.0	0.0399999991	2.0	1.57079637	80.0
2412.1190080000088	0.3429999949999001	gratings	1316.0	0.342999995	359.0	0.0	0.0	1.0	0.0399999991	2.0	1.57079637	80.0
2412.8190079992637	0.3429999949999001	gratings	683.0	0.342999995	359.0	0.0	0.0	1.0	0.0399999991	2.0	1.57079637	80.0
2413.51900799945	0.3429999949999001	gratings	21.0	0.342999995	359.0	0.0	0.0	1.0	0.0399999991	2.0	0.785398185	80.0
2414.2190079996362	0.3429999949999001	gratings	1114.0	0.342999995	359.0	0.0	0.0	1.0	0.0399999991	2.0	1.57079637	80.0
2414.9190079998225	0.3429999949999001	gratings	349.0	0.342999995	359.0	0.0	0.0	1.0	0.0399999991	2.0	1.57079637	80.0
2415.6190080000088	0.3429999949999001	gratings	759.0	0.342999995	359.0	0.0	0.0	1.0	0.0399999991	2.0	1.57079637	80.0
2416.3190079992637	0.3429999949999001	gratings	180.0	0.342999995	359.0	0.0	0.0	1.0	0.0399999991	2.0	1.57079637	80.0
2417.01900799945	0.3429999949999001	gratings	820.0	0.342999995	359.0	0.0	0.0	1.0	0.0399999991	2.0	1.57079637	80.0
2417.7190079996362	0.3429999949999001	gratings	716.0	0.342999995	359.0	0.0	0.0	1.0	0.0399999991	2.0	1.57079637	80.0
2418.4190079998225	0.3429999949999001	gratings	790.0	0.342999995	359.0	0.0	0.0	1.0	0.0399999991	2.0	1.57079637	80.0
2419.1190080000088	0.3429999949999001	gratings	270.0	0.342999995	359.0	0.0	0.0	1.0	0.0399999991	2.0	1.57079637	80.0
2419.8190079992637	0.3429999949999001	gratings	881.0	0.342999995	359.0	0.0	0.0	1.0	0.0399999991	2.0	1.57079637	80.0
2420.51900799945	0.3429999949999001	gratings	17.0	0.342999995	359.0	0.0	0.0	1.0	0.0399999991	2.0	0.0	80.0
2421.2190079996362	0.3429999949999001	gratings	1118.0	0.342999995	359.0	0.0	0.0	1.0	0.0399999991	2.0	1.57079637	80.0
2421.9190079998225	0.3429999949999001	gratings	1044.0	0.342999995	359.0	0.0	0.0	1.0	0.0399999991	2.0	1.57079637	80.0
2422.6190080000088	0.3429999949999001	gratings	620.0	0.342999995	359.0	0.0	0.0	1.0	0.0399999991	2.0	1.57079637	80.0
2423.3190079992637	0.3429999949999001	gratings	519.0	0.342999995	359.0	0.0	0.0	1.0	0.0399999991	2.0	1.57079637	80.0
2424.01900799945	0.3429999949999001	gratings	1145.0	0.342999995	359.0	0.0	0.0	1.0	0.0399999991	2.0	1.57079637	80.0
2424.7190079996362	0.3429999949999001	gratings	93.0	0.342999995	359.0	0.0	0.0	1.0	0.0399999991	2.0	1.57079637	80.0
2425.4190079998225	0.3429999949999001	gratings	1300.0	0.342999995	359.0	0.0	0.0	1.0	0.0399999991	2.0	1.57079637	80.0
2426.1190080000088	0.3429999949999001	gratings	50.0	0.342999995	359.0	0.0	0.0	1.0	0.0399999991	2.0	1.57079637	80.0
2426.8190079992637	0.3429999949999001	gratings	115.0	0.342999995	359.0	0.0	0.0	1.0	0.0399999991	2.0	1.57079637	80.0
2427.51900799945	0.3429999949999001	gratings	1162.0	0.342999995	359.0	0.0	0.0	1.0	0.0399999991	2.0	1.57079637	80.0
2428.2190079996362	0.3429999949999001	gratings	253.0	0.342999995	359.0	0.0	0.0	1.0	0.0399999991	2.0	1.57079637	80.0
2428.9190079998225	0.3429999949999001	gratings	286.0	0.342999995	359.0	0.0	0.0	1.0	0.0399999991	2.0	1.57079637	80.0
2429.6190080000088	0.3429999949999001	gratings	342.0	0.342999995	359.0	0.0	0.0	1.0	0.0399999991	2.0	1.57079637	80.0
2430.3190079992637	0.3429999949999001	gratings	798.0	0.342999995	359.0	0.0	0.0	1.0	0.0399999991	2.0	1.57079637	-1.0
2431.01900799945	0.3429999949999001	gratings	1264.0	0.342999995	359.0	0.0	0.0	1.0	0.0399999991	2.0	1.57079637	81.0
2431.7190079996362	0.3429999949999001	gratings	127.0	0.342999995	359.0	0.0	0.0	1.0	0.0399999991	2.0	0.0	81.0
2432.4190079998225	0.3429999949999001	gratings	490.0	0.342999995	359.0	0.0	0.0	1.0	0.0399999991	2.0	1.57079637	81.0
2433.1190080000088	0.3429999949999001	gratings	1421.0	0.342999995	359.0	0.0	0.0	1.0	0.0399999991	2.0	1.57079637	81.0
2433.8190079992637	0.3429999949999001	gratings	112.0	0.342999995	359.0	0.0	0.0	1.0	0.0399999991	2.0	0.0	81.0
2434.51900799945	0.3429999949999001	gratings	959.0	0.342999995	359.0	0.0	0.0	1.0	0.0399999991	2.0	1.57079637	81.0
2435.2190079996362	0.3429999949999001	gratings	1055.0	0.342999995	359.0	0.0	0.0	1.0	0.0399999991	2.0	1.57079637	81.0
2435.9190079998225	0.3429999949999001	gratings	985.0	0.342999995	359.0	0.0	0.0	1.0	0.0399999991	2.0	1.57079637	81.0
2436.6190080000088	0.3429999949999001	gratings	697.0	0.342999995	359.0	0.0	0.0	1.0	0.0399999991	2.0	1.57079637	81.0
2437.3190079992637	0.3429999949999001	gratings	43.0	0.342999995	359.0	0.0	0.0	1.0	0.0399999991	2.0	1.57079637	81.0
2438.01900799945	0.3429999949999001	gratings	1313.0	0.342999995	359.0	0.0	0.0	1.0	0.0399999991	2.0	1.57079637	81.0
2438.7190079996362	0.3429999949999001	gratings	630.0	0.342999995	359.0	0.0	0.0	1.0	0.0399999991	2.0	1.57079637	81.0
2439.4190079998225	0.3429999949999001	gratings	1527.0	0.342999995	359.0	0.0	0.0	1.0	0.0399999991	2.0	1.57079637	81.0
2440.1190080000088	0.3429999949999001	gratings	1122.0	0.342999995	359.0	0.0	0.0	1.0	0.0399999991	2.0	1.57079637	81.0
2440.8199999993667	0.3429999949999001	gratings	754.0	0.342999995	359.0	0.0	0.0	1.0	0.0399999991	2.0	1.57079637	81.0
2441.51900799945	0.3429999949999001	gratings	1448.0	0.342999995	359.0	0.0	0.0	1.0	0.0399999991	2.0	1.57079637	81.0
2442.2190079996362	0.3429999949999001	gratings	629.0	0.342999995	359.0	0.0	0.0	1.0	0.0399999991	2.0	1.57079637	81.0
2442.9190079998225	0.3429999949999001	gratings	760.0	0.342999995	359.0	0.0	0.0	1.0	0.0399999991	2.0	1.57079637	81.0
2443.6190080000088	0.3429999949999001	gratings	822.0	0.342999995	359.0	0.0	0.0	1.0	0.0399999991	2.0	1.57079637	81.0
2444.3190079992637	0.3429999949999001	gratings	337.0	0.342999995	359.0	0.0	0.0	1.0	0.0399999991	2.0	1.57079637	81.0
2445.01900799945	0.3429999949999001	gratings	32.0	0.342999995	359.0	0.0	0.0	1.0	0.0399999991	2.0	0.0	81.0
2445.7190079996362	0.3429999949999001	gratings	921.0	0.342999995	359.0	0.0	0.0	1.0	0.0399999991	2.0	1.57079637	81.0
2446.4190079998225	0.3429999949999001	gratings	920.0	0.342999995	359.0	0.0	0.0	1.0	0.0399999991	2.0	1.57079637	81.0
2447.1190080000088	0.3429999949999001	gratings	941.0	0.342999995	359.0	0.0	0.0	1.0	0.0399999991	2.0	1.57079637	81.0
2447.8190079992637	0.3429999949999001	gratings	669.0	0.342999995	359.0	0.0	0.0	1.0	0.0399999991	2.0	1.57079637	81.0
2448.51900799945	0.3429999949999001	gratings	169.0	0.342999995	359.0	0.0	0.0	1.0	0.0399999991	2.0	1.57079637	81.0
2449.2190079996362	0.3429999949999001	gratings	391.0	0.342999995	359.0	0.0	0.0	1.0	0.0399999991	2.0	1.57079637	81.0
2449.9190079998225	0.3429999949999001	gratings	814.0	0.342999995	359.0	0.0	0.0	1.0	0.0399999991	2.0	1.57079637	81.0
2450.6190080000088	0.3429999949999001	gratings	593.0	0.342999995	359.0	0.0	0.0	1.0	0.0399999991	2.0	1.57079637	81.0
2451.3190079992637	0.3429999949999001	gratings	954.0	0.342999995	359.0	0.0	0.0	1.0	0.0399999991	2.0	1.57079637	81.0
2452.01900799945	0.3429999949999001	gratings	1017.0	0.342999995	359.0	0.0	0.0	1.0	0.0399999991	2.0	1.57079637	81.0
2452.7190079996362	0.3429999949999001	gratings	475.0	0.342999995	359.0	0.0	0.0	1.0	0.0399999991	2.0	1.57079637	81.0
2453.4190079998225	0.3429999949999001	gratings	1525.0	0.342999995	359.0	0.0	0.0	1.0	0.0399999991	2.0	1.57079637	81.0
2454.1190080000088	0.3429999949999001	gratings	834.0	0.342999995	359.0	0.0	0.0	1.0	0.0399999991	2.0	1.57079637	81.0
2454.8190079992637	0.3429999949999001	gratings	812.0	0.342999995	359.0	0.0	0.0	1.0	0.0399999991	2.0	1.57079637	81.0
2455.51900799945	0.3429999949999001	gratings	589.0	0.342999995	359.0	0.0	0.0	1.0	0.0399999991	2.0	1.57079637	81.0
2456.2190079996362	0.3429999949999001	gratings	595.0	0.342999995	359.0	0.0	0.0	1.0	0.0399999991	2.0	1.57079637	81.0
2456.9190079998225	0.3429999949999001	gratings	1256.0	0.342999995	359.0	0.0	0.0	1.0	0.0399999991	2.0	1.57079637	81.0
2457.6190080000088	0.3429999949999001	gratings	1154.0	0.342999995	359.0	0.0	0.0	1.0	0.0399999991	2.0	1.57079637	81.0
2458.3190079992637	0.3429999949999001	gratings	559.0	0.342999995	359.0	0.0	0.0	1.0	0.0399999991	2.0	1.57079637	81.0
2459.01900799945	0.3429999949999001	gratings	1424.0	0.342999995	359.0	0.0	0.0	1.0	0.0399999991	2.0	1.57079637	81.0
2459.7190079996362	0.3429999949999001	gratings	141.0	0.342999995	359.0	0.0	0.0	1.0	0.0399999991	2.0	0.785398185	81.0
2460.4190079998225	0.3429999949999001	gratings	845.0	0.342999995	359.0	0.0	0.0	1.0	0.0399999991	2.0	1.57079637	-1.0
2461.1190080000088	0.3429999949999001	gratings	854.0	0.342999995	359.0	0.0	0.0	1.0	0.0399999991	2.0	1.57079637	82.0
2461.8190079992637	0.3429999949999001	gratings	1102.0	0.342999995	359.0	0.0	0.0	1.0	0.0399999991	2.0	1.57079637	82.0
2462.519999999553	0.3429999949999001	gratings	715.0	0.342999995	359.0	0.0	0.0	1.0	0.0399999991	2.0	1.57079637	82.0
2463.2190079996362	0.3429999949999001	gratings	504.0	0.342999995	359.0	0.0	0.0	1.0	0.0399999991	2.0	1.57079637	82.0
2463.9190079998225	0.3429999949999001	gratings	1180.0	0.342999995	359.0	0.0	0.0	1.0	0.0399999991	2.0	1.57079637	82.0
2464.6190080000088	0.3429999949999001	gratings	367.0	0.342999995	359.0	0.0	0.0	1.0	0.0399999991	2.0	1.57079637	82.0
2465.3190079992637	0.3429999949999001	gratings	986.0	0.342999995	359.0	0.0	0.0	1.0	0.0399999991	2.0	1.57079637	82.0
2466.01900799945	0.3429999949999001	gratings	346.0	0.342999995	359.0	0.0	0.0	1.0	0.0399999991	2.0	1.57079637	82.0
2466.7190079996362	0.3429999949999001	gratings	741.0	0.342999995	359.0	0.0	0.0	1.0	0.0399999991	2.0	1.57079637	82.0
2467.4190079998225	0.3429999949999001	gratings	841.0	0.342999995	359.0	0.0	0.0	1.0	0.0399999991	2.0	1.57079637	82.0
2468.1190080000088	0.3429999949999001	gratings	149.0	0.342999995	359.0	0.0	0.0	0.0	0.0399999991	2.0	0.0	82.0
2468.8190079992637	0.3429999949999001	gratings	1378.0	0.342999995	359.0	0.0	0.0	1.0	0.0399999991	2.0	1.57079637	82.0
2469.51900799945	0.3429999949999001	gratings	1323.0	0.342999995	359.0	0.0	0.0	1.0	0.0399999991	2.0	1.57079637	82.0
2470.2190079996362	0.3429999949999001	gratings	1003.0	0.342999995	359.0	0.0	0.0	1.0	0.0399999991	2.0	1.57079637	82.0
2470.9190079998225	0.3429999949999001	gratings	979.0	0.342999995	359.0	0.0	0.0	1.0	0.0399999991	2.0	1.57079637	82.0
2471.6190080000088	0.3429999949999001	gratings	1024.0	0.342999995	359.0	0.0	0.0	1.0	0.0399999991	2.0	1.57079637	82.0
2472.3190079992637	0.3429999949999001	gratings	1449.0	0.342999995	359.0	0.0	0.0	1.0	0.0399999991	2.0	1.57079637	82.0
2473.01900799945	0.3429999949999001	gratings	282.0	0.342999995	359.0	0.0	0.0	1.0	0.0399999991	2.0	1.57079637	82.0
2473.7190079996362	0.3429999949999001	gratings	339.0	0.342999995	359.0	0.0	0.0	1.0	0.0399999991	2.0	1.57079637	82.0
2474.4190079998225	0.3429999949999001	gratings	442.0	0.342999995	359.0	0.0	0.0	1.0	0.0399999991	2.0	1.57079637	82.0
2475.1190080000088	0.3429999949999001	gratings	1270.0	0.342999995	359.0	0.0	0.0	1.0	0.0399999991	2.0	1.57079637	82.0
2475.8190079992637	0.3429999949999001	gratings	660.0	0.342999995	359.0	0.0	0.0	1.0	0.0399999991	2.0	1.57079637	82.0
2476.51900799945	0.3429999949999001	gratings	1348.0	0.342999995	359.0	0.0	0.0	1.0	0.0399999991	2.0	1.57079637	82.0
2477.2190079996362	0.3429999949999001	gratings	813.0	0.342999995	359.0	0.0	0.0	1.0	0.0399999991	2.0	1.57079637	82.0
2477.9190079998225	0.3429999949999001	gratings	393.0	0.342999995	359.0	0.0	0.0	1.0	0.0399999991	2.0	1.57079637	82.0
2478.6190080000088	0.3429999949999001	gratings	452.0	0.342999995	359.0	0.0	0.0	1.0	0.0399999991	2.0	1.57079637	82.0
2479.3190079992637	0.3429999949999001	gratings	896.0	0.342999995	359.0	0.0	0.0	1.0	0.0399999991	2.0	1.57079637	82.0
2480.01900799945	0.3429999949999001	gratings	118.0	0.342999995	359.0	0.0	0.0	1.0	0.0399999991	2.0	1.57079637	82.0
2480.7190079996362	0.3429999949999001	gratings	212.0	0.342999995	359.0	0.0	0.0	1.0	0.0399999991	2.0	1.57079637	82.0
2481.4190079998225	0.3429999949999001	gratings	204.0	0.342999995	359.0	0.0	0.0	1.0	0.0399999991	2.0	1.57079637	82.0
2482.1190080000088	0.3429999949999001	gratings	1009.0	0.342999995	359.0	0.0	0.0	1.0	0.0399999991	2.0	1.57079637	82.0
2482.8190079992637	0.3429999949999001	gratings	1292.0	0.342999995	359.0	0.0	0.0	1.0	0.0399999991	2.0	1.57079637	82.0
2483.51900799945	0.3429999949999001	gratings	835.0	0.342999995	359.0	0.0	0.0	1.0	0.0399999991	2.0	1.57079637	82.0
2484.2190079996362	0.3429999949999001	gratings	1331.0	0.342999995	359.0	0.0	0.0	1.0	0.0399999991	2.0	1.57079637	82.0
2484.9190079998225	0.3429999949999001	gratings	351.0	0.342999995	359.0	0.0	0.0	1.0	0.0399999991	2.0	1.57079637	82.0
2485.6190080000088	0.3429999949999001	gratings	1306.0	0.342999995	359.0	0.0	0.0	1.0	0.0399999991	2.0	1.57079637	82.0
2486.3190079992637	0.3429999949999001	gratings	353.0	0.342999995	359.0	0.0	0.0	1.0	0.0399999991	2.0	1.57079637	82.0
2487.019999999553	0.3429999949999001	gratings	1274.0	0.342999995	359.0	0.0	0.0	1.0	0.0399999991	2.0	1.57079637	82.0
2487.7190079996362	0.3429999949999001	gratings	742.0	0.342999995	359.0	0.0	0.0	1.0	0.0399999991	2.0	1.57079637	82.0
2488.4190079998225	0.3429999949999001	gratings	1346.0	0.342999995	359.0	0.0	0.0	1.0	0.0399999991	2.0	1.57079637	82.0
2489.1190080000088	0.3429999949999001	gratings	1148.0	0.342999995	359.0	0.0	0.0	1.0	0.0399999991	2.0	1.57079637	82.0
2489.8199999993667	0.3429999949999001	gratings	327.0	0.342999995	359.0	0.0	0.0	1.0	0.0399999991	2.0	1.57079637	82.0
2490.51900799945	0.3429999949999001	gratings	1422.0	0.342999995	359.0	0.0	0.0	1.0	0.0399999991	2.0	1.57079637	-1.0
2491.2199999997392	0.3429999949999001	gratings	1228.0	0.342999995	359.0	0.0	0.0	1.0	0.0399999991	2.0	1.57079637	83.0
2491.9190079998225	0.3429999949999001	gratings	972.0	0.342999995	359.0	0.0	0.0	1.0	0.0399999991	2.0	1.57079637	83.0
2492.6200000001118	0.3429999949999001	gratings	758.0	0.342999995	359.0	0.0	0.0	1.0	0.0399999991	2.0	1.57079637	83.0
2493.3190079992637	0.3429999949999001	gratings	1522.0	0.342999995	359.0	0.0	0.0	1.0	0.0399999991	2.0	1.57079637	83.0
2494.019999999553	0.3429999949999001	gratings	783.0	0.342999995	359.0	0.0	0.0	1.0	0.0399999991	2.0	1.57079637	83.0
2494.7190079996362	0.3429999949999001	gratings	553.0	0.342999995	359.0	0.0	0.0	1.0	0.0399999991	2.0	1.57079637	83.0
2495.4199999999255	0.3429999949999001	gratings	700.0	0.342999995	359.0	0.0	0.0	1.0	0.0399999991	2.0	1.57079637	83.0
2496.1200000001118	0.3429999949999001	gratings	1165.0	0.342999995	359.0	0.0	0.0	1.0	0.0399999991	2.0	1.57079637	83.0
2496.8199999993667	0.3429999949999001	gratings	1273.0	0.342999995	359.0	0.0	0.0	1.0	0.0399999991	2.0	1.57079637	83.0
2497.519999999553	0.3429999949999001	gratings	795.0	0.342999995	359.0	0.0	0.0	1.0	0.0399999991	2.0	1.57079637	83.0
2498.2199999997392	0.3429999949999001	gratings	1413.0	0.342999995	359.0	0.0	0.0	1.0	0.0399999991	2.0	1.57079637	83.0
2498.9199999999255	0.3429999949999001	gratings	307.0	0.342999995	359.0	0.0	0.0	1.0	0.0399999991	2.0	1.57079637	83.0
2499.6200000001118	0.3429999949999001	gratings	594.0	0.342999995	359.0	0.0	0.0	1.0	0.0399999991	2.0	1.57079637	83.0
2500.3199999993667	0.3429999949999001	gratings	399.0	0.342999995	359.0	0.0	0.0	1.0	0.0399999991	2.0	1.57079637	83.0
2501.019999999553	0.3429999949999001	gratings	661.0	0.342999995	359.0	0.0	0.0	1.0	0.0399999991	2.0	1.57079637	83.0
2501.7199999997392	0.3429999949999001	gratings	743.0	0.342999995	359.0	0.0	0.0	1.0	0.0399999991	2.0	1.57079637	83.0
2502.4199999999255	0.3429999949999001	gratings	1359.0	0.342999995	359.0	0.0	0.0	1.0	0.0399999991	2.0	1.57079637	83.0
2503.1200000001118	0.3429999949999001	gratings	786.0	0.342999995	359.0	0.0	0.0	1.0	0.0399999991	2.0	1.57079637	83.0
2503.8199999993667	0.3429999949999001	gratings	1303.0	0.342999995	359.0	0.0	0.0	1.0	0.0399999991	2.0	1.57079637	83.0
2504.519999999553	0.3429999949999001	gratings	176.0	0.342999995	359.0	0.0	0.0	1.0	0.0399999991	2.0	1.57079637	83.0
2505.2199999997392	0.3429999949999001	gratings	130.0	0.342999995	359.0	0.0	0.0	1.0	0.0399999991	2.0	1.57079637	83.0
2505.9199999999255	0.3429999949999001	gratings	1093.0	0.342999995	359.0	0.0	0.0	1.0	0.0399999991	2.0	1.57079637	83.0
2506.6200000001118	0.3429999949999001	gratings	1452.0	0.342999995	359.0	0.0	0.0	1.0	0.0399999991	2.0	1.57079637	83.0
2507.3199999993667	0.3429999949999001	gratings	1072.0	0.342999995	359.0	0.0	0.0	1.0	0.0399999991	2.0	1.57079637	83.0
2508.019999999553	0.3429999949999001	gratings	894.0	0.342999995	359.0	0.0	0.0	1.0	0.0399999991	2.0	1.57079637	83.0
2508.7199999997392	0.3429999949999001	gratings	264.0	0.342999995	359.0	0.0	0.0	1.0	0.0399999991	2.0	1.57079637	83.0
2509.4199999999255	0.3429999949999001	gratings	1362.0	0.342999995	359.0	0.0	0.0	1.0	0.0399999991	2.0	1.57079637	83.0
2510.1200000001118	0.3429999949999001	gratings	1290.0	0.342999995	359.0	0.0	0.0	1.0	0.0399999991	2.0	1.57079637	83.0
2510.8199999993667	0.3429999949999001	gratings	1121.0	0.342999995	359.0	0.0	0.0	1.0	0.0399999991	2.0	1.57079637	83.0
2511.519999999553	0.3429999949999001	gratings	241.0	0.342999995	359.0	0.0	0.0	1.0	0.0399999991	2.0	1.57079637	83.0
2512.2199999997392	0.3429999949999001	gratings	865.0	0.342999995	359.0	0.0	0.0	1.0	0.0399999991	2.0	1.57079637	83.0
2512.9199999999255	0.3429999949999001	gratings	1231.0	0.342999995	359.0	0.0	0.0	1.0	0.0399999991	2.0	1.57079637	83.0
2513.6200000001118	0.3429999949999001	gratings	1287.0	0.342999995	359.0	0.0	0.0	1.0	0.0399999991	2.0	1.57079637	83.0
2514.3199999993667	0.3429999949999001	gratings	174.0	0.342999995	359.0	0.0	0.0	1.0	0.0399999991	2.0	1.57079637	83.0
2515.019999999553	0.3429999949999001	gratings	1493.0	0.342999995	359.0	0.0	0.0	1.0	0.0399999991	2.0	1.57079637	83.0
2515.7199999997392	0.3429999949999001	gratings	232.0	0.342999995	359.0	0.0	0.0	1.0	0.0399999991	2.0	1.57079637	83.0
2516.4199999999255	0.3429999949999001	gratings	917.0	0.342999995	359.0	0.0	0.0	1.0	0.0399999991	2.0	1.57079637	83.0
2517.1200000001118	0.3429999949999001	gratings	217.0	0.342999995	359.0	0.0	0.0	1.0	0.0399999991	2.0	1.57079637	83.0
2517.8199999993667	0.3429999949999001	gratings	277.0	0.342999995	359.0	0.0	0.0	1.0	0.0399999991	2.0	1.57079637	83.0
2518.519999999553	0.3429999949999001	gratings	808.0	0.342999995	359.0	0.0	0.0	1.0	0.0399999991	2.0	1.57079637	83.0
2519.2199999997392	0.3429999949999001	gratings	1033.0	0.342999995	359.0	0.0	0.0	1.0	0.0399999991	2.0	1.57079637	83.0
2519.9199999999255	0.3429999949999001	gratings	1052.0	0.342999995	359.0	0.0	0.0	1.0	0.0399999991	2.0	1.57079637	83.0
2520.6200000001118	0.3429999949999001	gratings	1173.0	0.342999995	359.0	0.0	0.0	1.0	0.0399999991	2.0	1.57079637	84.0
2521.3199999993667	0.3429999949999001	gratings	1090.0	0.342999995	359.0	0.0	0.0	1.0	0.0399999991	2.0	1.57079637	84.0
2522.019999999553	0.3429999949999001	gratings	618.0	0.342999995	359.0	0.0	0.0	1.0	0.0399999991	2.0	1.57079637	84.0
2522.7199999997392	0.3429999949999001	gratings	1085.0	0.342999995	359.0	0.0	0.0	1.0	0.0399999991	2.0	1.57079637	84.0
2523.4199999999255	0.3429999949999001	gratings	85.0	0.342999995	359.0	0.0	0.0	1.0	0.0399999991	2.0	1.57079637	84.0
2524.1200000001118	0.3429999949999001	gratings	542.0	0.342999995	359.0	0.0	0.0	1.0	0.0399999991	2.0	1.57079637	84.0
2524.8199999993667	0.3429999949999001	gratings	720.0	0.342999995	359.0	0.0	0.0	1.0	0.0399999991	2.0	1.57079637	84.0
2525.519999999553	0.3429999949999001	gratings	930.0	0.342999995	359.0	0.0	0.0	1.0	0.0399999991	2.0	1.57079637	84.0
2526.2199999997392	0.3429999949999001	gratings	1491.0	0.342999995	359.0	0.0	0.0	1.0	0.0399999991	2.0	1.57079637	84.0
2526.9199999999255	0.3429999949999001	gratings	903.0	0.342999995	359.0	0.0	0.0	1.0	0.0399999991	2.0	1.57079637	84.0
2527.6200000001118	0.3429999949999001	gratings	948.0	0.342999995	359.0	0.0	0.0	1.0	0.0399999991	2.0	1.57079637	84.0
2528.3199999993667	0.3429999949999001	gratings	1152.0	0.342999995	359.0	0.0	0.0	1.0	0.0399999991	2.0	1.57079637	84.0
2529.019999999553	0.3429999949999001	gratings	801.0	0.342999995	359.0	0.0	0.0	1.0	0.0399999991	2.0	1.57079637	84.0
2529.7199999997392	0.3429999949999001	gratings	359.0	0.342999995	359.0	0.0	0.0	1.0	0.0399999991	2.0	1.57079637	84.0
2530.4199999999255	0.3429999949999001	gratings	1233.0	0.342999995	359.0	0.0	0.0	1.0	0.0399999991	2.0	1.57079637	84.0
2531.1200000001118	0.3429999949999001	gratings	686.0	0.342999995	359.0	0.0	0.0	1.0	0.0399999991	2.0	1.57079637	84.0
2531.8199999993667	0.3429999949999001	gratings	1426.0	0.342999995	359.0	0.0	0.0	1.0	0.0399999991	2.0	1.57079637	84.0
2532.519999999553	0.3429999949999001	gratings	739.0	0.342999995	359.0	0.0	0.0	1.0	0.0399999991	2.0	1.57079637	84.0
2533.2199999997392	0.3429999949999001	gratings	564.0	0.342999995	359.0	0.0	0.0	1.0	0.0399999991	2.0	1.57079637	84.0
2533.9199999999255	0.3429999949999001	gratings	569.0	0.342999995	359.0	0.0	0.0	1.0	0.0399999991	2.0	1.57079637	84.0
2534.6200000001118	0.3429999949999001	gratings	957.0	0.342999995	359.0	0.0	0.0	1.0	0.0399999991	2.0	1.57079637	84.0
2535.3199999993667	0.3429999949999001	gratings	196.0	0.342999995	359.0	0.0	0.0	1.0	0.0399999991	2.0	1.57079637	84.0
2536.019999999553	0.3429999949999001	gratings	1252.0	0.342999995	359.0	0.0	0.0	1.0	0.0399999991	2.0	1.57079637	84.0
2536.7199999997392	0.3429999949999001	gratings	665.0	0.342999995	359.0	0.0	0.0	1.0	0.0399999991	2.0	1.57079637	84.0
2537.4199999999255	0.3429999949999001	gratings	1282.0	0.342999995	359.0	0.0	0.0	1.0	0.0399999991	2.0	1.57079637	84.0
2538.1200000001118	0.3429999949999001	gratings	608.0	0.342999995	359.0	0.0	0.0	1.0	0.0399999991	2.0	1.57079637	84.0
2538.8199999993667	0.3429999949999001	gratings	778.0	0.342999995	359.0	0.0	0.0	1.0	0.0399999991	2.0	1.57079637	84.0
2539.519999999553	0.3429999949999001	gratings	1307.0	0.342999995	359.0	0.0	0.0	1.0	0.0399999991	2.0	1.57079637	84.0
2540.2199999997392	0.3429999949999001	gratings	1243.0	0.342999995	359.0	0.0	0.0	1.0	0.0399999991	2.0	1.57079637	84.0
2540.9199999999255	0.3429999949999001	gratings	1293.0	0.342999995	359.0	0.0	0.0	1.0	0.0399999991	2.0	1.57079637	84.0
2541.6200000001118	0.3429999949999001	gratings	1108.0	0.342999995	359.0	0.0	0.0	1.0	0.0399999991	2.0	1.57079637	84.0
2542.3199999993667	0.3429999949999001	gratings	1089.0	0.342999995	359.0	0.0	0.0	1.0	0.0399999991	2.0	1.57079637	84.0
2543.019999999553	0.3429999949999001	gratings	907.0	0.342999995	359.0	0.0	0.0	1.0	0.0399999991	2.0	1.57079637	84.0
2543.7199999997392	0.3429999949999001	gratings	975.0	0.342999995	359.0	0.0	0.0	1.0	0.0399999991	2.0	1.57079637	84.0
2544.4199999999255	0.3429999949999001	gratings	1069.0	0.342999995	359.0	0.0	0.0	1.0	0.0399999991	2.0	1.57079637	84.0
2545.1200000001118	0.3429999949999001	gratings	1038.0	0.342999995	359.0	0.0	0.0	1.0	0.0399999991	2.0	1.57079637	84.0
2545.8199999993667	0.3429999949999001	gratings	54.0	0.342999995	359.0	0.0	0.0	0.0	0.0399999991	2.0	0.0	84.0
2546.519999999553	0.3429999949999001	gratings	572.0	0.342999995	359.0	0.0	0.0	1.0	0.0399999991	2.0	1.57079637	84.0
2547.2199999997392	0.3429999949999001	gratings	1238.0	0.342999995	359.0	0.0	0.0	1.0	0.0399999991	2.0	1.57079637	84.0
2547.9199999999255	0.3429999949999001	gratings	725.0	0.342999995	359.0	0.0	0.0	1.0	0.0399999991	2.0	1.57079637	84.0
2548.6200000001118	0.3429999949999001	gratings	310.0	0.342999995	359.0	0.0	0.0	1.0	0.0399999991	2.0	1.57079637	84.0
2549.3199999993667	0.3429999949999001	gratings	363.0	0.342999995	359.0	0.0	0.0	1.0	0.0399999991	2.0	1.57079637	84.0
2550.019999999553	0.3429999949999001	gratings	1294.0	0.342999995	359.0	0.0	0.0	1.0	0.0399999991	2.0	1.57079637	-1.0
2550.7199999997392	0.3429999949999001	gratings	1235.0	0.342999995	359.0	0.0	0.0	1.0	0.0399999991	2.0	1.57079637	85.0
2551.4199999999255	0.3429999949999001	gratings	1404.0	0.342999995	359.0	0.0	0.0	1.0	0.0399999991	2.0	1.57079637	85.0
2552.1200000001118	0.3429999949999001	gratings	555.0	0.342999995	359.0	0.0	0.0	1.0	0.0399999991	2.0	1.57079637	85.0
2552.8199999993667	0.3429999949999001	gratings	1372.0	0.342999995	359.0	0.0	0.0	1.0	0.0399999991	2.0	1.57079637	85.0
2553.519999999553	0.3429999949999001	gratings	525.0	0.342999995	359.0	0.0	0.0	1.0	0.0399999991	2.0	1.57079637	85.0
2554.2199999997392	0.3429999949999001	gratings	969.0	0.342999995	359.0	0.0	0.0	1.0	0.0399999991	2.0	1.57079637	85.0
2554.9199999999255	0.3429999949999001	gratings	580.0	0.342999995	359.0	0.0	0.0	1.0	0.0399999991	2.0	1.57079637	85.0
2555.6200000001118	0.3429999949999001	gratings	1506.0	0.342999995	359.0	0.0	0.0	1.0	0.0399999991	2.0	1.57079637	85.0
2556.3199999993667	0.3429999949999001	gratings	185.0	0.342999995	359.0	0.0	0.0	1.0	0.0399999991	2.0	1.57079637	85.0
2557.019999999553	0.3429999949999001	gratings	203.0	0.342999995	359.0	0.0	0.0	1.0	0.0399999991	2.0	1.57079637	85.0
2557.7199999997392	0.3429999949999001	gratings	1096.0	0.342999995	359.0	0.0	0.0	1.0	0.0399999991	2.0	1.57079637	85.0
2558.4199999999255	0.3429999949999001	gratings	1260.0	0.342999995	359.0	0.0	0.0	1.0	0.0399999991	2.0	1.57079637	85.0
2559.1200000001118	0.3429999949999001	gratings	666.0	0.342999995	359.0	0.0	0.0	1.0	0.0399999991	2.0	1.57079637	85.0
2559.8199999993667	0.3429999949999001	gratings	163.0	0.342999995	359.0	0.0	0.0	1.0	0.0399999991	2.0	1.57079637	85.0
2560.519999999553	0.3429999949999001	gratings	1480.0	0.342999995	359.0	0.0	0.0	1.0	0.0399999991	2.0	1.57079637	85.0
2561.2199999997392	0.3429999949999001	gratings	318.0	0.342999995	359.0	0.0	0.0	1.0	0.0399999991	2.0	1.57079637	85.0
2561.9199999999255	0.3429999949999001	gratings	944.0	0.342999995	359.0	0.0	0.0	1.0	0.0399999991	2.0	1.57079637	85.0
2562.6200000001118	0.3429999949999001	gratings	830.0	0.342999995	359.0	0.0	0.0	1.0	0.0399999991	2.0	1.57079637	85.0
2563.3199999993667	0.3429999949999001	gratings	459.0	0.342999995	359.0	0.0	0.0	1.0	0.0399999991	2.0	1.57079637	85.0
2564.019999999553	0.3429999949999001	gratings	1143.0	0.342999995	359.0	0.0	0.0	1.0	0.0399999991	2.0	1.57079637	85.0
2564.7199999997392	0.3429999949999001	gratings	372.0	0.342999995	359.0	0.0	0.0	1.0	0.0399999991	2.0	1.57079637	85.0
2565.4199999999255	0.3429999949999001	gratings	780.0	0.342999995	359.0	0.0	0.0	1.0	0.0399999991	2.0	1.57079637	85.0
2566.1200000001118	0.3429999949999001	gratings	673.0	0.342999995	359.0	0.0	0.0	1.0	0.0399999991	2.0	1.57079637	85.0
2566.8199999993667	0.3429999949999001	gratings	182.0	0.342999995	359.0	0.0	0.0	1.0	0.0399999991	2.0	1.57079637	85.0
2567.519999999553	0.3429999949999001	gratings	1438.0	0.342999995	359.0	0.0	0.0	1.0	0.0399999991	2.0	1.57079637	85.0
2568.2199999997392	0.3429999949999001	gratings	295.0	0.342999995	359.0	0.0	0.0	1.0	0.0399999991	2.0	1.57079637	85.0
2568.9199999999255	0.3429999949999001	gratings	1139.0	0.342999995	359.0	0.0	0.0	1.0	0.0399999991	2.0	1.57079637	85.0
2569.6200000001118	0.3429999949999001	gratings	1062.0	0.342999995	359.0	0.0	0.0	1.0	0.0399999991	2.0	1.57079637	85.0
2570.3199999993667	0.3429999949999001	gratings	109.0	0.342999995	359.0	0.0	0.0	0.0	0.0399999991	2.0	0.0	85.0
2571.019999999553	0.3429999949999001	gratings	387.0	0.342999995	359.0	0.0	0.0	1.0	0.0399999991	2.0	1.57079637	85.0
2571.7199999997392	0.3429999949999001	gratings	181.0	0.342999995	359.0	0.0	0.0	1.0	0.0399999991	2.0	1.57079637	85.0
2572.4199999999255	0.3429999949999001	gratings	1504.0	0.342999995	359.0	0.0	0.0	1.0	0.0399999991	2.0	1.57079637	85.0
2573.1200000001118	0.3429999949999001	gratings	16.0	0.342999995	359.0	0.0	0.0	1.0	0.0399999991	2.0	0.785398185	85.0
2573.8199999993667	0.3429999949999001	gratings	1526.0	0.342999995	359.0	0.0	0.0	1.0	0.0399999991	2.0	1.57079637	85.0
2574.519999999553	0.3429999949999001	gratings	78.0	0.342999995	359.0	0.0	0.0	1.0	0.0399999991	2.0	1.57079637	85.0
2575.2199999997392	0.3429999949999001	gratings	1319.0	0.342999995	359.0	0.0	0.0	1.0	0.0399999991	2.0	1.57079637	85.0
2575.9199999999255	0.3429999949999001	gratings	416.0	0.342999995	359.0	0.0	0.0	1.0	0.0399999991	2.0	1.57079637	85.0
2576.6200000001118	0.3429999949999001	gratings	12.0	0.342999995	359.0	0.0	0.0	1.0	0.0399999991	2.0	0.0	85.0
2577.3199999993667	0.3429999949999001	gratings	311.0	0.342999995	359.0	0.0	0.0	1.0	0.0399999991	2.0	1.57079637	85.0
2578.019999999553	0.3429999949999001	gratings	89.0	0.342999995	359.0	0.0	0.0	0.0	0.0399999991	2.0	0.0	85.0
2578.7199999997392	0.3429999949999001	gratings	288.0	0.342999995	359.0	0.0	0.0	1.0	0.0399999991	2.0	1.57079637	85.0
2579.4199999999255	0.3429999949999001	gratings	1029.0	0.342999995	359.0	0.0	0.0	1.0	0.0399999991	2.0	1.57079637	85.0
2580.1200000001118	0.3429999949999001	gratings	792.0	0.342999995	359.0	0.0	0.0	1.0	0.0399999991	2.0	1.57079637	-1.0
2580.8199999993667	0.3429999949999001	gratings	375.0	0.342999995	359.0	0.0	0.0	1.0	0.0399999991	2.0	1.57079637	86.0
2581.519999999553	0.3429999949999001	gratings	653.0	0.342999995	359.0	0.0	0.0	1.0	0.0399999991	2.0	1.57079637	86.0
2582.2199999997392	0.3429999949999001	gratings	857.0	0.342999995	359.0	0.0	0.0	1.0	0.0399999991	2.0	1.57079637	86.0
2582.9199999999255	0.3429999949999001	gratings	105.0	0.342999995	359.0	0.0	0.0	1.0	0.0399999991	2.0	1.57079637	86.0
2583.6200000001118	0.3429999949999001	gratings	1058.0	0.342999995	359.0	0.0	0.0	1.0	0.0399999991	2.0	1.57079637	86.0
2584.3199999993667	0.3429999949999001	gratings	1338.0	0.342999995	359.0	0.0	0.0	1.0	0.0399999991	2.0	1.57079637	86.0
2585.019999999553	0.3429999949999001	gratings	902.0	0.342999995	359.0	0.0	0.0	1.0	0.0399999991	2.0	1.57079637	86.0
2585.7199999997392	0.3429999949999001	gratings	1123.0	0.342999995	359.0	0.0	0.0	1.0	0.0399999991	2.0	1.57079637	86.0
2586.4199999999255	0.3429999949999001	gratings	764.0	0.342999995	359.0	0.0	0.0	1.0	0.0399999991	2.0	1.57079637	86.0
2587.1200000001118	0.3429999949999001	gratings	604.0	0.342999995	359.0	0.0	0.0	1.0	0.0399999991	2.0	1.57079637	86.0
2587.8199999993667	0.3429999949999001	gratings	806.0	0.342999995	359.0	0.0	0.0	1.0	0.0399999991	2.0	1.57079637	86.0
2588.519999999553	0.3429999949999001	gratings	168.0	0.342999995	359.0	0.0	0.0	1.0	0.0399999991	2.0	1.57079637	86.0
2589.2199999997392	0.3429999949999001	gratings	299.0	0.342999995	359.0	0.0	0.0	1.0	0.0399999991	2.0	1.57079637	86.0
2589.9199999999255	0.3429999949999001	gratings	157.0	0.342999995	359.0	0.0	0.0	1.0	0.0399999991	2.0	1.57079637	86.0
2590.6200000001118	0.3429999949999001	gratings	1168.0	0.342999995	359.0	0.0	0.0	1.0	0.0399999991	2.0	1.57079637	86.0
2591.3199999993667	0.3429999949999001	gratings	283.0	0.342999995	359.0	0.0	0.0	1.0	0.0399999991	2.0	1.57079637	86.0
2592.019999999553	0.3429999949999001	gratings	218.0	0.342999995	359.0	0.0	0.0	1.0	0.0399999991	2.0	1.57079637	86.0
2592.7199999997392	0.3429999949999001	gratings	648.0	0.342999995	359.0	0.0	0.0	1.0	0.0399999991	2.0	1.57079637	86.0
2593.4199999999255	0.3429999949999001	gratings	252.0	0.342999995	359.0	0.0	0.0	1.0	0.0399999991	2.0	1.57079637	86.0
2594.1200000001118	0.3429999949999001	gratings	1317.0	0.342999995	359.0	0.0	0.0	1.0	0.0399999991	2.0	1.57079637	86.0
2594.8199999993667	0.3429999949999001	gratings	132.0	0.342999995	359.0	0.0	0.0	1.0	0.0399999991	2.0	0.0	86.0
2595.519999999553	0.3429999949999001	gratings	1201.0	0.342999995	359.0	0.0	0.0	1.0	0.0399999991	2.0	1.57079637	86.0
2596.2199999997392	0.3429999949999001	gratings	291.0	0.342999995	359.0	0.0	0.0	1.0	0.0399999991	2.0	1.57079637	86.0
2596.9199999999255	0.3429999949999001	gratings	664.0	0.342999995	359.0	0.0	0.0	1.0	0.0399999991	2.0	1.57079637	86.0
2597.6200000001118	0.3429999949999001	gratings	1007.0	0.342999995	359.0	0.0	0.0	1.0	0.0399999991	2.0	1.57079637	86.0
2598.3199999993667	0.3429999949999001	gratings	1419.0	0.342999995	359.0	0.0	0.0	1.0	0.0399999991	2.0	1.57079637	86.0
2599.019999999553	0.3429999949999001	gratings	619.0	0.342999995	359.0	0.0	0.0	1.0	0.0399999991	2.0	1.57079637	86.0
2599.7199999997392	0.3429999949999001	gratings	421.0	0.342999995	359.0	0.0	0.0	1.0	0.0399999991	2.0	1.57079637	86.0
2600.4199999999255	0.3429999949999001	gratings	211.0	0.342999995	359.0	0.0	0.0	1.0	0.0399999991	2.0	1.57079637	86.0
2601.1200000001118	0.3429999949999001	gratings	926.0	0.342999995	359.0	0.0	0.0	1.0	0.0399999991	2.0	1.57079637	86.0
2601.8199999993667	0.3429999949999001	gratings	433.0	0.342999995	359.0	0.0	0.0	1.0	0.0399999991	2.0	1.57079637	86.0
2602.519999999553	0.3429999949999001	gratings	1392.0	0.342999995	359.0	0.0	0.0	1.0	0.0399999991	2.0	1.57079637	86.0
2603.2199999997392	0.3429999949999001	gratings	761.0	0.342999995	359.0	0.0	0.0	1.0	0.0399999991	2.0	1.57079637	86.0
2603.9199999999255	0.3429999949999001	gratings	369.0	0.342999995	359.0	0.0	0.0	1.0	0.0399999991	2.0	1.57079637	86.0
2604.6200000001118	0.3429999949999001	gratings	1436.0	0.342999995	359.0	0.0	0.0	1.0	0.0399999991	2.0	1.57079637	86.0
2605.3199999993667	0.3429999949999001	gratings	747.0	0.342999995	359.0	0.0	0.0	1.0	0.0399999991	2.0	1.57079637	86.0
2606.019999999553	0.3429999949999001	gratings	447.0	0.342999995	359.0	0.0	0.0	1.0	0.0399999991	2.0	1.57079637	86.0
2606.7199999997392	0.3429999949999001	gratings	546.0	0.342999995	359.0	0.0	0.0	1.0	0.0399999991	2.0	1.57079637	86.0
2607.4199999999255	0.3429999949999001	gratings	650.0	0.342999995	359.0	0.0	0.0	1.0	0.0399999991	2.0	1.57079637	86.0
2608.1200000001118	0.3429999949999001	gratings	788.0	0.342999995	359.0	0.0	0.0	1.0	0.0399999991	2.0	1.57079637	86.0
2608.8199999993667	0.3429999949999001	gratings	821.0	0.342999995	359.0	0.0	0.0	1.0	0.0399999991	2.0	1.57079637	86.0
2609.519999999553	0.3429999949999001	gratings	557.0	0.342999995	359.0	0.0	0.0	1.0	0.0399999991	2.0	1.57079637	86.0
2610.2199999997392	0.3429999949999001	gratings	123.0	0.342999995	359.0	0.0	0.0	1.0	0.0399999991	2.0	1.57079637	-1.0
2610.9199999999255	0.3429999949999001	gratings	849.0	0.342999995	359.0	0.0	0.0	1.0	0.0399999991	2.0	1.57079637	87.0
2611.6200000001118	0.3429999949999001	gratings	702.0	0.342999995	359.0	0.0	0.0	1.0	0.0399999991	2.0	1.57079637	87.0
2612.3199999993667	0.3429999949999001	gratings	1388.0	0.342999995	359.0	0.0	0.0	1.0	0.0399999991	2.0	1.57079637	87.0
2613.019999999553	0.3429999949999001	gratings	386.0	0.342999995	359.0	0.0	0.0	1.0	0.0399999991	2.0	1.57079637	87.0
2613.7199999997392	0.3429999949999001	gratings	1416.0	0.342999995	359.0	0.0	0.0	1.0	0.0399999991	2.0	1.57079637	87.0
2614.4209920000285	0.3429999949999001	gratings	1042.0	0.342999995	359.0	0.0	0.0	1.0	0.0399999991	2.0	1.57079637	87.0
2615.1200000001118	0.3429999949999001	gratings	231.0	0.342999995	359.0	0.0	0.0	1.0	0.0399999991	2.0	1.57079637	87.0
2615.8199999993667	0.3429999949999001	gratings	304.0	0.342999995	359.0	0.0	0.0	1.0	0.0399999991	2.0	1.57079637	87.0
2616.519999999553	0.3429999949999001	gratings	728.0	0.342999995	359.0	0.0	0.0	1.0	0.0399999991	2.0	1.57079637	87.0
2617.2199999997392	0.3429999949999001	gratings	873.0	0.342999995	359.0	0.0	0.0	1.0	0.0399999991	2.0	1.57079637	87.0
2617.9199999999255	0.3429999949999001	gratings	531.0	0.342999995	359.0	0.0	0.0	1.0	0.0399999991	2.0	1.57079637	87.0
2618.6209919992834	0.3429999949999001	gratings	308.0	0.342999995	359.0	0.0	0.0	1.0	0.0399999991	2.0	1.57079637	87.0
2619.3199999993667	0.3429999949999001	gratings	177.0	0.342999995	359.0	0.0	0.0	1.0	0.0399999991	2.0	1.57079637	87.0
2620.020991999656	0.3429999949999001	gratings	582.0	0.342999995	359.0	0.0	0.0	1.0	0.0399999991	2.0	1.57079637	87.0
2620.720991999842	0.3429999949999001	gratings	1347.0	0.342999995	359.0	0.0	0.0	1.0	0.0399999991	2.0	1.57079637	87.0
2621.4209920000285	0.3429999949999001	gratings	1432.0	0.342999995	359.0	0.0	0.0	1.0	0.0399999991	2.0	1.57079637	87.0
2622.1209919992834	0.3429999949999001	gratings	1350.0	0.342999995	359.0	0.0	0.0	1.0	0.0399999991	2.0	1.57079637	87.0
2622.8209919994697	0.3429999949999001	gratings	962.0	0.342999995	359.0	0.0	0.0	1.0	0.0399999991	2.0	1.57079637	87.0
2623.520991999656	0.3429999949999001	gratings	641.0	0.342999995	359.0	0.0	0.0	1.0	0.0399999991	2.0	1.57079637	87.0
2624.220991999842	0.3429999949999001	gratings	840.0	0.342999995	359.0	0.0	0.0	1.0	0.0399999991	2.0	1.57079637	87.0
2624.9209920000285	0.3429999949999001	gratings	233.0	0.342999995	359.0	0.0	0.0	1.0	0.0399999991	2.0	1.57079637	87.0
2625.6209919992834	0.3429999949999001	gratings	1178.0	0.342999995	359.0	0.0	0.0	1.0	0.0399999991	2.0	1.57079637	87.0
2626.3209919994697	0.3429999949999001	gratings	1226.0	0.342999995	359.0	0.0	0.0	1.0	0.0399999991	2.0	1.57079637	87.0
2627.020991999656	0.3429999949999001	gratings	983.0	0.342999995	359.0	0.0	0.0	1.0	0.0399999991	2.0	1.57079637	87.0
2627.720991999842	0.3429999949999001	gratings	722.0	0.342999995	359.0	0.0	0.0	1.0	0.0399999991	2.0	1.57079637	87.0
2628.4209920000285	0.3429999949999001	gratings	61.0	0.342999995	359.0	0.0	0.0	1.0	0.0399999991	2.0	0.785398185	87.0
2629.1209919992834	0.3429999949999001	gratings	576.0	0.342999995	359.0	0.0	0.0	1.0	0.0399999991	2.0	1.57079637	87.0
2629.8209919994697	0.3429999949999001	gratings	544.0	0.342999995	359.0	0.0	0.0	1.0	0.0399999991	2.0	1.57079637	87.0
2630.520991999656	0.3429999949999001	gratings	550.0	0.342999995	359.0	0.0	0.0	1.0	0.0399999991	2.0	1.57079637	87.0
2631.220991999842	0.3429999949999001	gratings	530.0	0.342999995	359.0	0.0	0.0	1.0	0.0399999991	2.0	1.57079637	87.0
2631.9209920000285	0.3429999949999001	gratings	146.0	0.342999995	359.0	0.0	0.0	1.0	0.0399999991	2.0	0.785398185	87.0
2632.6209919992834	0.3429999949999001	gratings	1224.0	0.342999995	359.0	0.0	0.0	1.0	0.0399999991	2.0	1.57079637	87.0
2633.3209919994697	0.3429999949999001	gratings	460.0	0.342999995	359.0	0.0	0.0	1.0	0.0399999991	2.0	1.57079637	87.0
2634.020991999656	0.3429999949999001	gratings	1520.0	0.342999995	359.0	0.0	0.0	1.0	0.0399999991	2.0	1.57079637	87.0
2634.720991999842	0.3429999949999001	gratings	179.0	0.342999995	359.0	0.0	0.0	1.0	0.0399999991	2.0	1.57079637	87.0
2635.4209920000285	0.3429999949999001	gratings	663.0	0.342999995	359.0	0.0	0.0	1.0	0.0399999991	2.0	1.57079637	87.0
2636.1209919992834	0.3429999949999001	gratings	193.0	0.342999995	359.0	0.0	0.0	1.0	0.0399999991	2.0	1.57079637	87.0
2636.8209919994697	0.3429999949999001	gratings	390.0	0.342999995	359.0	0.0	0.0	1.0	0.0399999991	2.0	1.57079637	87.0
2637.520991999656	0.3429999949999001	gratings	706.0	0.342999995	359.0	0.0	0.0	1.0	0.0399999991	2.0	1.57079637	87.0
2638.220991999842	0.3429999949999001	gratings	374.0	0.342999995	359.0	0.0	0.0	1.0	0.0399999991	2.0	1.57079637	87.0
2638.9209920000285	0.3429999949999001	gratings	358.0	0.342999995	359.0	0.0	0.0	1.0	0.0399999991	2.0	1.57079637	87.0
2639.6209919992834	0.3429999949999001	gratings	1411.0	0.342999995	359.0	0.0	0.0	1.0	0.0399999991	2.0	1.57079637	87.0
2640.3209919994697	0.3429999949999001	gratings	269.0	0.342999995	359.0	0.0	0.0	1.0	0.0399999991	2.0	1.57079637	-1.0
2641.020991999656	0.3429999949999001	gratings	2.0	0.342999995	359.0	0.0	0.0	1.0	0.0399999991	2.0	0.0	88.0
2641.720991999842	0.3429999949999001	gratings	668.0	0.342999995	359.0	0.0	0.0	1.0	0.0399999991	2.0	1.57079637	88.0
2642.4209920000285	0.3429999949999001	gratings	395.0	0.342999995	359.0	0.0	0.0	1.0	0.0399999991	2.0	1.57079637	88.0
2643.1209919992834	0.3429999949999001	gratings	571.0	0.342999995	359.0	0.0	0.0	1.0	0.0399999991	2.0	1.57079637	88.0
2643.8209919994697	0.3429999949999001	gratings	461.0	0.342999995	359.0	0.0	0.0	1.0	0.0399999991	2.0	1.57079637	88.0
2644.520991999656	0.3429999949999001	gratings	293.0	0.342999995	359.0	0.0	0.0	1.0	0.0399999991	2.0	1.57079637	88.0
2645.220991999842	0.3429999949999001	gratings	404.0	0.342999995	359.0	0.0	0.0	1.0	0.0399999991	2.0	1.57079637	88.0
2645.9209920000285	0.3429999949999001	gratings	494.0	0.342999995	359.0	0.0	0.0	1.0	0.0399999991	2.0	1.57079637	88.0
2646.6209919992834	0.3429999949999001	gratings	1239.0	0.342999995	359.0	0.0	0.0	1.0	0.0399999991	2.0	1.57079637	88.0
2647.3209919994697	0.3429999949999001	gratings	106.0	0.342999995	359.0	0.0	0.0	1.0	0.0399999991	2.0	0.785398185	88.0
2648.020991999656	0.3429999949999001	gratings	890.0	0.342999995	359.0	0.0	0.0	1.0	0.0399999991	2.0	1.57079637	88.0
2648.720991999842	0.3429999949999001	gratings	816.0	0.342999995	359.0	0.0	0.0	1.0	0.0399999991	2.0	1.57079637	88.0
2649.4209920000285	0.3429999949999001	gratings	53.0	0.342999995	359.0	0.0	0.0	1.0	0.0399999991	2.0	1.57079637	88.0
2650.1209919992834	0.3429999949999001	gratings	1395.0	0.342999995	359.0	0.0	0.0	1.0	0.0399999991	2.0	1.57079637	88.0
2650.8209919994697	0.3429999949999001	gratings	52.0	0.342999995	359.0	0.0	0.0	1.0	0.0399999991	2.0	0.0	88.0
2651.520991999656	0.3429999949999001	gratings	58.0	0.342999995	359.0	0.0	0.0	1.0	0.0399999991	2.0	1.57079637	88.0
2652.220991999842	0.3429999949999001	gratings	612.0	0.342999995	359.0	0.0	0.0	1.0	0.0399999991	2.0	1.57079637	88.0
2652.9209920000285	0.3429999949999001	gratings	1039.0	0.342999995	359.0	0.0	0.0	1.0	0.0399999991	2.0	1.57079637	88.0
2653.6209919992834	0.3429999949999001	gratings	1202.0	0.342999995	359.0	0.0	0.0	1.0	0.0399999991	2.0	1.57079637	88.0
2654.3209919994697	0.3429999949999001	gratings	539.0	0.342999995	359.0	0.0	0.0	1.0	0.0399999991	2.0	1.57079637	88.0
2655.020991999656	0.3429999949999001	gratings	1308.0	0.342999995	359.0	0.0	0.0	1.0	0.0399999991	2.0	1.57079637	88.0
2655.720991999842	0.3429999949999001	gratings	636.0	0.342999995	359.0	0.0	0.0	1.0	0.0399999991	2.0	1.57079637	88.0
2656.4209920000285	0.3429999949999001	gratings	492.0	0.342999995	359.0	0.0	0.0	1.0	0.0399999991	2.0	1.57079637	88.0
2657.1209919992834	0.3429999949999001	gratings	738.0	0.342999995	359.0	0.0	0.0	1.0	0.0399999991	2.0	1.57079637	88.0
2657.8209919994697	0.3429999949999001	gratings	871.0	0.342999995	359.0	0.0	0.0	1.0	0.0399999991	2.0	1.57079637	88.0
2658.520991999656	0.3429999949999001	gratings	331.0	0.342999995	359.0	0.0	0.0	1.0	0.0399999991	2.0	1.57079637	88.0
2659.220991999842	0.3429999949999001	gratings	1146.0	0.342999995	359.0	0.0	0.0	1.0	0.0399999991	2.0	1.57079637	88.0
2659.9209920000285	0.3429999949999001	gratings	373.0	0.342999995	359.0	0.0	0.0	1.0	0.0399999991	2.0	1.57079637	88.0
2660.6209919992834	0.3429999949999001	gratings	1253.0	0.342999995	359.0	0.0	0.0	1.0	0.0399999991	2.0	1.57079637	88.0
2661.3209919994697	0.3429999949999001	gratings	1025.0	0.342999995	359.0	0.0	0.0	1.0	0.0399999991	2.0	1.57079637	88.0
2662.020991999656	0.3429999949999001	gratings	25.0	0.342999995	359.0	0.0	0.0	1.0	0.0399999991	2.0	1.57079637	88.0
2662.720991999842	0.3429999949999001	gratings	464.0	0.342999995	359.0	0.0	0.0	1.0	0.0399999991	2.0	1.57079637	88.0
2663.4209920000285	0.3429999949999001	gratings	501.0	0.342999995	359.0	0.0	0.0	1.0	0.0399999991	2.0	1.57079637	88.0
2664.1209919992834	0.3429999949999001	gratings	1176.0	0.342999995	359.0	0.0	0.0	1.0	0.0399999991	2.0	1.57079637	88.0
2664.8209919994697	0.3429999949999001	gratings	402.0	0.342999995	359.0	0.0	0.0	1.0	0.0399999991	2.0	1.57079637	88.0
2665.520991999656	0.3429999949999001	gratings	1167.0	0.342999995	359.0	0.0	0.0	1.0	0.0399999991	2.0	1.57079637	88.0
2666.220991999842	0.3429999949999001	gratings	927.0	0.342999995	359.0	0.0	0.0	1.0	0.0399999991	2.0	1.57079637	88.0
2666.9209920000285	0.3429999949999001	gratings	844.0	0.342999995	359.0	0.0	0.0	1.0	0.0399999991	2.0	1.57079637	88.0
2667.6209919992834	0.3429999949999001	gratings	1465.0	0.342999995	359.0	0.0	0.0	1.0	0.0399999991	2.0	1.57079637	88.0
2668.3209919994697	0.3429999949999001	gratings	1337.0	0.342999995	359.0	0.0	0.0	1.0	0.0399999991	2.0	1.57079637	88.0
2669.020991999656	0.3429999949999001	gratings	1186.0	0.342999995	359.0	0.0	0.0	1.0	0.0399999991	2.0	1.57079637	88.0
2669.720991999842	0.3429999949999001	gratings	1380.0	0.342999995	359.0	0.0	0.0	1.0	0.0399999991	2.0	1.57079637	88.0
2670.4209920000285	0.3429999949999001	gratings	1496.0	0.342999995	359.0	0.0	0.0	1.0	0.0399999991	2.0	1.57079637	-1.0
2671.1209919992834	0.3429999949999001	gratings	0.0	0.342999995	359.0	0.0	0.0	1.0	0.0399999991	2.0	1.57079637	89.0
2671.8209919994697	0.3429999949999001	gratings	465.0	0.342999995	359.0	0.0	0.0	1.0	0.0399999991	2.0	1.57079637	89.0
2672.520991999656	0.3429999949999001	gratings	1070.0	0.342999995	359.0	0.0	0.0	1.0	0.0399999991	2.0	1.57079637	89.0
2673.220991999842	0.3429999949999001	gratings	533.0	0.342999995	359.0	0.0	0.0	1.0	0.0399999991	2.0	1.57079637	89.0
2673.9209920000285	0.3429999949999001	gratings	1129.0	0.342999995	359.0	0.0	0.0	1.0	0.0399999991	2.0	1.57079637	89.0
2674.6209919992834	0.3429999949999001	gratings	851.0	0.342999995	359.0	0.0	0.0	1.0	0.0399999991	2.0	1.57079637	89.0
2675.3209919994697	0.3429999949999001	gratings	1353.0	0.342999995	359.0	0.0	0.0	1.0	0.0399999991	2.0	1.57079637	89.0
2676.020991999656	0.3429999949999001	gratings	692.0	0.342999995	359.0	0.0	0.0	1.0	0.0399999991	2.0	1.57079637	89.0
2676.720991999842	0.3429999949999001	gratings	1358.0	0.342999995	359.0	0.0	0.0	1.0	0.0399999991	2.0	1.57079637	89.0
2677.4209920000285	0.3429999949999001	gratings	1322.0	0.342999995	359.0	0.0	0.0	1.0	0.0399999991	2.0	1.57079637	89.0
2678.1209919992834	0.3429999949999001	gratings	1470.0	0.342999995	359.0	0.0	0.0	1.0	0.0399999991	2.0	1.57079637	89.0
2678.8209919994697	0.3429999949999001	gratings	133.0	0.342999995	359.0	0.0	0.0	1.0	0.0399999991	2.0	1.57079637	89.0
2679.520991999656	0.3429999949999001	gratings	1373.0	0.342999995	359.0	0.0	0.0	1.0	0.0399999991	2.0	1.57079637	89.0
2680.220991999842	0.3429999949999001	gratings	18.0	0.342999995	359.0	0.0	0.0	1.0	0.0399999991	2.0	1.57079637	89.0
2680.9209920000285	0.3429999949999001	gratings	481.0	0.342999995	359.0	0.0	0.0	1.0	0.0399999991	2.0	1.57079637	89.0
2681.6209919992834	0.3429999949999001	gratings	1349.0	0.342999995	359.0	0.0	0.0	1.0	0.0399999991	2.0	1.57079637	89.0
2682.3209919994697	0.3429999949999001	gratings	134.0	0.342999995	359.0	0.0	0.0	0.0	0.0399999991	2.0	0.0	89.0
2683.020991999656	0.3429999949999001	gratings	763.0	0.342999995	359.0	0.0	0.0	1.0	0.0399999991	2.0	1.57079637	89.0
2683.720991999842	0.3429999949999001	gratings	1199.0	0.342999995	359.0	0.0	0.0	1.0	0.0399999991	2.0	1.57079637	89.0
2684.4209920000285	0.3429999949999001	gratings	413.0	0.342999995	359.0	0.0	0.0	1.0	0.0399999991	2.0	1.57079637	89.0
2685.1209919992834	0.3429999949999001	gratings	1112.0	0.342999995	359.0	0.0	0.0	1.0	0.0399999991	2.0	1.57079637	89.0
2685.8209919994697	0.3429999949999001	gratings	114.0	0.342999995	359.0	0.0	0.0	0.0	0.0399999991	2.0	0.0	89.0
2686.520991999656	0.3429999949999001	gratings	1484.0	0.342999995	359.0	0.0	0.0	1.0	0.0399999991	2.0	1.57079637	89.0
2687.220991999842	0.3429999949999001	gratings	1229.0	0.342999995	359.0	0.0	0.0	1.0	0.0399999991	2.0	1.57079637	89.0
2687.9209920000285	0.3429999949999001	gratings	605.0	0.342999995	359.0	0.0	0.0	1.0	0.0399999991	2.0	1.57079637	89.0
2688.6209919992834	0.3429999949999001	gratings	1259.0	0.342999995	359.0	0.0	0.0	1.0	0.0399999991	2.0	1.57079637	89.0
2689.3209919994697	0.3429999949999001	gratings	662.0	0.342999995	359.0	0.0	0.0	1.0	0.0399999991	2.0	1.57079637	89.0
2690.020991999656	0.3429999949999001	gratings	296.0	0.342999995	359.0	0.0	0.0	1.0	0.0399999991	2.0	1.57079637	89.0
2690.720991999842	0.3429999949999001	gratings	551.0	0.342999995	359.0	0.0	0.0	1.0	0.0399999991	2.0	1.57079637	89.0
2691.4209920000285	0.3429999949999001	gratings	1198.0	0.342999995	359.0	0.0	0.0	1.0	0.0399999991	2.0	1.57079637	89.0
2692.1209919992834	0.3429999949999001	gratings	1381.0	0.342999995	359.0	0.0	0.0	1.0	0.0399999991	2.0	1.57079637	89.0
2692.8209919994697	0.3429999949999001	gratings	513.0	0.342999995	359.0	0.0	0.0	1.0	0.0399999991	2.0	1.57079637	89.0
2693.520991999656	0.3429999949999001	gratings	242.0	0.342999995	359.0	0.0	0.0	1.0	0.0399999991	2.0	1.57079637	89.0
2694.220991999842	0.3429999949999001	gratings	287.0	0.342999995	359.0	0.0	0.0	1.0	0.0399999991	2.0	1.57079637	89.0
2694.9209920000285	0.3429999949999001	gratings	547.0	0.342999995	359.0	0.0	0.0	1.0	0.0399999991	2.0	1.57079637	89.0
2695.6209919992834	0.3429999949999001	gratings	1318.0	0.342999995	359.0	0.0	0.0	1.0	0.0399999991	2.0	1.57079637	89.0
2696.3209919994697	0.3429999949999001	gratings	548.0	0.342999995	359.0	0.0	0.0	1.0	0.0399999991	2.0	1.57079637	89.0
2697.020991999656	0.3429999949999001	gratings	1529.0	0.342999995	359.0	0.0	0.0	1.0	0.0399999991	2.0	1.57079637	89.0
2697.720991999842	0.3429999949999001	gratings	1458.0	0.342999995	359.0	0.0	0.0	1.0	0.0399999991	2.0	1.57079637	89.0
2698.4209920000285	0.3429999949999001	gratings	1035.0	0.342999995	359.0	0.0	0.0	1.0	0.0399999991	2.0	1.57079637	89.0
2699.1209919992834	0.3429999949999001	gratings	1001.0	0.342999995	359.0	0.0	0.0	1.0	0.0399999991	2.0	1.57079637	89.0
2699.8209919994697	0.3429999949999001	gratings	1450.0	0.342999995	359.0	0.0	0.0	1.0	0.0399999991	2.0	1.57079637	89.0
2700.520991999656	0.3429999949999001	gratings	895.0	0.342999995	359.0	0.0	0.0	1.0	0.0399999991	2.0	1.57079637	-1.0
2701.220991999842	0.3429999949999001	gratings	509.0	0.342999995	359.0	0.0	0.0	1.0	0.0399999991	2.0	1.57079637	90.0
2701.9209920000285	0.3429999949999001	gratings	1127.0	0.342999995	359.0	0.0	0.0	1.0	0.0399999991	2.0	1.57079637	90.0
2702.6209919992834	0.3429999949999001	gratings	1396.0	0.342999995	359.0	0.0	0.0	1.0	0.0399999991	2.0	1.57079637	90.0
2703.3209919994697	0.3429999949999001	gratings	528.0	0.342999995	359.0	0.0	0.0	1.0	0.0399999991	2.0	1.57079637	90.0
2704.020991999656	0.3429999949999001	gratings	785.0	0.342999995	359.0	0.0	0.0	1.0	0.0399999991	2.0	1.57079637	90.0
2704.720991999842	0.3429999949999001	gratings	1142.0	0.342999995	359.0	0.0	0.0	1.0	0.0399999991	2.0	1.57079637	90.0
2705.4209920000285	0.3429999949999001	gratings	1116.0	0.342999995	359.0	0.0	0.0	1.0	0.0399999991	2.0	1.57079637	90.0
2706.1209919992834	0.3429999949999001	gratings	711.0	0.342999995	359.0	0.0	0.0	1.0	0.0399999991	2.0	1.57079637	90.0
2706.8209919994697	0.3429999949999001	gratings	886.0	0.342999995	359.0	0.0	0.0	1.0	0.0399999991	2.0	1.57079637	90.0
2707.520991999656	0.3429999949999001	gratings	860.0	0.342999995	359.0	0.0	0.0	1.0	0.0399999991	2.0	1.57079637	90.0
2708.220991999842	0.3429999949999001	gratings	126.0	0.342999995	359.0	0.0	0.0	1.0	0.0399999991	2.0	0.785398185	90.0
2708.9209920000285	0.3429999949999001	gratings	320.0	0.342999995	359.0	0.0	0.0	1.0	0.0399999991	2.0	1.57079637	90.0
2709.6209919992834	0.3429999949999001	gratings	1420.0	0.342999995	359.0	0.0	0.0	1.0	0.0399999991	2.0	1.57079637	90.0
2710.3209919994697	0.3429999949999001	gratings	1073.0	0.342999995	359.0	0.0	0.0	1.0	0.0399999991	2.0	1.57079637	90.0
2711.020991999656	0.3429999949999001	gratings	1061.0	0.342999995	359.0	0.0	0.0	1.0	0.0399999991	2.0	1.57079637	90.0
2711.720991999842	0.3429999949999001	gratings	1078.0	0.342999995	359.0	0.0	0.0	1.0	0.0399999991	2.0	1.57079637	90.0
2712.4209920000285	0.3429999949999001	gratings	409.0	0.342999995	359.0	0.0	0.0	1.0	0.0399999991	2.0	1.57079637	90.0
2713.1209919992834	0.3429999949999001	gratings	192.0	0.342999995	359.0	0.0	0.0	1.0	0.0399999991	2.0	1.57079637	90.0
2713.8209919994697	0.3429999949999001	gratings	1174.0	0.342999995	359.0	0.0	0.0	1.0	0.0399999991	2.0	1.57079637	90.0
2714.520991999656	0.3429999949999001	gratings	581.0	0.342999995	359.0	0.0	0.0	1.0	0.0399999991	2.0	1.57079637	90.0
2715.220991999842	0.3429999949999001	gratings	606.0	0.342999995	359.0	0.0	0.0	1.0	0.0399999991	2.0	1.57079637	90.0
2715.9209920000285	0.3429999949999001	gratings	591.0	0.342999995	359.0	0.0	0.0	1.0	0.0399999991	2.0	1.57079637	90.0
2716.6209919992834	0.3429999949999001	gratings	38.0	0.342999995	359.0	0.0	0.0	1.0	0.0399999991	2.0	1.57079637	90.0
2717.3209919994697	0.3429999949999001	gratings	611.0	0.342999995	359.0	0.0	0.0	1.0	0.0399999991	2.0	1.57079637	90.0
2718.020991999656	0.3429999949999001	gratings	901.0	0.342999995	359.0	0.0	0.0	1.0	0.0399999991	2.0	1.57079637	90.0
2718.720991999842	0.3429999949999001	gratings	825.0	0.342999995	359.0	0.0	0.0	1.0	0.0399999991	2.0	1.57079637	90.0
2719.4209920000285	0.3429999949999001	gratings	893.0	0.342999995	359.0	0.0	0.0	1.0	0.0399999991	2.0	1.57079637	90.0
2720.1209919992834	0.3429999949999001	gratings	186.0	0.342999995	359.0	0.0	0.0	1.0	0.0399999991	2.0	1.57079637	90.0
2720.8209919994697	0.3429999949999001	gratings	14.0	0.342999995	359.0	0.0	0.0	0.0	0.0399999991	2.0	0.0	90.0
2721.520991999656	0.3429999949999001	gratings	340.0	0.342999995	359.0	0.0	0.0	1.0	0.0399999991	2.0	1.57079637	90.0
2722.220991999842	0.3429999949999001	gratings	1311.0	0.342999995	359.0	0.0	0.0	1.0	0.0399999991	2.0	1.57079637	90.0
2722.9209920000285	0.3429999949999001	gratings	1314.0	0.342999995	359.0	0.0	0.0	1.0	0.0399999991	2.0	1.57079637	90.0
2723.6209919992834	0.3429999949999001	gratings	239.0	0.342999995	359.0	0.0	0.0	1.0	0.0399999991	2.0	1.57079637	90.0
2724.3209919994697	0.3429999949999001	gratings	1104.0	0.342999995	359.0	0.0	0.0	1.0	0.0399999991	2.0	1.57079637	90.0
2725.020991999656	0.3429999949999001	gratings	144.0	0.342999995	359.0	0.0	0.0	0.0	0.0399999991	2.0	0.0	90.0
2725.720991999842	0.3429999949999001	gratings	260.0	0.342999995	359.0	0.0	0.0	1.0	0.0399999991	2.0	1.57079637	90.0
2726.4209920000285	0.3429999949999001	gratings	15.0	0.342999995	359.0	0.0	0.0	1.0	0.0399999991	2.0	1.57079637	90.0
2727.1209919992834	0.3429999949999001	gratings	522.0	0.342999995	359.0	0.0	0.0	1.0	0.0399999991	2.0	1.57079637	90.0
2727.8209919994697	0.3429999949999001	gratings	1315.0	0.342999995	359.0	0.0	0.0	1.0	0.0399999991	2.0	1.57079637	90.0
2728.520991999656	0.3429999949999001	gratings	802.0	0.342999995	359.0	0.0	0.0	1.0	0.0399999991	2.0	1.57079637	90.0
2729.220991999842	0.3429999949999001	gratings	1010.0	0.342999995	359.0	0.0	0.0	1.0	0.0399999991	2.0	1.57079637	90.0
2729.9209920000285	0.3429999949999001	gratings	9.0	0.342999995	359.0	0.0	0.0	0.0	0.0399999991	2.0	0.0	90.0
2730.623999999836	0.3429999949999001	gratings	1269.0	0.342999995	359.0	0.0	0.0	1.0	0.0399999991	2.0	1.57079637	91.0
2731.3209919994697	0.3429999949999001	gratings	587.0	0.342999995	359.0	0.0	0.0	1.0	0.0399999991	2.0	1.57079637	91.0
2732.020991999656	0.3429999949999001	gratings	10.0	0.342999995	359.0	0.0	0.0	1.0	0.0399999991	2.0	1.57079637	91.0
2732.720991999842	0.3429999949999001	gratings	441.0	0.342999995	359.0	0.0	0.0	1.0	0.0399999991	2.0	1.57079637	91.0
2733.4209920000285	0.3429999949999001	gratings	1383.0	0.342999995	359.0	0.0	0.0	1.0	0.0399999991	2.0	1.57079637	91.0
2734.1209919992834	0.3429999949999001	gratings	526.0	0.342999995	359.0	0.0	0.0	1.0	0.0399999991	2.0	1.57079637	91.0
2734.8209919994697	0.3429999949999001	gratings	1272.0	0.342999995	359.0	0.0	0.0	1.0	0.0399999991	2.0	1.57079637	91.0
2735.520991999656	0.3429999949999001	gratings	1267.0	0.342999995	359.0	0.0	0.0	1.0	0.0399999991	2.0	1.57079637	91.0
2736.220991999842	0.3429999949999001	gratings	583.0	0.342999995	359.0	0.0	0.0	1.0	0.0399999991	2.0	1.57079637	91.0
2736.9209920000285	0.3429999949999001	gratings	500.0	0.342999995	359.0	0.0	0.0	1.0	0.0399999991	2.0	1.57079637	91.0
2737.6209919992834	0.3429999949999001	gratings	891.0	0.342999995	359.0	0.0	0.0	1.0	0.0399999991	2.0	1.57079637	91.0
2738.3209919994697	0.3429999949999001	gratings	80.0	0.342999995	359.0	0.0	0.0	1.0	0.0399999991	2.0	1.57079637	91.0
2739.020991999656	0.3429999949999001	gratings	1246.0	0.342999995	359.0	0.0	0.0	1.0	0.0399999991	2.0	1.57079637	91.0
2739.720991999842	0.3429999949999001	gratings	690.0	0.342999995	359.0	0.0	0.0	1.0	0.0399999991	2.0	1.57079637	91.0
2740.4209920000285	0.3429999949999001	gratings	376.0	0.342999995	359.0	0.0	0.0	1.0	0.0399999991	2.0	1.57079637	91.0
2741.1209919992834	0.3429999949999001	gratings	503.0	0.342999995	359.0	0.0	0.0	1.0	0.0399999991	2.0	1.57079637	91.0
2741.8209919994697	0.3429999949999001	gratings	209.0	0.342999995	359.0	0.0	0.0	1.0	0.0399999991	2.0	1.57079637	91.0
2742.520991999656	0.3429999949999001	gratings	874.0	0.342999995	359.0	0.0	0.0	1.0	0.0399999991	2.0	1.57079637	91.0
2743.2220159992576	0.3429999949999001	gratings	319.0	0.342999995	359.0	0.0	0.0	1.0	0.0399999991	2.0	1.57079637	91.0
2743.9209920000285	0.3429999949999001	gratings	824.0	0.342999995	359.0	0.0	0.0	1.0	0.0399999991	2.0	1.57079637	91.0
2744.6209919992834	0.3429999949999001	gratings	1369.0	0.342999995	359.0	0.0	0.0	1.0	0.0399999991	2.0	1.57079637	91.0
2745.3209919994697	0.3429999949999001	gratings	1159.0	0.342999995	359.0	0.0	0.0	1.0	0.0399999991	2.0	1.57079637	91.0
2746.020991999656	0.3429999949999001	gratings	1140.0	0.342999995	359.0	0.0	0.0	1.0	0.0399999991	2.0	1.57079637	91.0
2746.720991999842	0.3429999949999001	gratings	145.0	0.342999995	359.0	0.0	0.0	1.0	0.0399999991	2.0	1.57079637	91.0
2747.4209920000285	0.3429999949999001	gratings	793.0	0.342999995	359.0	0.0	0.0	1.0	0.0399999991	2.0	1.57079637	91.0
2748.12201599963	0.3429999949999001	gratings	266.0	0.342999995	359.0	0.0	0.0	1.0	0.0399999991	2.0	1.57079637	91.0
2748.8220159998164	0.3429999949999001	gratings	1357.0	0.342999995	359.0	0.0	0.0	1.0	0.0399999991	2.0	1.57079637	91.0
2749.5220160000026	0.3429999949999001	gratings	1279.0	0.342999995	359.0	0.0	0.0	1.0	0.0399999991	2.0	1.57079637	91.0
2750.2220159992576	0.3429999949999001	gratings	799.0	0.342999995	359.0	0.0	0.0	1.0	0.0399999991	2.0	1.57079637	91.0
2750.922015999444	0.3429999949999001	gratings	1236.0	0.342999995	359.0	0.0	0.0	1.0	0.0399999991	2.0	1.57079637	91.0
2751.62201599963	0.3429999949999001	gratings	717.0	0.342999995	359.0	0.0	0.0	1.0	0.0399999991	2.0	1.57079637	91.0
2752.3220159998164	0.3429999949999001	gratings	942.0	0.342999995	359.0	0.0	0.0	1.0	0.0399999991	2.0	1.57079637	91.0
2753.0220160000026	0.3429999949999001	gratings	701.0	0.342999995	359.0	0.0	0.0	1.0	0.0399999991	2.0	1.57079637	91.0
2753.7220159992576	0.3429999949999001	gratings	631.0	0.342999995	359.0	0.0	0.0	1.0	0.0399999991	2.0	1.57079637	91.0
2754.422015999444	0.3429999949999001	gratings	430.0	0.342999995	359.0	0.0	0.0	1.0	0.0399999991	2.0	1.57079637	91.0
2755.12201599963	0.3429999949999001	gratings	426.0	0.342999995	359.0	0.0	0.0	1.0	0.0399999991	2.0	1.57079637	91.0
2755.8220159998164	0.3429999949999001	gratings	1175.0	0.342999995	359.0	0.0	0.0	1.0	0.0399999991	2.0	1.57079637	91.0
2756.5220160000026	0.3429999949999001	gratings	354.0	0.342999995	359.0	0.0	0.0	1.0	0.0399999991	2.0	1.57079637	91.0
2757.2220159992576	0.3429999949999001	gratings	862.0	0.342999995	359.0	0.0	0.0	1.0	0.0399999991	2.0	1.57079637	91.0
2757.922015999444	0.3429999949999001	gratings	1408.0	0.342999995	359.0	0.0	0.0	1.0	0.0399999991	2.0	1.57079637	91.0
2758.62201599963	0.3429999949999001	gratings	129.0	0.342999995	359.0	0.0	0.0	0.0	0.0399999991	2.0	0.0	91.0
2759.3220159998164	0.3429999949999001	gratings	800.0	0.342999995	359.0	0.0	0.0	1.0	0.0399999991	2.0	1.57079637	91.0
2760.0220160000026	0.3429999949999001	gratings	394.0	0.342999995	359.0	0.0	0.0	1.0	0.0399999991	2.0	1.57079637	91.0
2760.7220159992576	0.3429999949999001	gratings	1374.0	0.342999995	359.0	0.0	0.0	1.0	0.0399999991	2.0	1.57079637	92.0
2761.422015999444	0.3429999949999001	gratings	1530.0	0.342999995	359.0	0.0	0.0	1.0	0.0399999991	2.0	1.57079637	92.0
2762.12201599963	0.3429999949999001	gratings	148.0	0.342999995	359.0	0.0	0.0	1.0	0.0399999991	2.0	1.57079637	92.0
2762.8220159998164	0.3429999949999001	gratings	96.0	0.342999995	359.0	0.0	0.0	1.0	0.0399999991	2.0	0.785398185	92.0
2763.5220160000026	0.3429999949999001	gratings	1401.0	0.342999995	359.0	0.0	0.0	1.0	0.0399999991	2.0	1.57079637	92.0
2764.2220159992576	0.3429999949999001	gratings	6.0	0.342999995	359.0	0.0	0.0	1.0	0.0399999991	2.0	0.785398185	92.0
2764.922015999444	0.3429999949999001	gratings	833.0	0.342999995	359.0	0.0	0.0	1.0	0.0399999991	2.0	1.57079637	92.0
2765.62201599963	0.3429999949999001	gratings	689.0	0.342999995	359.0	0.0	0.0	1.0	0.0399999991	2.0	1.57079637	92.0
2766.3220159998164	0.3429999949999001	gratings	1196.0	0.342999995	359.0	0.0	0.0	1.0	0.0399999991	2.0	1.57079637	92.0
2767.0220160000026	0.3429999949999001	gratings	382.0	0.342999995	359.0	0.0	0.0	1.0	0.0399999991	2.0	1.57079637	92.0
2767.7220159992576	0.3429999949999001	gratings	1068.0	0.342999995	359.0	0.0	0.0	1.0	0.0399999991	2.0	1.57079637	92.0
2768.422015999444	0.3429999949999001	gratings	655.0	0.342999995	359.0	0.0	0.0	1.0	0.0399999991	2.0	1.57079637	92.0
2769.12201599963	0.3429999949999001	gratings	1296.0	0.342999995	359.0	0.0	0.0	1.0	0.0399999991	2.0	1.57079637	92.0
2769.8220159998164	0.3429999949999001	gratings	1312.0	0.342999995	359.0	0.0	0.0	1.0	0.0399999991	2.0	1.57079637	92.0
2770.5220160000026	0.3429999949999001	gratings	971.0	0.342999995	359.0	0.0	0.0	1.0	0.0399999991	2.0	1.57079637	92.0
2771.2220159992576	0.3429999949999001	gratings	831.0	0.342999995	359.0	0.0	0.0	1.0	0.0399999991	2.0	1.57079637	92.0
2771.922015999444	0.3429999949999001	gratings	947.0	0.342999995	359.0	0.0	0.0	1.0	0.0399999991	2.0	1.57079637	92.0
2772.62201599963	0.3429999949999001	gratings	943.0	0.342999995	359.0	0.0	0.0	1.0	0.0399999991	2.0	1.57079637	92.0
2773.3220159998164	0.3429999949999001	gratings	22.0	0.342999995	359.0	0.0	0.0	1.0	0.0399999991	2.0	0.0	92.0
2774.0220160000026	0.3429999949999001	gratings	458.0	0.342999995	359.0	0.0	0.0	1.0	0.0399999991	2.0	1.57079637	92.0
2774.7220159992576	0.3429999949999001	gratings	1271.0	0.342999995	359.0	0.0	0.0	1.0	0.0399999991	2.0	1.57079637	92.0
2775.422015999444	0.3429999949999001	gratings	385.0	0.342999995	359.0	0.0	0.0	1.0	0.0399999991	2.0	1.57079637	92.0
2776.12201599963	0.3429999949999001	gratings	710.0	0.342999995	359.0	0.0	0.0	1.0	0.0399999991	2.0	1.57079637	92.0
2776.8220159998164	0.3429999949999001	gratings	1124.0	0.342999995	359.0	0.0	0.0	1.0	0.0399999991	2.0	1.57079637	92.0
2777.5220160000026	0.3429999949999001	gratings	83.0	0.342999995	359.0	0.0	0.0	1.0	0.0399999991	2.0	1.57079637	92.0
2778.2220159992576	0.3429999949999001	gratings	657.0	0.342999995	359.0	0.0	0.0	1.0	0.0399999991	2.0	1.57079637	92.0
2778.922015999444	0.3429999949999001	gratings	406.0	0.342999995	359.0	0.0	0.0	1.0	0.0399999991	2.0	1.57079637	92.0
2779.62201599963	0.3429999949999001	gratings	1336.0	0.342999995	359.0	0.0	0.0	1.0	0.0399999991	2.0	1.57079637	92.0
2780.3220159998164	0.3429999949999001	gratings	928.0	0.342999995	359.0	0.0	0.0	1.0	0.0399999991	2.0	1.57079637	92.0
2781.0220160000026	0.3429999949999001	gratings	1126.0	0.342999995	359.0	0.0	0.0	1.0	0.0399999991	2.0	1.57079637	92.0
2781.7220159992576	0.3429999949999001	gratings	730.0	0.342999995	359.0	0.0	0.0	1.0	0.0399999991	2.0	1.57079637	92.0
2782.422015999444	0.3429999949999001	gratings	56.0	0.342999995	359.0	0.0	0.0	1.0	0.0399999991	2.0	0.785398185	92.0
2783.12201599963	0.3429999949999001	gratings	537.0	0.342999995	359.0	0.0	0.0	1.0	0.0399999991	2.0	1.57079637	92.0
2783.8220159998164	0.3429999949999001	gratings	1222.0	0.342999995	359.0	0.0	0.0	1.0	0.0399999991	2.0	1.57079637	92.0
2784.5220160000026	0.3429999949999001	gratings	856.0	0.342999995	359.0	0.0	0.0	1.0	0.0399999991	2.0	1.57079637	92.0
2785.2220159992576	0.3429999949999001	gratings	1000.0	0.342999995	359.0	0.0	0.0	1.0	0.0399999991	2.0	1.57079637	92.0
2785.922015999444	0.3429999949999001	gratings	740.0	0.342999995	359.0	0.0	0.0	1.0	0.0399999991	2.0	1.57079637	92.0
2786.62201599963	0.3429999949999001	gratings	832.0	0.342999995	359.0	0.0	0.0	1.0	0.0399999991	2.0	1.57079637	92.0
2787.3220159998164	0.3429999949999001	gratings	1385.0	0.342999995	359.0	0.0	0.0	1.0	0.0399999991	2.0	1.57079637	92.0
2788.0220160000026	0.3429999949999001	gratings	696.0	0.342999995	359.0	0.0	0.0	1.0	0.0399999991	2.0	1.57079637	92.0
2788.7220159992576	0.3429999949999001	gratings	977.0	0.342999995	359.0	0.0	0.0	1.0	0.0399999991	2.0	1.57079637	92.0
2789.422015999444	0.3429999949999001	gratings	228.0	0.342999995	359.0	0.0	0.0	1.0	0.0399999991	2.0	1.57079637	92.0
2790.12201599963	0.3429999949999001	gratings	1375.0	0.342999995	359.0	0.0	0.0	1.0	0.0399999991	2.0	1.57079637	-1.0
2790.8220159998164	0.3429999949999001	gratings	1403.0	0.342999995	359.0	0.0	0.0	1.0	0.0399999991	2.0	1.57079637	93.0
2791.5220160000026	0.3429999949999001	gratings	27.0	0.342999995	359.0	0.0	0.0	1.0	0.0399999991	2.0	0.0	93.0
2792.2220159992576	0.3429999949999001	gratings	1189.0	0.342999995	359.0	0.0	0.0	1.0	0.0399999991	2.0	1.57079637	93.0
2792.922015999444	0.3429999949999001	gratings	166.0	0.342999995	359.0	0.0	0.0	1.0	0.0399999991	2.0	1.57079637	93.0
2793.62201599963	0.3429999949999001	gratings	1406.0	0.342999995	359.0	0.0	0.0	1.0	0.0399999991	2.0	1.57079637	93.0
2794.3220159998164	0.3429999949999001	gratings	727.0	0.342999995	359.0	0.0	0.0	1.0	0.0399999991	2.0	1.57079637	93.0
2795.0220160000026	0.3429999949999001	gratings	1519.0	0.342999995	359.0	0.0	0.0	1.0	0.0399999991	2.0	1.57079637	93.0
2795.7220159992576	0.3429999949999001	gratings	737.0	0.342999995	359.0	0.0	0.0	1.0	0.0399999991	2.0	1.57079637	93.0
2796.422015999444	0.3429999949999001	gratings	161.0	0.342999995	359.0	0.0	0.0	1.0	0.0399999991	2.0	1.57079637	93.0
2797.12201599963	0.3429999949999001	gratings	1087.0	0.342999995	359.0	0.0	0.0	1.0	0.0399999991	2.0	1.57079637	93.0
2797.8220159998164	0.3429999949999001	gratings	428.0	0.342999995	359.0	0.0	0.0	1.0	0.0399999991	2.0	1.57079637	93.0
2798.5220160000026	0.3429999949999001	gratings	1005.0	0.342999995	359.0	0.0	0.0	1.0	0.0399999991	2.0	1.57079637	93.0
2799.2220159992576	0.3429999949999001	gratings	724.0	0.342999995	359.0	0.0	0.0	1.0	0.0399999991	2.0	1.57079637	93.0
2799.922015999444	0.3429999949999001	gratings	1109.0	0.342999995	359.0	0.0	0.0	1.0	0.0399999991	2.0	1.57079637	93.0
2800.62201599963	0.3429999949999001	gratings	914.0	0.342999995	359.0	0.0	0.0	1.0	0.0399999991	2.0	1.57079637	93.0
2801.3220159998164	0.3429999949999001	gratings	953.0	0.342999995	359.0	0.0	0.0	1.0	0.0399999991	2.0	1.57079637	93.0
2802.0220160000026	0.3429999949999001	gratings	651.0	0.342999995	359.0	0.0	0.0	1.0	0.0399999991	2.0	1.57079637	93.0
2802.7220159992576	0.3429999949999001	gratings	1063.0	0.342999995	359.0	0.0	0.0	1.0	0.0399999991	2.0	1.57079637	93.0
2803.422015999444	0.3429999949999001	gratings	274.0	0.342999995	359.0	0.0	0.0	1.0	0.0399999991	2.0	1.57079637	93.0
2804.12201599963	0.3429999949999001	gratings	964.0	0.342999995	359.0	0.0	0.0	1.0	0.0399999991	2.0	1.57079637	93.0
2804.8220159998164	0.3429999949999001	gratings	992.0	0.342999995	359.0	0.0	0.0	1.0	0.0399999991	2.0	1.57079637	93.0
2805.5220160000026	0.3429999949999001	gratings	649.0	0.342999995	359.0	0.0	0.0	1.0	0.0399999991	2.0	1.57079637	93.0
2806.2220159992576	0.3429999949999001	gratings	987.0	0.342999995	359.0	0.0	0.0	1.0	0.0399999991	2.0	1.57079637	93.0
2806.922015999444	0.3429999949999001	gratings	484.0	0.342999995	359.0	0.0	0.0	1.0	0.0399999991	2.0	1.57079637	93.0
2807.62201599963	0.3429999949999001	gratings	230.0	0.342999995	359.0	0.0	0.0	1.0	0.0399999991	2.0	1.57079637	93.0
2808.3220159998164	0.3429999949999001	gratings	42.0	0.342999995	359.0	0.0	0.0	1.0	0.0399999991	2.0	0.0	93.0
2809.0220160000026	0.3429999949999001	gratings	48.0	0.342999995	359.0	0.0	0.0	1.0	0.0399999991	2.0	1.57079637	93.0
2809.7220159992576	0.3429999949999001	gratings	1230.0	0.342999995	359.0	0.0	0.0	1.0	0.0399999991	2.0	1.57079637	93.0
2810.422015999444	0.3429999949999001	gratings	336.0	0.342999995	359.0	0.0	0.0	1.0	0.0399999991	2.0	1.57079637	93.0
2811.12201599963	0.3429999949999001	gratings	1391.0	0.342999995	359.0	0.0	0.0	1.0	0.0399999991	2.0	1.57079637	93.0
2811.8220159998164	0.3429999949999001	gratings	1014.0	0.342999995	359.0	0.0	0.0	1.0	0.0399999991	2.0	1.57079637	93.0
2812.5220160000026	0.3429999949999001	gratings	923.0	0.342999995	359.0	0.0	0.0	1.0	0.0399999991	2.0	1.57079637	93.0
2813.2220159992576	0.3429999949999001	gratings	614.0	0.342999995	359.0	0.0	0.0	1.0	0.0399999991	2.0	1.57079637	93.0
2813.922015999444	0.3429999949999001	gratings	156.0	0.342999995	359.0	0.0	0.0	1.0	0.0399999991	2.0	1.57079637	93.0
2814.62201599963	0.3429999949999001	gratings	39.0	0.342999995	359.0	0.0	0.0	0.0	0.0399999991	2.0	0.0	93.0
2815.3220159998164	0.3429999949999001	gratings	191.0	0.342999995	359.0	0.0	0.0	1.0	0.0399999991	2.0	1.57079637	93.0
2816.0220160000026	0.3429999949999001	gratings	1220.0	0.342999995	359.0	0.0	0.0	1.0	0.0399999991	2.0	1.57079637	93.0
2816.7220159992576	0.3429999949999001	gratings	1136.0	0.342999995	359.0	0.0	0.0	1.0	0.0399999991	2.0	1.57079637	93.0
2817.422015999444	0.3429999949999001	gratings	167.0	0.342999995	359.0	0.0	0.0	1.0	0.0399999991	2.0	1.57079637	93.0
2818.1220479998738	0.3429999949999001	gratings	1389.0	0.342999995	359.0	0.0	0.0	1.0	0.0399999991	2.0	1.57079637	93.0
2818.8220159998164	0.3429999949999001	gratings	1435.0	0.342999995	359.0	0.0	0.0	1.0	0.0399999991	2.0	1.57079637	93.0
2819.5220160000026	0.3429999949999001	gratings	858.0	0.342999995	359.0	0.0	0.0	1.0	0.0399999991	2.0	1.57079637	93.0
2820.2220159992576	0.3429999949999001	gratings	1022.0	0.342999995	359.0	0.0	0.0	1.0	0.0399999991	2.0	1.57079637	-1.0
2820.922015999444	0.3429999949999001	gratings	1263.0	0.342999995	359.0	0.0	0.0	1.0	0.0399999991	2.0	1.57079637	94.0
2821.62201599963	0.3429999949999001	gratings	1059.0	0.342999995	359.0	0.0	0.0	1.0	0.0399999991	2.0	1.57079637	94.0
2822.3220159998164	0.3429999949999001	gratings	330.0	0.342999995	359.0	0.0	0.0	1.0	0.0399999991	2.0	1.57079637	94.0
2823.0220160000026	0.3429999949999001	gratings	949.0	0.342999995	359.0	0.0	0.0	1.0	0.0399999991	2.0	1.57079637	94.0
2823.7220159992576	0.3429999949999001	gratings	510.0	0.342999995	359.0	0.0	0.0	1.0	0.0399999991	2.0	1.57079637	94.0
2824.422015999444	0.3429999949999001	gratings	44.0	0.342999995	359.0	0.0	0.0	0.0	0.0399999991	2.0	0.0	94.0
2825.12201599963	0.3429999949999001	gratings	216.0	0.342999995	359.0	0.0	0.0	1.0	0.0399999991	2.0	1.57079637	94.0
2825.8220159998164	0.3429999949999001	gratings	919.0	0.342999995	359.0	0.0	0.0	1.0	0.0399999991	2.0	1.57079637	94.0
2826.5220160000026	0.3429999949999001	gratings	965.0	0.342999995	359.0	0.0	0.0	1.0	0.0399999991	2.0	1.57079637	94.0
2827.2220159992576	0.3429999949999001	gratings	313.0	0.342999995	359.0	0.0	0.0	1.0	0.0399999991	2.0	1.57079637	94.0
2827.922015999444	0.3429999949999001	gratings	869.0	0.342999995	359.0	0.0	0.0	1.0	0.0399999991	2.0	1.57079637	94.0
2828.623007999733	0.3429999949999001	gratings	1134.0	0.342999995	359.0	0.0	0.0	1.0	0.0399999991	2.0	1.57079637	94.0
2829.3220159998164	0.3429999949999001	gratings	292.0	0.342999995	359.0	0.0	0.0	1.0	0.0399999991	2.0	1.57079637	94.0
2830.0220160000026	0.3429999949999001	gratings	223.0	0.342999995	359.0	0.0	0.0	1.0	0.0399999991	2.0	1.57079637	94.0
2830.7220159992576	0.3429999949999001	gratings	1407.0	0.342999995	359.0	0.0	0.0	1.0	0.0399999991	2.0	1.57079637	94.0
2831.422015999444	0.3429999949999001	gratings	549.0	0.342999995	359.0	0.0	0.0	1.0	0.0399999991	2.0	1.57079637	94.0
2832.12201599963	0.3429999949999001	gratings	70.0	0.342999995	359.0	0.0	0.0	1.0	0.0399999991	2.0	1.57079637	94.0
2832.8220159998164	0.3429999949999001	gratings	1156.0	0.342999995	359.0	0.0	0.0	1.0	0.0399999991	2.0	1.57079637	94.0
2833.5220160000026	0.3429999949999001	gratings	350.0	0.342999995	359.0	0.0	0.0	1.0	0.0399999991	2.0	1.57079637	94.0
2834.2220159992576	0.3429999949999001	gratings	1507.0	0.342999995	359.0	0.0	0.0	1.0	0.0399999991	2.0	1.57079637	94.0
2834.922015999444	0.3429999949999001	gratings	615.0	0.342999995	359.0	0.0	0.0	1.0	0.0399999991	2.0	1.57079637	94.0
2835.62201599963	0.3429999949999001	gratings	435.0	0.342999995	359.0	0.0	0.0	1.0	0.0399999991	2.0	1.57079637	94.0
2836.3220159998164	0.3429999949999001	gratings	514.0	0.342999995	359.0	0.0	0.0	1.0	0.0399999991	2.0	1.57079637	94.0
2837.0220160000026	0.3429999949999001	gratings	877.0	0.342999995	359.0	0.0	0.0	1.0	0.0399999991	2.0	1.57079637	94.0
2837.7220159992576	0.3429999949999001	gratings	1329.0	0.342999995	359.0	0.0	0.0	1.0	0.0399999991	2.0	1.57079637	94.0
2838.422015999444	0.3429999949999001	gratings	810.0	0.342999995	359.0	0.0	0.0	1.0	0.0399999991	2.0	1.57079637	94.0
2839.12201599963	0.3429999949999001	gratings	1011.0	0.342999995	359.0	0.0	0.0	1.0	0.0399999991	2.0	1.57079637	94.0
2839.8220159998164	0.3429999949999001	gratings	199.0	0.342999995	359.0	0.0	0.0	1.0	0.0399999991	2.0	1.57079637	94.0
2840.5220160000026	0.3429999949999001	gratings	1128.0	0.342999995	359.0	0.0	0.0	1.0	0.0399999991	2.0	1.57079637	94.0
2841.2220159992576	0.3429999949999001	gratings	1299.0	0.342999995	359.0	0.0	0.0	1.0	0.0399999991	2.0	1.57079637	94.0
2841.922015999444	0.3429999949999001	gratings	609.0	0.342999995	359.0	0.0	0.0	1.0	0.0399999991	2.0	1.57079637	94.0
2842.62201599963	0.3429999949999001	gratings	872.0	0.342999995	359.0	0.0	0.0	1.0	0.0399999991	2.0	1.57079637	94.0
2843.3220159998164	0.3429999949999001	gratings	1430.0	0.342999995	359.0	0.0	0.0	1.0	0.0399999991	2.0	1.57079637	94.0
2844.0220160000026	0.3429999949999001	gratings	984.0	0.342999995	359.0	0.0	0.0	1.0	0.0399999991	2.0	1.57079637	94.0
2844.7220159992576	0.3429999949999001	gratings	398.0	0.342999995	359.0	0.0	0.0	1.0	0.0399999991	2.0	1.57079637	94.0
2845.422015999444	0.3429999949999001	gratings	360.0	0.342999995	359.0	0.0	0.0	1.0	0.0399999991	2.0	1.57079637	94.0
2846.12201599963	0.3429999949999001	gratings	803.0	0.342999995	359.0	0.0	0.0	1.0	0.0399999991	2.0	1.57079637	94.0
2846.8220159998164	0.3429999949999001	gratings	117.0	0.342999995	359.0	0.0	0.0	1.0	0.0399999991	2.0	0.0	94.0
2847.5220160000026	0.3429999949999001	gratings	578.0	0.342999995	359.0	0.0	0.0	1.0	0.0399999991	2.0	1.57079637	94.0
2848.2220159992576	0.3429999949999001	gratings	635.0	0.342999995	359.0	0.0	0.0	1.0	0.0399999991	2.0	1.57079637	94.0
2848.922015999444	0.3429999949999001	gratings	1182.0	0.342999995	359.0	0.0	0.0	1.0	0.0399999991	2.0	1.57079637	94.0
2849.62201599963	0.3429999949999001	gratings	797.0	0.342999995	359.0	0.0	0.0	1.0	0.0399999991	2.0	1.57079637	94.0
2850.3220159998164	0.3429999949999001	gratings	680.0	0.342999995	359.0	0.0	0.0	1.0	0.0399999991	2.0	1.57079637	-1.0
2851.0220160000026	0.3429999949999001	gratings	454.0	0.342999995	359.0	0.0	0.0	1.0	0.0399999991	2.0	1.57079637	95.0
2851.7230079993606	0.3429999949999001	gratings	497.0	0.342999995	359.0	0.0	0.0	1.0	0.0399999991	2.0	1.57079637	95.0
2852.422015999444	0.3429999949999001	gratings	888.0	0.342999995	359.0	0.0	0.0	1.0	0.0399999991	2.0	1.57079637	95.0
2853.12201599963	0.3429999949999001	gratings	868.0	0.342999995	359.0	0.0	0.0	1.0	0.0399999991	2.0	1.57079637	95.0
2853.8220159998164	0.3429999949999001	gratings	184.0	0.342999995	359.0	0.0	0.0	1.0	0.0399999991	2.0	1.57079637	95.0
2854.5220160000026	0.3429999949999001	gratings	1084.0	0.342999995	359.0	0.0	0.0	1.0	0.0399999991	2.0	1.57079637	95.0
2855.2220159992576	0.3429999949999001	gratings	1417.0	0.342999995	359.0	0.0	0.0	1.0	0.0399999991	2.0	1.57079637	95.0
2855.922015999444	0.3429999949999001	gratings	905.0	0.342999995	359.0	0.0	0.0	1.0	0.0399999991	2.0	1.57079637	95.0
2856.62201599963	0.3429999949999001	gratings	361.0	0.342999995	359.0	0.0	0.0	1.0	0.0399999991	2.0	1.57079637	95.0
2857.3220159998164	0.3429999949999001	gratings	859.0	0.342999995	359.0	0.0	0.0	1.0	0.0399999991	2.0	1.57079637	95.0
2858.0220160000026	0.3429999949999001	gratings	276.0	0.342999995	359.0	0.0	0.0	1.0	0.0399999991	2.0	1.57079637	95.0
2858.7220159992576	0.3429999949999001	gratings	1370.0	0.342999995	359.0	0.0	0.0	1.0	0.0399999991	2.0	1.57079637	95.0
2859.422015999444	0.3429999949999001	gratings	642.0	0.342999995	359.0	0.0	0.0	1.0	0.0399999991	2.0	1.57079637	95.0
2860.12201599963	0.3429999949999001	gratings	431.0	0.342999995	359.0	0.0	0.0	1.0	0.0399999991	2.0	1.57079637	95.0
2860.8220159998164	0.3429999949999001	gratings	110.0	0.342999995	359.0	0.0	0.0	1.0	0.0399999991	2.0	1.57079637	95.0
2861.5220160000026	0.3429999949999001	gratings	60.0	0.342999995	359.0	0.0	0.0	1.0	0.0399999991	2.0	1.57079637	95.0
2862.2220159992576	0.3429999949999001	gratings	67.0	0.342999995	359.0	0.0	0.0	1.0	0.0399999991	2.0	0.0	95.0
2862.923007999547	0.3429999949999001	gratings	695.0	0.342999995	359.0	0.0	0.0	1.0	0.0399999991	2.0	1.57079637	95.0
2863.62201599963	0.3429999949999001	gratings	188.0	0.342999995	359.0	0.0	0.0	1.0	0.0399999991	2.0	1.57079637	95.0
2864.3220159998164	0.3429999949999001	gratings	718.0	0.342999995	359.0	0.0	0.0	1.0	0.0399999991	2.0	1.57079637	95.0
2865.0220160000026	0.3429999949999001	gratings	647.0	0.342999995	359.0	0.0	0.0	1.0	0.0399999991	2.0	1.57079637	95.0
2865.7220159992576	0.3429999949999001	gratings	794.0	0.342999995	359.0	0.0	0.0	1.0	0.0399999991	2.0	1.57079637	95.0
2866.422015999444	0.3429999949999001	gratings	1207.0	0.342999995	359.0	0.0	0.0	1.0	0.0399999991	2.0	1.57079637	95.0
2867.12201599963	0.3429999949999001	gratings	1215.0	0.342999995	359.0	0.0	0.0	1.0	0.0399999991	2.0	1.57079637	95.0
2867.8220159998164	0.3429999949999001	gratings	1153.0	0.342999995	359.0	0.0	0.0	1.0	0.0399999991	2.0	1.57079637	95.0
2868.5220160000026	0.3429999949999001	gratings	424.0	0.342999995	359.0	0.0	0.0	1.0	0.0399999991	2.0	1.57079637	95.0
2869.2220159992576	0.3429999949999001	gratings	124.0	0.342999995	359.0	0.0	0.0	0.0	0.0399999991	2.0	0.0	95.0
2869.922015999444	0.3429999949999001	gratings	1473.0	0.342999995	359.0	0.0	0.0	1.0	0.0399999991	2.0	1.57079637	95.0
2870.62201599963	0.3429999949999001	gratings	997.0	0.342999995	359.0	0.0	0.0	1.0	0.0399999991	2.0	1.57079637	95.0
2871.3220159998164	0.3429999949999001	gratings	912.0	0.342999995	359.0	0.0	0.0	1.0	0.0399999991	2.0	1.57079637	95.0
2872.0220160000026	0.3429999949999001	gratings	170.0	0.342999995	359.0	0.0	0.0	1.0	0.0399999991	2.0	1.57079637	95.0
2872.7230079993606	0.3429999949999001	gratings	951.0	0.342999995	359.0	0.0	0.0	1.0	0.0399999991	2.0	1.57079637	95.0
2873.423007999547	0.3429999949999001	gratings	1064.0	0.342999995	359.0	0.0	0.0	1.0	0.0399999991	2.0	1.57079637	95.0
2874.123007999733	0.3429999949999001	gratings	36.0	0.342999995	359.0	0.0	0.0	1.0	0.0399999991	2.0	0.785398185	95.0
2874.8230079999194	0.3429999949999001	gratings	982.0	0.342999995	359.0	0.0	0.0	1.0	0.0399999991	2.0	1.57079637	95.0
2875.5230080001056	0.3429999949999001	gratings	1036.0	0.342999995	359.0	0.0	0.0	1.0	0.0399999991	2.0	1.57079637	95.0
2876.2230079993606	0.3429999949999001	gratings	809.0	0.342999995	359.0	0.0	0.0	1.0	0.0399999991	2.0	1.57079637	95.0
2876.923007999547	0.3429999949999001	gratings	922.0	0.342999995	359.0	0.0	0.0	1.0	0.0399999991	2.0	1.57079637	95.0
2877.623007999733	0.3429999949999001	gratings	691.0	0.342999995	359.0	0.0	0.0	1.0	0.0399999991	2.0	1.57079637	95.0
2878.3230079999194	0.3429999949999001	gratings	1283.0	0.342999995	359.0	0.0	0.0	1.0	0.0399999991	2.0	1.57079637	95.0
2879.0230080001056	0.3429999949999001	gratings	275.0	0.342999995	359.0	0.0	0.0	1.0	0.0399999991	2.0	1.57079637	95.0
2879.7230079993606	0.3429999949999001	gratings	326.0	0.342999995	359.0	0.0	0.0	1.0	0.0399999991	2.0	1.57079637	95.0
2880.423007999547	0.3429999949999001	gratings	1194.0	0.342999995	359.0	0.0	0.0	1.0	0.0399999991	2.0	1.57079637	-1.0
2881.123007999733	0.3429999949999001	gratings	1355.0	0.342999995	359.0	0.0	0.0	1.0	0.0399999991	2.0	1.57079637	96.0
2881.8230079999194	0.3429999949999001	gratings	1356.0	0.342999995	359.0	0.0	0.0	1.0	0.0399999991	2.0	1.57079637	96.0
2882.5230080001056	0.3429999949999001	gratings	1387.0	0.342999995	359.0	0.0	0.0	1.0	0.0399999991	2.0	1.57079637	96.0
2883.2230079993606	0.3429999949999001	gratings	852.0	0.342999995	359.0	0.0	0.0	1.0	0.0399999991	2.0	1.57079637	96.0
2883.923007999547	0.3429999949999001	gratings	1110.0	0.342999995	359.0	0.0	0.0	1.0	0.0399999991	2.0	1.57079637	96.0
2884.623007999733	0.3429999949999001	gratings	284.0	0.342999995	359.0	0.0	0.0	1.0	0.0399999991	2.0	1.57079637	96.0
2885.3230079999194	0.3429999949999001	gratings	46.0	0.342999995	359.0	0.0	0.0	1.0	0.0399999991	2.0	0.785398185	96.0
2886.0230080001056	0.3429999949999001	gratings	1492.0	0.342999995	359.0	0.0	0.0	1.0	0.0399999991	2.0	1.57079637	96.0
2886.7230079993606	0.3429999949999001	gratings	842.0	0.342999995	359.0	0.0	0.0	1.0	0.0399999991	2.0	1.57079637	96.0
2887.423007999547	0.3429999949999001	gratings	929.0	0.342999995	359.0	0.0	0.0	1.0	0.0399999991	2.0	1.57079637	96.0
2888.123007999733	0.3429999949999001	gratings	826.0	0.342999995	359.0	0.0	0.0	1.0	0.0399999991	2.0	1.57079637	96.0
2888.8230079999194	0.3429999949999001	gratings	1379.0	0.342999995	359.0	0.0	0.0	1.0	0.0399999991	2.0	1.57079637	96.0
2889.5230080001056	0.3429999949999001	gratings	380.0	0.342999995	359.0	0.0	0.0	1.0	0.0399999991	2.0	1.57079637	96.0
2890.2230079993606	0.3429999949999001	gratings	480.0	0.342999995	359.0	0.0	0.0	1.0	0.0399999991	2.0	1.57079637	96.0
2890.923007999547	0.3429999949999001	gratings	658.0	0.342999995	359.0	0.0	0.0	1.0	0.0399999991	2.0	1.57079637	96.0
2891.623007999733	0.3429999949999001	gratings	1377.0	0.342999995	359.0	0.0	0.0	1.0	0.0399999991	2.0	1.57079637	96.0
2892.3230079999194	0.3429999949999001	gratings	1483.0	0.342999995	359.0	0.0	0.0	1.0	0.0399999991	2.0	1.57079637	96.0
2893.0230080001056	0.3429999949999001	gratings	698.0	0.342999995	359.0	0.0	0.0	1.0	0.0399999991	2.0	1.57079637	96.0
2893.7230079993606	0.3429999949999001	gratings	220.0	0.342999995	359.0	0.0	0.0	1.0	0.0399999991	2.0	1.57079637	96.0
2894.423007999547	0.3429999949999001	gratings	178.0	0.342999995	359.0	0.0	0.0	1.0	0.0399999991	2.0	1.57079637	96.0
2895.123007999733	0.3429999949999001	gratings	752.0	0.342999995	359.0	0.0	0.0	1.0	0.0399999991	2.0	1.57079637	96.0
2895.8230079999194	0.3429999949999001	gratings	1219.0	0.342999995	359.0	0.0	0.0	1.0	0.0399999991	2.0	1.57079637	96.0
2896.5230080001056	0.3429999949999001	gratings	976.0	0.342999995	359.0	0.0	0.0	1.0	0.0399999991	2.0	1.57079637	96.0
2897.2230079993606	0.3429999949999001	gratings	506.0	0.342999995	359.0	0.0	0.0	1.0	0.0399999991	2.0	1.57079637	96.0
2897.923007999547	0.3429999949999001	gratings	1248.0	0.342999995	359.0	0.0	0.0	1.0	0.0399999991	2.0	1.57079637	96.0
2898.623007999733	0.3429999949999001	gratings	970.0	0.342999995	359.0	0.0	0.0	1.0	0.0399999991	2.0	1.57079637	96.0
2899.3230079999194	0.3429999949999001	gratings	1456.0	0.342999995	359.0	0.0	0.0	1.0	0.0399999991	2.0	1.57079637	96.0
2900.0230080001056	0.3429999949999001	gratings	111.0	0.342999995	359.0	0.0	0.0	1.0	0.0399999991	2.0	0.785398185	96.0
2900.7230079993606	0.3429999949999001	gratings	523.0	0.342999995	359.0	0.0	0.0	1.0	0.0399999991	2.0	1.57079637	96.0
2901.423007999547	0.3429999949999001	gratings	1170.0	0.342999995	359.0	0.0	0.0	1.0	0.0399999991	2.0	1.57079637	96.0
2902.123007999733	0.3429999949999001	gratings	26.0	0.342999995	359.0	0.0	0.0	1.0	0.0399999991	2.0	0.785398185	96.0
2902.8230079999194	0.3429999949999001	gratings	1339.0	0.342999995	359.0	0.0	0.0	1.0	0.0399999991	2.0	1.57079637	96.0
2903.5230080001056	0.3429999949999001	gratings	1242.0	0.342999995	359.0	0.0	0.0	1.0	0.0399999991	2.0	1.57079637	96.0
2904.2230079993606	0.3429999949999001	gratings	101.0	0.342999995	359.0	0.0	0.0	1.0	0.0399999991	2.0	0.785398185	96.0
2904.923007999547	0.3429999949999001	gratings	1130.0	0.342999995	359.0	0.0	0.0	1.0	0.0399999991	2.0	1.57079637	96.0
2905.623007999733	0.3429999949999001	gratings	1475.0	0.342999995	359.0	0.0	0.0	1.0	0.0399999991	2.0	1.57079637	96.0
2906.3230079999194	0.3429999949999001	gratings	898.0	0.342999995	359.0	0.0	0.0	1.0	0.0399999991	2.0	1.57079637	96.0
2907.0230080001056	0.3429999949999001	gratings	237.0	0.342999995	359.0	0.0	0.0	1.0	0.0399999991	2.0	1.57079637	96.0
2907.7230079993606	0.3429999949999001	gratings	1518.0	0.342999995	359.0	0.0	0.0	1.0	0.0399999991	2.0	1.57079637	96.0
2908.423007999547	0.3429999949999001	gratings	772.0	0.342999995	359.0	0.0	0.0	1.0	0.0399999991	2.0	1.57079637	96.0
2909.123007999733	0.3429999949999001	gratings	1179.0	0.342999995	359.0	0.0	0.0	1.0	0.0399999991	2.0	1.57079637	96.0
2909.8230079999194	0.3429999949999001	gratings	596.0	0.342999995	359.0	0.0	0.0	1.0	0.0399999991	2.0	1.57079637	96.0
2910.5230080001056	0.3429999949999001	gratings	172.0	0.342999995	359.0	0.0	0.0	1.0	0.0399999991	2.0	1.57079637	-1.0
2911.2230079993606	0.3429999949999001	gratings	1191.0	0.342999995	359.0	0.0	0.0	1.0	0.0399999991	2.0	1.57079637	97.0
2911.923007999547	0.3429999949999001	gratings	502.0	0.342999995	359.0	0.0	0.0	1.0	0.0399999991	2.0	1.57079637	97.0
2912.623007999733	0.3429999949999001	gratings	1210.0	0.342999995	359.0	0.0	0.0	1.0	0.0399999991	2.0	1.57079637	97.0
2913.3230079999194	0.3429999949999001	gratings	1360.0	0.342999995	359.0	0.0	0.0	1.0	0.0399999991	2.0	1.57079637	97.0
2914.0230080001056	0.3429999949999001	gratings	1245.0	0.342999995	359.0	0.0	0.0	1.0	0.0399999991	2.0	1.57079637	97.0
2914.7230079993606	0.3429999949999001	gratings	963.0	0.342999995	359.0	0.0	0.0	1.0	0.0399999991	2.0	1.57079637	97.0
2915.423007999547	0.3429999949999001	gratings	365.0	0.342999995	359.0	0.0	0.0	1.0	0.0399999991	2.0	1.57079637	97.0
2916.123007999733	0.3429999949999001	gratings	1532.0	0.342999995	359.0	0.0	0.0	1.0	0.0399999991	2.0	1.57079637	97.0
2916.8230079999194	0.3429999949999001	gratings	449.0	0.342999995	359.0	0.0	0.0	1.0	0.0399999991	2.0	1.57079637	97.0
2917.5230080001056	0.3429999949999001	gratings	777.0	0.342999995	359.0	0.0	0.0	1.0	0.0399999991	2.0	1.57079637	97.0
2918.2230079993606	0.3429999949999001	gratings	679.0	0.342999995	359.0	0.0	0.0	1.0	0.0399999991	2.0	1.57079637	97.0
2918.923007999547	0.3429999949999001	gratings	486.0	0.342999995	359.0	0.0	0.0	1.0	0.0399999991	2.0	1.57079637	97.0
2919.623007999733	0.3429999949999001	gratings	1147.0	0.342999995	359.0	0.0	0.0	1.0	0.0399999991	2.0	1.57079637	97.0
2920.3230079999194	0.3429999949999001	gratings	488.0	0.342999995	359.0	0.0	0.0	1.0	0.0399999991	2.0	1.57079637	97.0
2921.0230080001056	0.3429999949999001	gratings	994.0	0.342999995	359.0	0.0	0.0	1.0	0.0399999991	2.0	1.57079637	97.0
2921.7230079993606	0.3429999949999001	gratings	1310.0	0.342999995	359.0	0.0	0.0	1.0	0.0399999991	2.0	1.57079637	97.0
2922.423007999547	0.3429999949999001	gratings	244.0	0.342999995	359.0	0.0	0.0	1.0	0.0399999991	2.0	1.57079637	97.0
2923.123007999733	0.3429999949999001	gratings	1298.0	0.342999995	359.0	0.0	0.0	1.0	0.0399999991	2.0	1.57079637	97.0
2923.8230079999194	0.3429999949999001	gratings	153.0	0.342999995	359.0	0.0	0.0	1.0	0.0399999991	2.0	1.57079637	97.0
2924.5230080001056	0.3429999949999001	gratings	1324.0	0.342999995	359.0	0.0	0.0	1.0	0.0399999991	2.0	1.57079637	97.0
2925.2230079993606	0.3429999949999001	gratings	1060.0	0.342999995	359.0	0.0	0.0	1.0	0.0399999991	2.0	1.57079637	97.0
2925.923007999547	0.3429999949999001	gratings	1342.0	0.342999995	359.0	0.0	0.0	1.0	0.0399999991	2.0	1.57079637	97.0
2926.623007999733	0.3429999949999001	gratings	1297.0	0.342999995	359.0	0.0	0.0	1.0	0.0399999991	2.0	1.57079637	97.0
2927.3230079999194	0.3429999949999001	gratings	125.0	0.342999995	359.0	0.0	0.0	1.0	0.0399999991	2.0	1.57079637	97.0
2928.0230080001056	0.3429999949999001	gratings	1477.0	0.342999995	359.0	0.0	0.0	1.0	0.0399999991	2.0	1.57079637	97.0
2928.7230079993606	0.3429999949999001	gratings	1326.0	0.342999995	359.0	0.0	0.0	1.0	0.0399999991	2.0	1.57079637	97.0
2929.423007999547	0.3429999949999001	gratings	516.0	0.342999995	359.0	0.0	0.0	1.0	0.0399999991	2.0	1.57079637	97.0
2930.123007999733	0.3429999949999001	gratings	3.0	0.342999995	359.0	0.0	0.0	1.0	0.0399999991	2.0	1.57079637	97.0
2930.8230079999194	0.3429999949999001	gratings	1015.0	0.342999995	359.0	0.0	0.0	1.0	0.0399999991	2.0	1.57079637	97.0
2931.5230080001056	0.3429999949999001	gratings	31.0	0.342999995	359.0	0.0	0.0	1.0	0.0399999991	2.0	0.785398185	97.0
2932.2230079993606	0.3429999949999001	gratings	1023.0	0.342999995	359.0	0.0	0.0	1.0	0.0399999991	2.0	1.57079637	97.0
2932.923007999547	0.3429999949999001	gratings	879.0	0.342999995	359.0	0.0	0.0	1.0	0.0399999991	2.0	1.57079637	97.0
2933.623007999733	0.3429999949999001	gratings	122.0	0.342999995	359.0	0.0	0.0	1.0	0.0399999991	2.0	0.0	97.0
2934.3230079999194	0.3429999949999001	gratings	1386.0	0.342999995	359.0	0.0	0.0	1.0	0.0399999991	2.0	1.57079637	97.0
2935.0230080001056	0.3429999949999001	gratings	357.0	0.342999995	359.0	0.0	0.0	1.0	0.0399999991	2.0	1.57079637	97.0
2935.7230079993606	0.3429999949999001	gratings	1509.0	0.342999995	359.0	0.0	0.0	1.0	0.0399999991	2.0	1.57079637	97.0
2936.423007999547	0.3429999949999001	gratings	445.0	0.342999995	359.0	0.0	0.0	1.0	0.0399999991	2.0	1.57079637	97.0
2937.123007999733	0.3429999949999001	gratings	99.0	0.342999995	359.0	0.0	0.0	0.0	0.0399999991	2.0	0.0	97.0
2937.8230079999194	0.3429999949999001	gratings	362.0	0.342999995	359.0	0.0	0.0	1.0	0.0399999991	2.0	1.57079637	97.0
2938.5230080001056	0.3429999949999001	gratings	1441.0	0.342999995	359.0	0.0	0.0	1.0	0.0399999991	2.0	1.57079637	97.0
2939.2230079993606	0.3429999949999001	gratings	472.0	0.342999995	359.0	0.0	0.0	1.0	0.0399999991	2.0	1.57079637	97.0
2939.923007999547	0.3429999949999001	gratings	403.0	0.342999995	359.0	0.0	0.0	1.0	0.0399999991	2.0	1.57079637	97.0
2940.6260159993544	0.3429999949999001	gratings	744.0	0.342999995	359.0	0.0	0.0	1.0	0.0399999991	2.0	1.57079637	98.0
2941.3230079999194	0.3429999949999001	gratings	732.0	0.342999995	359.0	0.0	0.0	1.0	0.0399999991	2.0	1.57079637	98.0
2942.0230080001056	0.3429999949999001	gratings	473.0	0.342999995	359.0	0.0	0.0	1.0	0.0399999991	2.0	1.57079637	98.0
2942.7230079993606	0.3429999949999001	gratings	257.0	0.342999995	359.0	0.0	0.0	1.0	0.0399999991	2.0	1.57079637	98.0
2943.423007999547	0.3429999949999001	gratings	625.0	0.342999995	359.0	0.0	0.0	1.0	0.0399999991	2.0	1.57079637	98.0
2944.123007999733	0.3429999949999001	gratings	301.0	0.342999995	359.0	0.0	0.0	1.0	0.0399999991	2.0	1.57079637	98.0
2944.8230079999194	0.3429999949999001	gratings	945.0	0.342999995	359.0	0.0	0.0	1.0	0.0399999991	2.0	1.57079637	98.0
2945.5230080001056	0.3429999949999001	gratings	102.0	0.342999995	359.0	0.0	0.0	1.0	0.0399999991	2.0	0.0	98.0
2946.2230079993606	0.3429999949999001	gratings	1262.0	0.342999995	359.0	0.0	0.0	1.0	0.0399999991	2.0	1.57079637	98.0
2946.923007999547	0.3429999949999001	gratings	670.0	0.342999995	359.0	0.0	0.0	1.0	0.0399999991	2.0	1.57079637	98.0
2947.623007999733	0.3429999949999001	gratings	1354.0	0.342999995	359.0	0.0	0.0	1.0	0.0399999991	2.0	1.57079637	98.0
2948.3230079999194	0.3429999949999001	gratings	750.0	0.342999995	359.0	0.0	0.0	1.0	0.0399999991	2.0	1.57079637	98.0
2949.0230080001056	0.3429999949999001	gratings	1278.0	0.342999995	359.0	0.0	0.0	1.0	0.0399999991	2.0	1.57079637	98.0
2949.7230079993606	0.3429999949999001	gratings	1393.0	0.342999995	359.0	0.0	0.0	1.0	0.0399999991	2.0	1.57079637	98.0
2950.423007999547	0.3429999949999001	gratings	911.0	0.342999995	359.0	0.0	0.0	1.0	0.0399999991	2.0	1.57079637	98.0
2951.123007999733	0.3429999949999001	gratings	955.0	0.342999995	359.0	0.0	0.0	1.0	0.0399999991	2.0	1.57079637	98.0
2951.8230079999194	0.3429999949999001	gratings	1031.0	0.342999995	359.0	0.0	0.0	1.0	0.0399999991	2.0	1.57079637	98.0
2952.5230080001056	0.3429999949999001	gratings	755.0	0.342999995	359.0	0.0	0.0	1.0	0.0399999991	2.0	1.57079637	98.0
2953.2230079993606	0.3429999949999001	gratings	97.0	0.342999995	359.0	0.0	0.0	1.0	0.0399999991	2.0	0.0	98.0
2953.923007999547	0.3429999949999001	gratings	864.0	0.342999995	359.0	0.0	0.0	1.0	0.0399999991	2.0	1.57079637	98.0
2954.623007999733	0.3429999949999001	gratings	483.0	0.342999995	359.0	0.0	0.0	1.0	0.0399999991	2.0	1.57079637	98.0
2955.3230079999194	0.3429999949999001	gratings	35.0	0.342999995	359.0	0.0	0.0	1.0	0.0399999991	2.0	1.57079637	98.0
2956.0230080001056	0.3429999949999001	gratings	364.0	0.342999995	359.0	0.0	0.0	1.0	0.0399999991	2.0	1.57079637	98.0
2956.7230079993606	0.3429999949999001	gratings	1193.0	0.342999995	359.0	0.0	0.0	1.0	0.0399999991	2.0	1.57079637	98.0
2957.423007999547	0.3429999949999001	gratings	771.0	0.342999995	359.0	0.0	0.0	1.0	0.0399999991	2.0	1.57079637	98.0
2958.123007999733	0.3429999949999001	gratings	577.0	0.342999995	359.0	0.0	0.0	1.0	0.0399999991	2.0	1.57079637	98.0
2958.8230079999194	0.3429999949999001	gratings	819.0	0.342999995	359.0	0.0	0.0	1.0	0.0399999991	2.0	1.57079637	98.0
2959.5230080001056	0.3429999949999001	gratings	804.0	0.342999995	359.0	0.0	0.0	1.0	0.0399999991	2.0	1.57079637	98.0
2960.2230079993606	0.3429999949999001	gratings	95.0	0.342999995	359.0	0.0	0.0	1.0	0.0399999991	2.0	1.57079637	98.0
2960.923007999547	0.3429999949999001	gratings	1188.0	0.342999995	359.0	0.0	0.0	1.0	0.0399999991	2.0	1.57079637	98.0
2961.623007999733	0.3429999949999001	gratings	617.0	0.342999995	359.0	0.0	0.0	1.0	0.0399999991	2.0	1.57079637	98.0
2962.3230079999194	0.3429999949999001	gratings	1181.0	0.342999995	359.0	0.0	0.0	1.0	0.0399999991	2.0	1.57079637	98.0
2963.0230080001056	0.3429999949999001	gratings	685.0	0.342999995	359.0	0.0	0.0	1.0	0.0399999991	2.0	1.57079637	98.0
2963.7230079993606	0.3429999949999001	gratings	1516.0	0.342999995	359.0	0.0	0.0	1.0	0.0399999991	2.0	1.57079637	98.0
2964.423007999547	0.3429999949999001	gratings	1434.0	0.342999995	359.0	0.0	0.0	1.0	0.0399999991	2.0	1.57079637	98.0
2965.123007999733	0.3429999949999001	gratings	1335.0	0.342999995	359.0	0.0	0.0	1.0	0.0399999991	2.0	1.57079637	98.0
2965.8230079999194	0.3429999949999001	gratings	1103.0	0.342999995	359.0	0.0	0.0	1.0	0.0399999991	2.0	1.57079637	98.0
2966.5230080001056	0.3429999949999001	gratings	1204.0	0.342999995	359.0	0.0	0.0	1.0	0.0399999991	2.0	1.57079637	98.0
2967.2230079993606	0.3429999949999001	gratings	478.0	0.342999995	359.0	0.0	0.0	1.0	0.0399999991	2.0	1.57079637	98.0
2967.923007999547	0.3429999949999001	gratings	639.0	0.342999995	359.0	0.0	0.0	1.0	0.0399999991	2.0	1.57079637	98.0
2968.623007999733	0.3429999949999001	gratings	1508.0	0.342999995	359.0	0.0	0.0	1.0	0.0399999991	2.0	1.57079637	98.0
2969.3230079999194	0.3429999949999001	gratings	341.0	0.342999995	359.0	0.0	0.0	1.0	0.0399999991	2.0	1.57079637	98.0
2970.0230080001056	0.3429999949999001	gratings	1334.0	0.342999995	359.0	0.0	0.0	1.0	0.0399999991	2.0	1.57079637	-1.0
2970.7230079993606	0.3429999949999001	gratings	227.0	0.342999995	359.0	0.0	0.0	1.0	0.0399999991	2.0	1.57079637	99.0
2971.423007999547	0.3429999949999001	gratings	918.0	0.342999995	359.0	0.0	0.0	1.0	0.0399999991	2.0	1.57079637	99.0
2972.123007999733	0.3429999949999001	gratings	913.0	0.342999995	359.0	0.0	0.0	1.0	0.0399999991	2.0	1.57079637	99.0
2972.8230079999194	0.3429999949999001	gratings	521.0	0.342999995	359.0	0.0	0.0	1.0	0.0399999991	2.0	1.57079637	99.0
2973.5230080001056	0.3429999949999001	gratings	1433.0	0.342999995	359.0	0.0	0.0	1.0	0.0399999991	2.0	1.57079637	99.0
2974.2230079993606	0.3429999949999001	gratings	1214.0	0.342999995	359.0	0.0	0.0	1.0	0.0399999991	2.0	1.57079637	99.0
2974.923007999547	0.3429999949999001	gratings	563.0	0.342999995	359.0	0.0	0.0	1.0	0.0399999991	2.0	1.57079637	99.0
2975.623007999733	0.3429999949999001	gratings	90.0	0.342999995	359.0	0.0	0.0	1.0	0.0399999991	2.0	1.57079637	99.0
2976.3230079999194	0.3429999949999001	gratings	1524.0	0.342999995	359.0	0.0	0.0	1.0	0.0399999991	2.0	1.57079637	99.0
2977.0230080001056	0.3429999949999001	gratings	262.0	0.342999995	359.0	0.0	0.0	1.0	0.0399999991	2.0	1.57079637	99.0
2977.7230079993606	0.3429999949999001	gratings	1192.0	0.342999995	359.0	0.0	0.0	1.0	0.0399999991	2.0	1.57079637	99.0
2978.423007999547	0.3429999949999001	gratings	446.0	0.342999995	359.0	0.0	0.0	1.0	0.0399999991	2.0	1.57079637	99.0
2979.123007999733	0.3429999949999001	gratings	389.0	0.342999995	359.0	0.0	0.0	1.0	0.0399999991	2.0	1.57079637	99.0
2979.8230079999194	0.3429999949999001	gratings	721.0	0.342999995	359.0	0.0	0.0	1.0	0.0399999991	2.0	1.57079637	99.0
2980.5230080001056	0.3429999949999001	gratings	388.0	0.342999995	359.0	0.0	0.0	1.0	0.0399999991	2.0	1.57079637	99.0
2981.2230079993606	0.3429999949999001	gratings	263.0	0.342999995	359.0	0.0	0.0	1.0	0.0399999991	2.0	1.57079637	99.0
2981.923007999547	0.3429999949999001	gratings	1141.0	0.342999995	359.0	0.0	0.0	1.0	0.0399999991	2.0	1.57079637	99.0
2982.623007999733	0.3429999949999001	gratings	966.0	0.342999995	359.0	0.0	0.0	1.0	0.0399999991	2.0	1.57079637	99.0
2983.3230079999194	0.3429999949999001	gratings	654.0	0.342999995	359.0	0.0	0.0	1.0	0.0399999991	2.0	1.57079637	99.0
2984.0230080001056	0.3429999949999001	gratings	455.0	0.342999995	359.0	0.0	0.0	1.0	0.0399999991	2.0	1.57079637	99.0
2984.7230079993606	0.3429999949999001	gratings	1028.0	0.342999995	359.0	0.0	0.0	1.0	0.0399999991	2.0	1.57079637	99.0
2985.423007999547	0.3429999949999001	gratings	932.0	0.342999995	359.0	0.0	0.0	1.0	0.0399999991	2.0	1.57079637	99.0
2986.123007999733	0.3429999949999001	gratings	745.0	0.342999995	359.0	0.0	0.0	1.0	0.0399999991	2.0	1.57079637	99.0
2986.8230079999194	0.3429999949999001	gratings	476.0	0.342999995	359.0	0.0	0.0	1.0	0.0399999991	2.0	1.57079637	99.0
2987.5230080001056	0.3429999949999001	gratings	652.0	0.342999995	359.0	0.0	0.0	1.0	0.0399999991	2.0	1.57079637	99.0
2988.2230079993606	0.3429999949999001	gratings	76.0	0.342999995	359.0	0.0	0.0	1.0	0.0399999991	2.0	0.785398185	99.0
2988.923007999547	0.3429999949999001	gratings	946.0	0.342999995	359.0	0.0	0.0	1.0	0.0399999991	2.0	1.57079637	99.0
2989.623007999733	0.3429999949999001	gratings	329.0	0.342999995	359.0	0.0	0.0	1.0	0.0399999991	2.0	1.57079637	99.0
2990.3230079999194	0.3429999949999001	gratings	1171.0	0.342999995	359.0	0.0	0.0	1.0	0.0399999991	2.0	1.57079637	99.0
2991.0239999992773	0.3429999949999001	gratings	570.0	0.342999995	359.0	0.0	0.0	1.0	0.0399999991	2.0	1.57079637	99.0
2991.7230079993606	0.3429999949999001	gratings	368.0	0.342999995	359.0	0.0	0.0	1.0	0.0399999991	2.0	1.57079637	99.0
2992.423007999547	0.3429999949999001	gratings	870.0	0.342999995	359.0	0.0	0.0	1.0	0.0399999991	2.0	1.57079637	99.0
2993.123007999733	0.3429999949999001	gratings	960.0	0.342999995	359.0	0.0	0.0	1.0	0.0399999991	2.0	1.57079637	99.0
2993.8230079999194	0.3429999949999001	gratings	432.0	0.342999995	359.0	0.0	0.0	1.0	0.0399999991	2.0	1.57079637	99.0
2994.5230080001056	0.3429999949999001	gratings	1115.0	0.342999995	359.0	0.0	0.0	1.0	0.0399999991	2.0	1.57079637	99.0
2995.2230079993606	0.3429999949999001	gratings	392.0	0.342999995	359.0	0.0	0.0	1.0	0.0399999991	2.0	1.57079637	99.0
2995.923007999547	0.3429999949999001	gratings	1075.0	0.342999995	359.0	0.0	0.0	1.0	0.0399999991	2.0	1.57079637	99.0
2996.623007999733	0.3429999949999001	gratings	512.0	0.342999995	359.0	0.0	0.0	1.0	0.0399999991	2.0	1.57079637	99.0
2997.3230079999194	0.3429999949999001	gratings	586.0	0.342999995	359.0	0.0	0.0	1.0	0.0399999991	2.0	1.57079637	99.0
2998.0230080001056	0.3429999949999001	gratings	251.0	0.342999995	359.0	0.0	0.0	1.0	0.0399999991	2.0	1.57079637	99.0
2998.7230079993606	0.3429999949999001	gratings	562.0	0.342999995	359.0	0.0	0.0	1.0	0.0399999991	2.0	1.57079637	99.0
2999.423007999547	0.3429999949999001	gratings	1032.0	0.342999995	359.0	0.0	0.0	1.0	0.0399999991	2.0	1.57079637	99.0
3000.123007999733	0.3429999949999001	gratings	335.0	0.342999995	359.0	0.0	0.0	1.0	0.0399999991	2.0	1.57079637	-1.0
3000.8240000000224	0.3429999949999001	gratings	734.0	0.342999995	359.0	0.0	0.0	1.0	0.0399999991	2.0	1.57079637	100.0
3001.5239999992773	0.3429999949999001	gratings	1200.0	0.342999995	359.0	0.0	0.0	1.0	0.0399999991	2.0	1.57079637	100.0
3002.2239999994636	0.3429999949999001	gratings	688.0	0.342999995	359.0	0.0	0.0	1.0	0.0399999991	2.0	1.57079637	100.0
3002.92399999965	0.3429999949999001	gratings	939.0	0.342999995	359.0	0.0	0.0	1.0	0.0399999991	2.0	1.57079637	100.0
3003.623999999836	0.3429999949999001	gratings	916.0	0.342999995	359.0	0.0	0.0	1.0	0.0399999991	2.0	1.57079637	100.0
3004.3240000000224	0.3429999949999001	gratings	224.0	0.342999995	359.0	0.0	0.0	1.0	0.0399999991	2.0	1.57079637	100.0
3005.0239999992773	0.3429999949999001	gratings	1280.0	0.342999995	359.0	0.0	0.0	1.0	0.0399999991	2.0	1.57079637	100.0
3005.7239999994636	0.3429999949999001	gratings	1081.0	0.342999995	359.0	0.0	0.0	1.0	0.0399999991	2.0	1.57079637	100.0
3006.42399999965	0.3429999949999001	gratings	1523.0	0.342999995	359.0	0.0	0.0	1.0	0.0399999991	2.0	1.57079637	100.0
3007.123999999836	0.3429999949999001	gratings	1289.0	0.342999995	359.0	0.0	0.0	1.0	0.0399999991	2.0	1.57079637	100.0
3007.8240000000224	0.3429999949999001	gratings	64.0	0.342999995	359.0	0.0	0.0	0.0	0.0399999991	2.0	0.0	100.0
3008.5239999992773	0.3429999949999001	gratings	511.0	0.342999995	359.0	0.0	0.0	1.0	0.0399999991	2.0	1.57079637	100.0
3009.2239999994636	0.3429999949999001	gratings	100.0	0.342999995	359.0	0.0	0.0	1.0	0.0399999991	2.0	1.57079637	100.0
3009.92399999965	0.3429999949999001	gratings	87.0	0.342999995	359.0	0.0	0.0	1.0	0.0399999991	2.0	0.0	100.0
3010.623999999836	0.3429999949999001	gratings	1468.0	0.342999995	359.0	0.0	0.0	1.0	0.0399999991	2.0	1.57079637	100.0
3011.3240000000224	0.3429999949999001	gratings	1065.0	0.342999995	359.0	0.0	0.0	1.0	0.0399999991	2.0	1.57079637	100.0
3012.0239999992773	0.3429999949999001	gratings	1469.0	0.342999995	359.0	0.0	0.0	1.0	0.0399999991	2.0	1.57079637	100.0
3012.7239999994636	0.3429999949999001	gratings	248.0	0.342999995	359.0	0.0	0.0	1.0	0.0399999991	2.0	1.57079637	100.0
3013.42399999965	0.3429999949999001	gratings	1160.0	0.342999995	359.0	0.0	0.0	1.0	0.0399999991	2.0	1.57079637	100.0
3014.123999999836	0.3429999949999001	gratings	1144.0	0.342999995	359.0	0.0	0.0	1.0	0.0399999991	2.0	1.57079637	100.0
3014.8240000000224	0.3429999949999001	gratings	116.0	0.342999995	359.0	0.0	0.0	1.0	0.0399999991	2.0	0.785398185	100.0
3015.5239999992773	0.3429999949999001	gratings	1020.0	0.342999995	359.0	0.0	0.0	1.0	0.0399999991	2.0	1.57079637	100.0
3016.2239999994636	0.3429999949999001	gratings	1185.0	0.342999995	359.0	0.0	0.0	1.0	0.0399999991	2.0	1.57079637	100.0
3016.92399999965	0.3429999949999001	gratings	1166.0	0.342999995	359.0	0.0	0.0	1.0	0.0399999991	2.0	1.57079637	100.0
3017.623999999836	0.3429999949999001	gratings	79.0	0.342999995	359.0	0.0	0.0	0.0	0.0399999991	2.0	0.0	100.0
3018.3240000000224	0.3429999949999001	gratings	401.0	0.342999995	359.0	0.0	0.0	1.0	0.0399999991	2.0	1.57079637	100.0
3019.0239999992773	0.3429999949999001	gratings	633.0	0.342999995	359.0	0.0	0.0	1.0	0.0399999991	2.0	1.57079637	100.0
3019.7239999994636	0.3429999949999001	gratings	194.0	0.342999995	359.0	0.0	0.0	1.0	0.0399999991	2.0	1.57079637	100.0
3020.42399999965	0.3429999949999001	gratings	1004.0	0.342999995	359.0	0.0	0.0	1.0	0.0399999991	2.0	1.57079637	100.0
3021.123999999836	0.3429999949999001	gratings	782.0	0.342999995	359.0	0.0	0.0	1.0	0.0399999991	2.0	1.57079637	100.0
3021.8240000000224	0.3429999949999001	gratings	1232.0	0.342999995	359.0	0.0	0.0	1.0	0.0399999991	2.0	1.57079637	100.0
3022.5239999992773	0.3429999949999001	gratings	540.0	0.342999995	359.0	0.0	0.0	1.0	0.0399999991	2.0	1.57079637	100.0
3023.2239999994636	0.3429999949999001	gratings	303.0	0.342999995	359.0	0.0	0.0	1.0	0.0399999991	2.0	1.57079637	100.0
3023.92399999965	0.3429999949999001	gratings	1076.0	0.342999995	359.0	0.0	0.0	1.0	0.0399999991	2.0	1.57079637	100.0
3024.623999999836	0.3429999949999001	gratings	1412.0	0.342999995	359.0	0.0	0.0	1.0	0.0399999991	2.0	1.57079637	100.0
3025.3240000000224	0.3429999949999001	gratings	1352.0	0.342999995	359.0	0.0	0.0	1.0	0.0399999991	2.0	1.57079637	100.0
3026.0239999992773	0.3429999949999001	gratings	469.0	0.342999995	359.0	0.0	0.0	1.0	0.0399999991	2.0	1.57079637	100.0
3026.7239999994636	0.3429999949999001	gratings	674.0	0.342999995	359.0	0.0	0.0	1.0	0.0399999991	2.0	1.57079637	100.0
3027.42399999965	0.3429999949999001	gratings	1340.0	0.342999995	359.0	0.0	0.0	1.0	0.0399999991	2.0	1.57079637	100.0
3028.123999999836	0.3429999949999001	gratings	225.0	0.342999995	359.0	0.0	0.0	1.0	0.0399999991	2.0	1.57079637	100.0
3028.8240000000224	0.3429999949999001	gratings	1474.0	0.342999995	359.0	0.0	0.0	1.0	0.0399999991	2.0	1.57079637	100.0
3029.5239999992773	0.3429999949999001	gratings	714.0	0.342999995	359.0	0.0	0.0	1.0	0.0399999991	2.0	1.57079637	100.0
3030.2239999994636	0.3429999949999001	gratings	121.0	0.342999995	359.0	0.0	0.0	1.0	0.0399999991	2.0	0.785398185	-1.0
3030.92399999965	0.3429999949999001	gratings	811.0	0.342999995	359.0	0.0	0.0	1.0	0.0399999991	2.0	1.57079637	101.0
3031.623999999836	0.3429999949999001	gratings	885.0	0.342999995	359.0	0.0	0.0	1.0	0.0399999991	2.0	1.57079637	101.0
3032.3240000000224	0.3429999949999001	gratings	1320.0	0.342999995	359.0	0.0	0.0	1.0	0.0399999991	2.0	1.57079637	101.0
3033.0239999992773	0.3429999949999001	gratings	268.0	0.342999995	359.0	0.0	0.0	1.0	0.0399999991	2.0	1.57079637	101.0
3033.7239999994636	0.3429999949999001	gratings	1054.0	0.342999995	359.0	0.0	0.0	1.0	0.0399999991	2.0	1.57079637	101.0
3034.42399999965	0.3429999949999001	gratings	13.0	0.342999995	359.0	0.0	0.0	1.0	0.0399999991	2.0	1.57079637	101.0
3035.123999999836	0.3429999949999001	gratings	247.0	0.342999995	359.0	0.0	0.0	1.0	0.0399999991	2.0	1.57079637	101.0
3035.8240000000224	0.3429999949999001	gratings	98.0	0.342999995	359.0	0.0	0.0	1.0	0.0399999991	2.0	1.57079637	101.0
3036.5239999992773	0.3429999949999001	gratings	1394.0	0.342999995	359.0	0.0	0.0	1.0	0.0399999991	2.0	1.57079637	101.0
3037.2239999994636	0.3429999949999001	gratings	1137.0	0.342999995	359.0	0.0	0.0	1.0	0.0399999991	2.0	1.57079637	101.0
3037.92399999965	0.3429999949999001	gratings	73.0	0.342999995	359.0	0.0	0.0	1.0	0.0399999991	2.0	1.57079637	101.0
3038.623999999836	0.3429999949999001	gratings	1510.0	0.342999995	359.0	0.0	0.0	1.0	0.0399999991	2.0	1.57079637	101.0
3039.3240000000224	0.3429999949999001	gratings	333.0	0.342999995	359.0	0.0	0.0	1.0	0.0399999991	2.0	1.57079637	101.0
3040.0239999992773	0.3429999949999001	gratings	1423.0	0.342999995	359.0	0.0	0.0	1.0	0.0399999991	2.0	1.57079637	101.0
3040.7239999994636	0.3429999949999001	gratings	1467.0	0.342999995	359.0	0.0	0.0	1.0	0.0399999991	2.0	1.57079637	101.0
3041.42399999965	0.3429999949999001	gratings	348.0	0.342999995	359.0	0.0	0.0	1.0	0.0399999991	2.0	1.57079637	101.0
3042.123999999836	0.3429999949999001	gratings	900.0	0.342999995	359.0	0.0	0.0	1.0	0.0399999991	2.0	1.57079637	101.0
3042.8240000000224	0.3429999949999001	gratings	463.0	0.342999995	359.0	0.0	0.0	1.0	0.0399999991	2.0	1.57079637	101.0
3043.5239999992773	0.3429999949999001	gratings	1021.0	0.342999995	359.0	0.0	0.0	1.0	0.0399999991	2.0	1.57079637	101.0
3044.2239999994636	0.3429999949999001	gratings	532.0	0.342999995	359.0	0.0	0.0	1.0	0.0399999991	2.0	1.57079637	101.0
3044.92399999965	0.3429999949999001	gratings	1211.0	0.342999995	359.0	0.0	0.0	1.0	0.0399999991	2.0	1.57079637	101.0
3045.623999999836	0.3429999949999001	gratings	1511.0	0.342999995	359.0	0.0	0.0	1.0	0.0399999991	2.0	1.57079637	101.0
3046.3240000000224	0.3429999949999001	gratings	967.0	0.342999995	359.0	0.0	0.0	1.0	0.0399999991	2.0	1.57079637	101.0
3047.0239999992773	0.3429999949999001	gratings	1074.0	0.342999995	359.0	0.0	0.0	1.0	0.0399999991	2.0	1.57079637	101.0
3047.7239999994636	0.3429999949999001	gratings	377.0	0.342999995	359.0	0.0	0.0	1.0	0.0399999991	2.0	1.57079637	101.0
3048.42399999965	0.3429999949999001	gratings	1161.0	0.342999995	359.0	0.0	0.0	1.0	0.0399999991	2.0	1.57079637	101.0
3049.123999999836	0.3429999949999001	gratings	823.0	0.342999995	359.0	0.0	0.0	1.0	0.0399999991	2.0	1.57079637	101.0
3049.8240000000224	0.3429999949999001	gratings	34.0	0.342999995	359.0	0.0	0.0	0.0	0.0399999991	2.0	0.0	101.0
3050.5239999992773	0.3429999949999001	gratings	709.0	0.342999995	359.0	0.0	0.0	1.0	0.0399999991	2.0	1.57079637	101.0
3051.2239999994636	0.3429999949999001	gratings	468.0	0.342999995	359.0	0.0	0.0	1.0	0.0399999991	2.0	1.57079637	101.0
3051.92399999965	0.3429999949999001	gratings	1034.0	0.342999995	359.0	0.0	0.0	1.0	0.0399999991	2.0	1.57079637	101.0
3052.623999999836	0.3429999949999001	gratings	1268.0	0.342999995	359.0	0.0	0.0	1.0	0.0399999991	2.0	1.57079637	101.0
3053.3240000000224	0.3429999949999001	gratings	254.0	0.342999995	359.0	0.0	0.0	1.0	0.0399999991	2.0	1.57079637	101.0
3054.0239999992773	0.3429999949999001	gratings	68.0	0.342999995	359.0	0.0	0.0	1.0	0.0399999991	2.0	1.57079637	101.0
3054.7239999994636	0.3429999949999001	gratings	1427.0	0.342999995	359.0	0.0	0.0	1.0	0.0399999991	2.0	1.57079637	101.0
3055.42399999965	0.3429999949999001	gratings	1094.0	0.342999995	359.0	0.0	0.0	1.0	0.0399999991	2.0	1.57079637	101.0
3056.123999999836	0.3429999949999001	gratings	1371.0	0.342999995	359.0	0.0	0.0	1.0	0.0399999991	2.0	1.57079637	101.0
3056.8240000000224	0.3429999949999001	gratings	1333.0	0.342999995	359.0	0.0	0.0	1.0	0.0399999991	2.0	1.57079637	101.0
3057.5239999992773	0.3429999949999001	gratings	1415.0	0.342999995	359.0	0.0	0.0	1.0	0.0399999991	2.0	1.57079637	101.0
3058.2239999994636	0.3429999949999001	gratings	1241.0	0.342999995	359.0	0.0	0.0	1.0	0.0399999991	2.0	1.57079637	101.0
3058.92399999965	0.3429999949999001	gratings	246.0	0.342999995	359.0	0.0	0.0	1.0	0.0399999991	2.0	1.57079637	101.0
3059.623999999836	0.3429999949999001	gratings	703.0	0.342999995	359.0	0.0	0.0	1.0	0.0399999991	2.0	1.57079637	101.0
3060.3240000000224	0.3429999949999001	gratings	7.0	0.342999995	359.0	0.0	0.0	1.0	0.0399999991	2.0	0.0	-1.0
3061.0239999992773	0.3429999949999001	gratings	1521.0	0.342999995	359.0	0.0	0.0	1.0	0.0399999991	2.0	1.57079637	102.0
3061.7239999994636	0.3429999949999001	gratings	62.0	0.342999995	359.0	0.0	0.0	1.0	0.0399999991	2.0	0.0	102.0
3062.42399999965	0.3429999949999001	gratings	158.0	0.342999995	359.0	0.0	0.0	1.0	0.0399999991	2.0	1.57079637	102.0
3063.123999999836	0.3429999949999001	gratings	736.0	0.342999995	359.0	0.0	0.0	1.0	0.0399999991	2.0	1.57079637	102.0
3063.8240000000224	0.3429999949999001	gratings	827.0	0.342999995	359.0	0.0	0.0	1.0	0.0399999991	2.0	1.57079637	102.0
3064.5239999992773	0.3429999949999001	gratings	524.0	0.342999995	359.0	0.0	0.0	1.0	0.0399999991	2.0	1.57079637	102.0
3065.2239999994636	0.3429999949999001	gratings	72.0	0.342999995	359.0	0.0	0.0	1.0	0.0399999991	2.0	0.0	102.0
3065.92399999965	0.3429999949999001	gratings	417.0	0.342999995	359.0	0.0	0.0	1.0	0.0399999991	2.0	1.57079637	102.0
3066.623999999836	0.3429999949999001	gratings	1482.0	0.342999995	359.0	0.0	0.0	1.0	0.0399999991	2.0	1.57079637	102.0
3067.3240000000224	0.3429999949999001	gratings	1067.0	0.342999995	359.0	0.0	0.0	1.0	0.0399999991	2.0	1.57079637	102.0
3068.0239999992773	0.3429999949999001	gratings	1002.0	0.342999995	359.0	0.0	0.0	1.0	0.0399999991	2.0	1.57079637	102.0
3068.7239999994636	0.3429999949999001	gratings	195.0	0.342999995	359.0	0.0	0.0	1.0	0.0399999991	2.0	1.57079637	102.0
3069.42399999965	0.3429999949999001	gratings	672.0	0.342999995	359.0	0.0	0.0	1.0	0.0399999991	2.0	1.57079637	102.0
3070.123999999836	0.3429999949999001	gratings	676.0	0.342999995	359.0	0.0	0.0	1.0	0.0399999991	2.0	1.57079637	102.0
3070.8240000000224	0.3429999949999001	gratings	1485.0	0.342999995	359.0	0.0	0.0	1.0	0.0399999991	2.0	1.57079637	102.0
3071.5239999992773	0.3429999949999001	gratings	273.0	0.342999995	359.0	0.0	0.0	1.0	0.0399999991	2.0	1.57079637	102.0
3072.2239999994636	0.3429999949999001	gratings	887.0	0.342999995	359.0	0.0	0.0	1.0	0.0399999991	2.0	1.57079637	102.0
3072.92399999965	0.3429999949999001	gratings	1275.0	0.342999995	359.0	0.0	0.0	1.0	0.0399999991	2.0	1.57079637	102.0
3073.623999999836	0.3429999949999001	gratings	508.0	0.342999995	359.0	0.0	0.0	1.0	0.0399999991	2.0	1.57079637	102.0
3074.3240000000224	0.3429999949999001	gratings	817.0	0.342999995	359.0	0.0	0.0	1.0	0.0399999991	2.0	1.57079637	102.0
3075.0239999992773	0.3429999949999001	gratings	222.0	0.342999995	359.0	0.0	0.0	1.0	0.0399999991	2.0	1.57079637	102.0
3075.7239999994636	0.3429999949999001	gratings	23.0	0.342999995	359.0	0.0	0.0	1.0	0.0399999991	2.0	1.57079637	102.0
3076.42399999965	0.3429999949999001	gratings	140.0	0.342999995	359.0	0.0	0.0	1.0	0.0399999991	2.0	1.57079637	102.0
3077.123999999836	0.3429999949999001	gratings	298.0	0.342999995	359.0	0.0	0.0	1.0	0.0399999991	2.0	1.57079637	102.0
3077.8240000000224	0.3429999949999001	gratings	1095.0	0.342999995	359.0	0.0	0.0	1.0	0.0399999991	2.0	1.57079637	102.0
3078.5239999992773	0.3429999949999001	gratings	767.0	0.342999995	359.0	0.0	0.0	1.0	0.0399999991	2.0	1.57079637	102.0
3079.2239999994636	0.3429999949999001	gratings	1478.0	0.342999995	359.0	0.0	0.0	1.0	0.0399999991	2.0	1.57079637	102.0
3079.92399999965	0.3429999949999001	gratings	436.0	0.342999995	359.0	0.0	0.0	1.0	0.0399999991	2.0	1.57079637	102.0
3080.623999999836	0.3429999949999001	gratings	1361.0	0.342999995	359.0	0.0	0.0	1.0	0.0399999991	2.0	1.57079637	102.0
3081.3240000000224	0.3429999949999001	gratings	415.0	0.342999995	359.0	0.0	0.0	1.0	0.0399999991	2.0	1.57079637	102.0
3082.0239999992773	0.3429999949999001	gratings	773.0	0.342999995	359.0	0.0	0.0	1.0	0.0399999991	2.0	1.57079637	102.0
3082.7239999994636	0.3429999949999001	gratings	197.0	0.342999995	359.0	0.0	0.0	1.0	0.0399999991	2.0	1.57079637	102.0
3083.42399999965	0.3429999949999001	gratings	84.0	0.342999995	359.0	0.0	0.0	0.0	0.0399999991	2.0	0.0	102.0
3084.123999999836	0.3429999949999001	gratings	751.0	0.342999995	359.0	0.0	0.0	1.0	0.0399999991	2.0	1.57079637	102.0
3084.8240000000224	0.3429999949999001	gratings	315.0	0.342999995	359.0	0.0	0.0	1.0	0.0399999991	2.0	1.57079637	102.0
3085.5239999992773	0.3429999949999001	gratings	1455.0	0.342999995	359.0	0.0	0.0	1.0	0.0399999991	2.0	1.57079637	102.0
3086.2239999994636	0.3429999949999001	gratings	671.0	0.342999995	359.0	0.0	0.0	1.0	0.0399999991	2.0	1.57079637	102.0
3086.92399999965	0.3429999949999001	gratings	729.0	0.342999995	359.0	0.0	0.0	1.0	0.0399999991	2.0	1.57079637	102.0
3087.623999999836	0.3429999949999001	gratings	769.0	0.342999995	359.0	0.0	0.0	1.0	0.0399999991	2.0	1.57079637	102.0
3088.3240000000224	0.3429999949999001	gratings	552.0	0.342999995	359.0	0.0	0.0	1.0	0.0399999991	2.0	1.57079637	102.0
3089.0239999992773	0.3429999949999001	gratings	183.0	0.342999995	359.0	0.0	0.0	1.0	0.0399999991	2.0	1.57079637	102.0
3089.7239999994636	0.3429999949999001	gratings	713.0	0.342999995	359.0	0.0	0.0	1.0	0.0399999991	2.0	1.57079637	102.0
3090.42399999965	0.3429999949999001	gratings	1100.0	0.342999995	359.0	0.0	0.0	1.0	0.0399999991	2.0	1.57079637	-1.0
3091.123999999836	0.3429999949999001	gratings	1461.0	0.342999995	359.0	0.0	0.0	1.0	0.0399999991	2.0	1.57079637	103.0
3091.8240000000224	0.3429999949999001	gratings	567.0	0.342999995	359.0	0.0	0.0	1.0	0.0399999991	2.0	1.57079637	103.0
3092.5239999992773	0.3429999949999001	gratings	1183.0	0.342999995	359.0	0.0	0.0	1.0	0.0399999991	2.0	1.57079637	103.0
3093.2239999994636	0.3429999949999001	gratings	601.0	0.342999995	359.0	0.0	0.0	1.0	0.0399999991	2.0	1.57079637	103.0
3093.92399999965	0.3429999949999001	gratings	160.0	0.342999995	359.0	0.0	0.0	1.0	0.0399999991	2.0	1.57079637	103.0
3094.623999999836	0.3429999949999001	gratings	897.0	0.342999995	359.0	0.0	0.0	1.0	0.0399999991	2.0	1.57079637	103.0
3095.3240000000224	0.3429999949999001	gratings	1376.0	0.342999995	359.0	0.0	0.0	1.0	0.0399999991	2.0	1.57079637	103.0
3096.0239999992773	0.3429999949999001	gratings	205.0	0.342999995	359.0	0.0	0.0	1.0	0.0399999991	2.0	1.57079637	103.0
3096.7239999994636	0.3429999949999001	gratings	681.0	0.342999995	359.0	0.0	0.0	1.0	0.0399999991	2.0	1.57079637	103.0
3097.42399999965	0.3429999949999001	gratings	457.0	0.342999995	359.0	0.0	0.0	1.0	0.0399999991	2.0	1.57079637	103.0
3098.123999999836	0.3429999949999001	gratings	818.0	0.342999995	359.0	0.0	0.0	1.0	0.0399999991	2.0	1.57079637	103.0
3098.8240000000224	0.3429999949999001	gratings	770.0	0.342999995	359.0	0.0	0.0	1.0	0.0399999991	2.0	1.57079637	103.0
3099.5239999992773	0.3429999949999001	gratings	529.0	0.342999995	359.0	0.0	0.0	1.0	0.0399999991	2.0	1.57079637	103.0
3100.2239999994636	0.3429999949999001	gratings	829.0	0.342999995	359.0	0.0	0.0	1.0	0.0399999991	2.0	1.57079637	103.0
3100.92399999965	0.3429999949999001	gratings	846.0	0.342999995	359.0	0.0	0.0	1.0	0.0399999991	2.0	1.57079637	103.0
3101.623999999836	0.3429999949999001	gratings	103.0	0.342999995	359.0	0.0	0.0	1.0	0.0399999991	2.0	1.57079637	103.0
3102.3240000000224	0.3429999949999001	gratings	238.0	0.342999995	359.0	0.0	0.0	1.0	0.0399999991	2.0	1.57079637	103.0
3103.0239999992773	0.3429999949999001	gratings	1106.0	0.342999995	359.0	0.0	0.0	1.0	0.0399999991	2.0	1.57079637	103.0
3103.7239999994636	0.3429999949999001	gratings	1418.0	0.342999995	359.0	0.0	0.0	1.0	0.0399999991	2.0	1.57079637	103.0
3104.42399999965	0.3429999949999001	gratings	1158.0	0.342999995	359.0	0.0	0.0	1.0	0.0399999991	2.0	1.57079637	103.0
3105.123999999836	0.3429999949999001	gratings	1047.0	0.342999995	359.0	0.0	0.0	1.0	0.0399999991	2.0	1.57079637	103.0
3105.8240000000224	0.3429999949999001	gratings	1187.0	0.342999995	359.0	0.0	0.0	1.0	0.0399999991	2.0	1.57079637	103.0
3106.5239999992773	0.3429999949999001	gratings	210.0	0.342999995	359.0	0.0	0.0	1.0	0.0399999991	2.0	1.57079637	103.0
3107.2239999994636	0.3429999949999001	gratings	1405.0	0.342999995	359.0	0.0	0.0	1.0	0.0399999991	2.0	1.57079637	103.0
3107.92399999965	0.3429999949999001	gratings	1309.0	0.342999995	359.0	0.0	0.0	1.0	0.0399999991	2.0	1.57079637	103.0
3108.623999999836	0.3429999949999001	gratings	1463.0	0.342999995	359.0	0.0	0.0	1.0	0.0399999991	2.0	1.57079637	103.0
3109.3240000000224	0.3429999949999001	gratings	536.0	0.342999995	359.0	0.0	0.0	1.0	0.0399999991	2.0	1.57079637	103.0
3110.0239999992773	0.3429999949999001	gratings	267.0	0.342999995	359.0	0.0	0.0	1.0	0.0399999991	2.0	1.57079637	103.0
3110.7239999994636	0.3429999949999001	gratings	1132.0	0.342999995	359.0	0.0	0.0	1.0	0.0399999991	2.0	1.57079637	103.0
3111.42399999965	0.3429999949999001	gratings	600.0	0.342999995	359.0	0.0	0.0	1.0	0.0399999991	2.0	1.57079637	103.0
3112.123999999836	0.3429999949999001	gratings	1490.0	0.342999995	359.0	0.0	0.0	1.0	0.0399999991	2.0	1.57079637	103.0
3112.8240000000224	0.3429999949999001	gratings	261.0	0.342999995	359.0	0.0	0.0	1.0	0.0399999991	2.0	1.57079637	103.0
3113.5239999992773	0.3429999949999001	gratings	1013.0	0.342999995	359.0	0.0	0.0	1.0	0.0399999991	2.0	1.57079637	103.0
3114.2239999994636	0.3429999949999001	gratings	561.0	0.342999995	359.0	0.0	0.0	1.0	0.0399999991	2.0	1.57079637	103.0
3114.92399999965	0.3429999949999001	gratings	988.0	0.342999995	359.0	0.0	0.0	1.0	0.0399999991	2.0	1.57079637	103.0
3115.623999999836	0.3429999949999001	gratings	1169.0	0.342999995	359.0	0.0	0.0	1.0	0.0399999991	2.0	1.57079637	103.0
3116.3249920001253	0.3429999949999001	gratings	1244.0	0.342999995	359.0	0.0	0.0	1.0	0.0399999991	2.0	1.57079637	103.0
3117.0239999992773	0.3429999949999001	gratings	1040.0	0.342999995	359.0	0.0	0.0	1.0	0.0399999991	2.0	1.57079637	103.0
3117.7239999994636	0.3429999949999001	gratings	120.0	0.342999995	359.0	0.0	0.0	1.0	0.0399999991	2.0	1.57079637	103.0
3118.42399999965	0.3429999949999001	gratings	719.0	0.342999995	359.0	0.0	0.0	1.0	0.0399999991	2.0	1.57079637	103.0
3119.123999999836	0.3429999949999001	gratings	1164.0	0.342999995	359.0	0.0	0.0	1.0	0.0399999991	2.0	1.57079637	103.0
3119.8240000000224	0.3429999949999001	gratings	65.0	0.342999995	359.0	0.0	0.0	1.0	0.0399999991	2.0	1.57079637	103.0
3120.5239999992773	0.3429999949999001	gratings	579.0	0.342999995	359.0	0.0	0.0	1.0	0.0399999991	2.0	1.57079637	-1.0
3121.2239999994636	0.3429999949999001	gratings	418.0	0.342999995	359.0	0.0	0.0	1.0	0.0399999991	2.0	1.57079637	104.0
3121.92399999965	0.3429999949999001	gratings	81.0	0.342999995	359.0	0.0	0.0	1.0	0.0399999991	2.0	0.785398185	104.0
3122.623999999836	0.3429999949999001	gratings	677.0	0.342999995	359.0	0.0	0.0	1.0	0.0399999991	2.0	1.57079637	104.0
3123.3240000000224	0.3429999949999001	gratings	1208.0	0.342999995	359.0	0.0	0.0	1.0	0.0399999991	2.0	1.57079637	104.0
3124.0239999992773	0.3429999949999001	gratings	1327.0	0.342999995	359.0	0.0	0.0	1.0	0.0399999991	2.0	1.57079637	104.0
3124.7239999994636	0.3429999949999001	gratings	968.0	0.342999995	359.0	0.0	0.0	1.0	0.0399999991	2.0	1.57079637	104.0
3125.42399999965	0.3429999949999001	gratings	470.0	0.342999995	359.0	0.0	0.0	1.0	0.0399999991	2.0	1.57079637	104.0
3126.123999999836	0.3429999949999001	gratings	1409.0	0.342999995	359.0	0.0	0.0	1.0	0.0399999991	2.0	1.57079637	104.0
3126.8240000000224	0.3429999949999001	gratings	143.0	0.342999995	359.0	0.0	0.0	1.0	0.0399999991	2.0	1.57079637	104.0
3127.5239999992773	0.3429999949999001	gratings	456.0	0.342999995	359.0	0.0	0.0	1.0	0.0399999991	2.0	1.57079637	104.0
3128.2249919995666	0.3429999949999001	gratings	328.0	0.342999995	359.0	0.0	0.0	1.0	0.0399999991	2.0	1.57079637	104.0
3128.924991999753	0.3429999949999001	gratings	272.0	0.342999995	359.0	0.0	0.0	1.0	0.0399999991	2.0	1.57079637	104.0
3129.624991999939	0.3429999949999001	gratings	1082.0	0.342999995	359.0	0.0	0.0	1.0	0.0399999991	2.0	1.57079637	104.0
3130.3249920001253	0.3429999949999001	gratings	332.0	0.342999995	359.0	0.0	0.0	1.0	0.0399999991	2.0	1.57079637	104.0
3131.0249919993803	0.3429999949999001	gratings	1048.0	0.342999995	359.0	0.0	0.0	1.0	0.0399999991	2.0	1.57079637	104.0
3131.7239999994636	0.3429999949999001	gratings	234.0	0.342999995	359.0	0.0	0.0	1.0	0.0399999991	2.0	1.57079637	104.0
3132.424991999753	0.3429999949999001	gratings	289.0	0.342999995	359.0	0.0	0.0	1.0	0.0399999991	2.0	1.57079637	104.0
3133.124991999939	0.3429999949999001	gratings	215.0	0.342999995	359.0	0.0	0.0	1.0	0.0399999991	2.0	1.57079637	104.0
3133.8249920001253	0.3429999949999001	gratings	1163.0	0.342999995	359.0	0.0	0.0	1.0	0.0399999991	2.0	1.57079637	104.0
3134.5249919993803	0.3429999949999001	gratings	1531.0	0.342999995	359.0	0.0	0.0	1.0	0.0399999991	2.0	1.57079637	104.0
3135.2249919995666	0.3429999949999001	gratings	1459.0	0.342999995	359.0	0.0	0.0	1.0	0.0399999991	2.0	1.57079637	104.0
3135.924991999753	0.3429999949999001	gratings	899.0	0.342999995	359.0	0.0	0.0	1.0	0.0399999991	2.0	1.57079637	104.0
3136.624991999939	0.3429999949999001	gratings	933.0	0.342999995	359.0	0.0	0.0	1.0	0.0399999991	2.0	1.57079637	104.0
3137.3249920001253	0.3429999949999001	gratings	33.0	0.342999995	359.0	0.0	0.0	1.0	0.0399999991	2.0	1.57079637	104.0
3138.0249919993803	0.3429999949999001	gratings	321.0	0.342999995	359.0	0.0	0.0	1.0	0.0399999991	2.0	1.57079637	104.0
3138.7249919995666	0.3429999949999001	gratings	753.0	0.342999995	359.0	0.0	0.0	1.0	0.0399999991	2.0	1.57079637	104.0
3139.424991999753	0.3429999949999001	gratings	405.0	0.342999995	359.0	0.0	0.0	1.0	0.0399999991	2.0	1.57079637	104.0
3140.124991999939	0.3429999949999001	gratings	584.0	0.342999995	359.0	0.0	0.0	1.0	0.0399999991	2.0	1.57079637	104.0
3140.8249920001253	0.3429999949999001	gratings	219.0	0.342999995	359.0	0.0	0.0	1.0	0.0399999991	2.0	1.57079637	104.0
3141.5249919993803	0.3429999949999001	gratings	1295.0	0.342999995	359.0	0.0	0.0	1.0	0.0399999991	2.0	1.57079637	104.0
3142.2249919995666	0.3429999949999001	gratings	735.0	0.342999995	359.0	0.0	0.0	1.0	0.0399999991	2.0	1.57079637	104.0
3142.924991999753	0.3429999949999001	gratings	75.0	0.342999995	359.0	0.0	0.0	1.0	0.0399999991	2.0	1.57079637	104.0
3143.624991999939	0.3429999949999001	gratings	1364.0	0.342999995	359.0	0.0	0.0	1.0	0.0399999991	2.0	1.57079637	104.0
3144.3249920001253	0.3429999949999001	gratings	867.0	0.342999995	359.0	0.0	0.0	1.0	0.0399999991	2.0	1.57079637	104.0
3145.0249919993803	0.3429999949999001	gratings	556.0	0.342999995	359.0	0.0	0.0	1.0	0.0399999991	2.0	1.57079637	104.0
3145.7249919995666	0.3429999949999001	gratings	1057.0	0.342999995	359.0	0.0	0.0	1.0	0.0399999991	2.0	1.57079637	104.0
3146.424991999753	0.3429999949999001	gratings	131.0	0.342999995	359.0	0.0	0.0	1.0	0.0399999991	2.0	0.785398185	104.0
3147.124991999939	0.3429999949999001	gratings	1195.0	0.342999995	359.0	0.0	0.0	1.0	0.0399999991	2.0	1.57079637	104.0
3147.8249920001253	0.3429999949999001	gratings	775.0	0.342999995	359.0	0.0	0.0	1.0	0.0399999991	2.0	1.57079637	104.0
3148.5249919993803	0.3429999949999001	gratings	1457.0	0.342999995	359.0	0.0	0.0	1.0	0.0399999991	2.0	1.57079637	104.0
3149.2249919995666	0.3429999949999001	gratings	1460.0	0.342999995	359.0	0.0	0.0	1.0	0.0399999991	2.0	1.57079637	104.0
3149.924991999753	0.3429999949999001	gratings	1514.0	0.342999995	359.0	0.0	0.0	1.0	0.0399999991	2.0	1.57079637	104.0
3150.624991999939	0.3429999949999001	gratings	471.0	0.342999995	359.0	0.0	0.0	1.0	0.0399999991	2.0	1.57079637	105.0
3151.3249920001253	0.3429999949999001	gratings	1218.0	0.342999995	359.0	0.0	0.0	1.0	0.0399999991	2.0	1.57079637	105.0
3152.0249919993803	0.3429999949999001	gratings	1086.0	0.342999995	359.0	0.0	0.0	1.0	0.0399999991	2.0	1.57079637	105.0
3152.7249919995666	0.3429999949999001	gratings	909.0	0.342999995	359.0	0.0	0.0	1.0	0.0399999991	2.0	1.57079637	105.0
3153.424991999753	0.3429999949999001	gratings	314.0	0.342999995	359.0	0.0	0.0	1.0	0.0399999991	2.0	1.57079637	105.0
3154.124991999939	0.3429999949999001	gratings	147.0	0.342999995	359.0	0.0	0.0	1.0	0.0399999991	2.0	0.0	105.0
3154.8249920001253	0.3429999949999001	gratings	407.0	0.342999995	359.0	0.0	0.0	1.0	0.0399999991	2.0	1.57079637	105.0
3155.5249919993803	0.3429999949999001	gratings	1302.0	0.342999995	359.0	0.0	0.0	1.0	0.0399999991	2.0	1.57079637	105.0
3156.2249919995666	0.3429999949999001	gratings	1440.0	0.342999995	359.0	0.0	0.0	1.0	0.0399999991	2.0	1.57079637	105.0
3156.924991999753	0.3429999949999001	gratings	11.0	0.342999995	359.0	0.0	0.0	1.0	0.0399999991	2.0	0.785398185	105.0
3157.624991999939	0.3429999949999001	gratings	1285.0	0.342999995	359.0	0.0	0.0	1.0	0.0399999991	2.0	1.57079637	105.0
3158.3249920001253	0.3429999949999001	gratings	1451.0	0.342999995	359.0	0.0	0.0	1.0	0.0399999991	2.0	1.57079637	105.0
3159.0249919993803	0.3429999949999001	gratings	1481.0	0.342999995	359.0	0.0	0.0	1.0	0.0399999991	2.0	1.57079637	105.0
3159.7249919995666	0.3429999949999001	gratings	998.0	0.342999995	359.0	0.0	0.0	1.0	0.0399999991	2.0	1.57079637	105.0
3160.424991999753	0.3429999949999001	gratings	1157.0	0.342999995	359.0	0.0	0.0	1.0	0.0399999991	2.0	1.57079637	105.0
3161.124991999939	0.3429999949999001	gratings	836.0	0.342999995	359.0	0.0	0.0	1.0	0.0399999991	2.0	1.57079637	105.0
3161.8249920001253	0.3429999949999001	gratings	978.0	0.342999995	359.0	0.0	0.0	1.0	0.0399999991	2.0	1.57079637	105.0
3162.5249919993803	0.3429999949999001	gratings	675.0	0.342999995	359.0	0.0	0.0	1.0	0.0399999991	2.0	1.57079637	105.0
3163.2249919995666	0.3429999949999001	gratings	993.0	0.342999995	359.0	0.0	0.0	1.0	0.0399999991	2.0	1.57079637	105.0
3163.924991999753	0.3429999949999001	gratings	477.0	0.342999995	359.0	0.0	0.0	1.0	0.0399999991	2.0	1.57079637	105.0
3164.624991999939	0.3429999949999001	gratings	444.0	0.342999995	359.0	0.0	0.0	1.0	0.0399999991	2.0	1.57079637	105.0
3165.3249920001253	0.3429999949999001	gratings	627.0	0.342999995	359.0	0.0	0.0	1.0	0.0399999991	2.0	1.57079637	105.0
3166.0249919993803	0.3429999949999001	gratings	214.0	0.342999995	359.0	0.0	0.0	1.0	0.0399999991	2.0	1.57079637	105.0
3166.7249919995666	0.3429999949999001	gratings	1443.0	0.342999995	359.0	0.0	0.0	1.0	0.0399999991	2.0	1.57079637	105.0
3167.424991999753	0.3429999949999001	gratings	1205.0	0.342999995	359.0	0.0	0.0	1.0	0.0399999991	2.0	1.57079637	105.0
3168.124991999939	0.3429999949999001	gratings	1442.0	0.342999995	359.0	0.0	0.0	1.0	0.0399999991	2.0	1.57079637	105.0
3168.8249920001253	0.3429999949999001	gratings	495.0	0.342999995	359.0	0.0	0.0	1.0	0.0399999991	2.0	1.57079637	105.0
3169.5249919993803	0.3429999949999001	gratings	1.0	0.342999995	359.0	0.0	0.0	1.0	0.0399999991	2.0	0.785398185	105.0
3170.2249919995666	0.3429999949999001	gratings	63.0	0.342999995	359.0	0.0	0.0	1.0	0.0399999991	2.0	1.57079637	105.0
3170.924991999753	0.3429999949999001	gratings	259.0	0.342999995	359.0	0.0	0.0	1.0	0.0399999991	2.0	1.57079637	105.0
3171.624991999939	0.3429999949999001	gratings	235.0	0.342999995	359.0	0.0	0.0	1.0	0.0399999991	2.0	1.57079637	105.0
3172.3249920001253	0.3429999949999001	gratings	1006.0	0.342999995	359.0	0.0	0.0	1.0	0.0399999991	2.0	1.57079637	105.0
3173.0249919993803	0.3429999949999001	gratings	258.0	0.342999995	359.0	0.0	0.0	1.0	0.0399999991	2.0	1.57079637	105.0
3173.7249919995666	0.3429999949999001	gratings	1341.0	0.342999995	359.0	0.0	0.0	1.0	0.0399999991	2.0	1.57079637	105.0
3174.424991999753	0.3429999949999001	gratings	439.0	0.342999995	359.0	0.0	0.0	1.0	0.0399999991	2.0	1.57079637	105.0
3175.124991999939	0.3429999949999001	gratings	634.0	0.342999995	359.0	0.0	0.0	1.0	0.0399999991	2.0	1.57079637	105.0
3175.8249920001253	0.3429999949999001	gratings	883.0	0.342999995	359.0	0.0	0.0	1.0	0.0399999991	2.0	1.57079637	105.0
3176.5249919993803	0.3429999949999001	gratings	1325.0	0.342999995	359.0	0.0	0.0	1.0	0.0399999991	2.0	1.57079637	105.0
3177.2249919995666	0.3429999949999001	gratings	1466.0	0.342999995	359.0	0.0	0.0	1.0	0.0399999991	2.0	1.57079637	105.0
3177.924991999753	0.3429999949999001	gratings	1428.0	0.342999995	359.0	0.0	0.0	1.0	0.0399999991	2.0	1.57079637	105.0
3178.624991999939	0.3429999949999001	gratings	1091.0	0.342999995	359.0	0.0	0.0	1.0	0.0399999991	2.0	1.57079637	105.0
3179.3249920001253	0.3429999949999001	gratings	678.0	0.342999995	359.0	0.0	0.0	1.0	0.0399999991	2.0	1.57079637	105.0
3180.0249919993803	0.3429999949999001	gratings	466.0	0.342999995	359.0	0.0	0.0	1.0	0.0399999991	2.0	1.57079637	-1.0
3180.7249919995666	0.3429999949999001	gratings	980.0	0.342999995	359.0	0.0	0.0	1.0	0.0399999991	2.0	1.57079637	106.0
3181.424991999753	0.3429999949999001	gratings	24.0	0.342999995	359.0	0.0	0.0	0.0	0.0399999991	2.0	0.0	106.0
3182.124991999939	0.3429999949999001	gratings	1120.0	0.342999995	359.0	0.0	0.0	1.0	0.0399999991	2.0	1.57079637	106.0
3182.8260159995407	0.3429999949999001	gratings	843.0	0.342999995	359.0	0.0	0.0	1.0	0.0399999991	2.0	1.57079637	106.0
3183.5249919993803	0.3429999949999001	gratings	1079.0	0.342999995	359.0	0.0	0.0	1.0	0.0399999991	2.0	1.57079637	106.0
3184.2249919995666	0.3429999949999001	gratings	1098.0	0.342999995	359.0	0.0	0.0	1.0	0.0399999991	2.0	1.57079637	106.0
3184.924991999753	0.3429999949999001	gratings	201.0	0.342999995	359.0	0.0	0.0	1.0	0.0399999991	2.0	1.57079637	106.0
3185.624991999939	0.3429999949999001	gratings	1503.0	0.342999995	359.0	0.0	0.0	1.0	0.0399999991	2.0	1.57079637	106.0
3186.3249920001253	0.3429999949999001	gratings	1043.0	0.342999995	359.0	0.0	0.0	1.0	0.0399999991	2.0	1.57079637	106.0
3187.0249919993803	0.3429999949999001	gratings	1008.0	0.342999995	359.0	0.0	0.0	1.0	0.0399999991	2.0	1.57079637	106.0
3187.7249919995666	0.3429999949999001	gratings	250.0	0.342999995	359.0	0.0	0.0	1.0	0.0399999991	2.0	1.57079637	106.0
3188.424991999753	0.3429999949999001	gratings	317.0	0.342999995	359.0	0.0	0.0	1.0	0.0399999991	2.0	1.57079637	106.0
3189.124991999939	0.3429999949999001	gratings	935.0	0.342999995	359.0	0.0	0.0	1.0	0.0399999991	2.0	1.57079637	106.0
3189.8249920001253	0.3429999949999001	gratings	378.0	0.342999995	359.0	0.0	0.0	1.0	0.0399999991	2.0	1.57079637	106.0
3190.5249919993803	0.3429999949999001	gratings	493.0	0.342999995	359.0	0.0	0.0	1.0	0.0399999991	2.0	1.57079637	106.0
3191.2249919995666	0.3429999949999001	gratings	756.0	0.342999995	359.0	0.0	0.0	1.0	0.0399999991	2.0	1.57079637	106.0
3191.924991999753	0.3429999949999001	gratings	280.0	0.342999995	359.0	0.0	0.0	1.0	0.0399999991	2.0	1.57079637	106.0
3192.624991999939	0.3429999949999001	gratings	69.0	0.342999995	359.0	0.0	0.0	0.0	0.0399999991	2.0	0.0	106.0
3193.3249920001253	0.3429999949999001	gratings	3.0	0.342999995	360.0	0.0	0.0	1.0	0.0399999991	2.0	1.17809725	106.0
3194.0249919993803	0.3429999949999001	gratings	6.0	0.342999995	360.0	0.0	0.0	1.0	0.0399999991	2.0	2.3561945	106.0
3194.7249919995666	0.3429999949999001	gratings	14.0	0.342999995	360.0	0.0	0.0	1.0	0.0399999991	2.0	5.497787	106.0
3195.424991999753	0.3429999949999001	gratings	6.0	0.342999995	360.0	0.0	0.0	1.0	0.0399999991	2.0	2.3561945	106.0
3196.124991999939	0.3429999949999001	gratings	1.0	0.342999995	360.0	0.0	0.0	1.0	0.0399999991	2.0	0.392699093	106.0
3196.8249920001253	0.3429999949999001	gratings	5.0	0.342999995	360.0	0.0	0.0	1.0	0.0399999991	2.0	1.96349537	106.0
3197.5249919993803	0.3429999949999001	gratings	6.0	0.342999995	360.0	0.0	0.0	1.0	0.0399999991	2.0	2.3561945	106.0
3198.2249919995666	0.3429999949999001	gratings	7.0	0.342999995	360.0	0.0	0.0	1.0	0.0399999991	2.0	2.7488935	106.0
3198.924991999753	0.3429999949999001	gratings	4.0	0.342999995	360.0	0.0	0.0	1.0	0.0399999991	2.0	1.57079637	106.0
3199.624991999939	0.3429999949999001	gratings	3.0	0.342999995	360.0	0.0	0.0	1.0	0.0399999991	2.0	1.17809725	106.0
3200.3249920001253	0.3429999949999001	gratings	7.0	0.342999995	360.0	0.0	0.0	1.0	0.0399999991	2.0	2.7488935	106.0
3201.0249919993803	0.3429999949999001	gratings	1.0	0.342999995	360.0	0.0	0.0	1.0	0.0399999991	2.0	0.392699093	106.0
3201.7249919995666	0.3429999949999001	gratings	1.0	0.342999995	360.0	0.0	0.0	1.0	0.0399999991	2.0	0.392699093	106.0
3202.424991999753	0.3429999949999001	gratings	5.0	0.342999995	360.0	0.0	0.0	1.0	0.0399999991	2.0	1.96349537	106.0
3203.124991999939	0.3429999949999001	gratings	0.0	0.342999995	360.0	0.0	0.0	1.0	0.0399999991	2.0	0.0	106.0
3203.8249920001253	0.3429999949999001	gratings	3.0	0.342999995	360.0	0.0	0.0	1.0	0.0399999991	2.0	1.17809725	106.0
3204.5249919993803	0.3429999949999001	gratings	12.0	0.342999995	360.0	0.0	0.0	1.0	0.0399999991	2.0	4.71238899	106.0
3205.2249919995666	0.3429999949999001	gratings	3.0	0.342999995	360.0	0.0	0.0	1.0	0.0399999991	2.0	1.17809725	106.0
3205.924991999753	0.3429999949999001	gratings	8.0	0.342999995	360.0	0.0	0.0	1.0	0.0399999991	2.0	3.14159274	106.0
3206.624991999939	0.3429999949999001	gratings	6.0	0.342999995	360.0	0.0	0.0	1.0	0.0399999991	2.0	2.3561945	106.0
3207.3249920001253	0.3429999949999001	gratings	5.0	0.342999995	360.0	0.0	0.0	1.0	0.0399999991	2.0	1.96349537	106.0
3208.0249919993803	0.3429999949999001	gratings	4.0	0.342999995	360.0	0.0	0.0	1.0	0.0399999991	2.0	1.57079637	106.0
3208.7249919995666	0.3429999949999001	gratings	9.0	0.342999995	360.0	0.0	0.0	1.0	0.0399999991	2.0	3.53429174	106.0
3209.424991999753	0.3429999949999001	gratings	2.0	0.342999995	360.0	0.0	0.0	1.0	0.0399999991	2.0	0.785398185	106.0
3210.124991999939	0.3429999949999001	gratings	5.0	0.342999995	360.0	0.0	0.0	1.0	0.0399999991	2.0	1.96349537	-1.0
3210.8249920001253	0.3429999949999001	gratings	14.0	0.342999995	360.0	0.0	0.0	1.0	0.0399999991	2.0	5.497787	107.0
3211.5249919993803	0.3429999949999001	gratings	11.0	0.342999995	360.0	0.0	0.0	1.0	0.0399999991	2.0	4.49422264	107.0
3212.2249919995666	0.3429999949999001	gratings	10.0	0.342999995	360.0	0.0	0.0	1.0	0.0399999991	2.0	3.92699075	107.0
3212.924991999753	0.3429999949999001	gratings	14.0	0.342999995	360.0	0.0	0.0	1.0	0.0399999991	2.0	5.497787	107.0
3213.624991999939	0.3429999949999001	gratings	12.0	0.342999995	360.0	0.0	0.0	1.0	0.0399999991	2.0	4.71238899	107.0
3214.3249920001253	0.3429999949999001	gratings	15.0	0.342999995	360.0	0.0	0.0	0.0	0.0399999991	2.0	0.0	107.0
3215.0249919993803	0.3429999949999001	gratings	3.0	0.342999995	360.0	0.0	0.0	1.0	0.0399999991	2.0	1.17809725	107.0
3215.7249919995666	0.3429999949999001	gratings	10.0	0.342999995	360.0	0.0	0.0	1.0	0.0399999991	2.0	3.92699075	107.0
3216.424991999753	0.3429999949999001	gratings	1.0	0.342999995	360.0	0.0	0.0	1.0	0.0399999991	2.0	0.392699093	107.0
3217.124991999939	0.3429999949999001	gratings	14.0	0.342999995	360.0	0.0	0.0	1.0	0.0399999991	2.0	5.497787	107.0
3217.8249920001253	0.3429999949999001	gratings	9.0	0.342999995	360.0	0.0	0.0	1.0	0.0399999991	2.0	3.53429174	107.0
3218.5249919993803	0.3429999949999001	gratings	12.0	0.342999995	360.0	0.0	0.0	1.0	0.0399999991	2.0	4.71238899	107.0
3219.2249919995666	0.3429999949999001	gratings	11.0	0.342999995	360.0	0.0	0.0	1.0	0.0399999991	2.0	4.49422264	107.0
3219.924991999753	0.3429999949999001	gratings	13.0	0.342999995	360.0	0.0	0.0	1.0	0.0399999991	2.0	5.10508823	107.0
3220.624991999939	0.3429999949999001	gratings	10.0	0.342999995	360.0	0.0	0.0	1.0	0.0399999991	2.0	3.92699075	107.0
3221.3249920001253	0.3429999949999001	gratings	10.0	0.342999995	360.0	0.0	0.0	1.0	0.0399999991	2.0	3.92699075	107.0
3222.0249919993803	0.3429999949999001	gratings	9.0	0.342999995	360.0	0.0	0.0	1.0	0.0399999991	2.0	3.53429174	107.0
3222.7249919995666	0.3429999949999001	gratings	15.0	0.342999995	360.0	0.0	0.0	0.0	0.0399999991	2.0	0.0	107.0
3223.424991999753	0.3429999949999001	gratings	9.0	0.342999995	360.0	0.0	0.0	1.0	0.0399999991	2.0	3.53429174	107.0
3224.124991999939	0.3429999949999001	gratings	14.0	0.342999995	360.0	0.0	0.0	1.0	0.0399999991	2.0	5.497787	107.0
3224.8249920001253	0.3429999949999001	gratings	11.0	0.342999995	360.0	0.0	0.0	1.0	0.0399999991	2.0	4.49422264	107.0
3225.5249919993803	0.3429999949999001	gratings	11.0	0.342999995	360.0	0.0	0.0	1.0	0.0399999991	2.0	4.49422264	107.0
3226.2249919995666	0.3429999949999001	gratings	7.0	0.342999995	360.0	0.0	0.0	1.0	0.0399999991	2.0	2.7488935	107.0
3226.924991999753	0.3429999949999001	gratings	12.0	0.342999995	360.0	0.0	0.0	1.0	0.0399999991	2.0	4.71238899	107.0
3227.624991999939	0.3429999949999001	gratings	2.0	0.342999995	360.0	0.0	0.0	1.0	0.0399999991	2.0	0.785398185	107.0
3228.3249920001253	0.3429999949999001	gratings	11.0	0.342999995	360.0	0.0	0.0	1.0	0.0399999991	2.0	4.49422264	107.0
3229.0249919993803	0.3429999949999001	gratings	13.0	0.342999995	360.0	0.0	0.0	1.0	0.0399999991	2.0	5.10508823	107.0
3229.7249919995666	0.3429999949999001	gratings	12.0	0.342999995	360.0	0.0	0.0	1.0	0.0399999991	2.0	4.71238899	107.0
3230.424991999753	0.3429999949999001	gratings	11.0	0.342999995	360.0	0.0	0.0	1.0	0.0399999991	2.0	4.49422264	107.0
3231.124991999939	0.3429999949999001	gratings	15.0	0.342999995	360.0	0.0	0.0	0.0	0.0399999991	2.0	0.0	107.0
3231.8249920001253	0.3429999949999001	gratings	0.0	0.342999995	360.0	0.0	0.0	1.0	0.0399999991	2.0	0.0	107.0
3232.5249919993803	0.3429999949999001	gratings	6.0	0.342999995	360.0	0.0	0.0	1.0	0.0399999991	2.0	2.3561945	107.0
3233.2249919995666	0.3429999949999001	gratings	1.0	0.342999995	360.0	0.0	0.0	1.0	0.0399999991	2.0	0.392699093	107.0
3233.924991999753	0.3429999949999001	gratings	9.0	0.342999995	360.0	0.0	0.0	1.0	0.0399999991	2.0	3.53429174	107.0
3234.624991999939	0.3429999949999001	gratings	14.0	0.342999995	360.0	0.0	0.0	1.0	0.0399999991	2.0	5.497787	107.0
3235.3249920001253	0.3429999949999001	gratings	14.0	0.342999995	360.0	0.0	0.0	1.0	0.0399999991	2.0	5.497787	107.0
3236.0249919993803	0.3429999949999001	gratings	0.0	0.342999995	360.0	0.0	0.0	1.0	0.0399999991	2.0	0.0	107.0
3236.7249919995666	0.3429999949999001	gratings	3.0	0.342999995	360.0	0.0	0.0	1.0	0.0399999991	2.0	1.17809725	107.0
3237.424991999753	0.3429999949999001	gratings	14.0	0.342999995	360.0	0.0	0.0	1.0	0.0399999991	2.0	5.497787	107.0
3238.124991999939	0.3429999949999001	gratings	13.0	0.342999995	360.0	0.0	0.0	1.0	0.0399999991	2.0	5.10508823	107.0
3238.8249920001253	0.3429999949999001	gratings	2.0	0.342999995	360.0	0.0	0.0	1.0	0.0399999991	2.0	0.785398185	107.0
3239.5249919993803	0.3429999949999001	gratings	2.0	0.342999995	360.0	0.0	0.0	1.0	0.0399999991	2.0	0.785398185	107.0
3240.2249919995666	0.3429999949999001	gratings	12.0	0.342999995	360.0	0.0	0.0	1.0	0.0399999991	2.0	4.71238899	-1.0
3240.924991999753	0.3429999949999001	gratings	11.0	0.342999995	360.0	0.0	0.0	1.0	0.0399999991	2.0	4.49422264	108.0
3241.624991999939	0.3429999949999001	gratings	4.0	0.342999995	360.0	0.0	0.0	1.0	0.0399999991	2.0	1.57079637	108.0
3242.3249920001253	0.3429999949999001	gratings	11.0	0.342999995	360.0	0.0	0.0	1.0	0.0399999991	2.0	4.49422264	108.0
3243.0249919993803	0.3429999949999001	gratings	5.0	0.342999995	360.0	0.0	0.0	1.0	0.0399999991	2.0	1.96349537	108.0
3243.7249919995666	0.3429999949999001	gratings	2.0	0.342999995	360.0	0.0	0.0	1.0	0.0399999991	2.0	0.785398185	108.0
3244.424991999753	0.3429999949999001	gratings	12.0	0.342999995	360.0	0.0	0.0	1.0	0.0399999991	2.0	4.71238899	108.0
3245.124991999939	0.3429999949999001	gratings	5.0	0.342999995	360.0	0.0	0.0	1.0	0.0399999991	2.0	1.96349537	108.0
3245.8249920001253	0.3429999949999001	gratings	7.0	0.342999995	360.0	0.0	0.0	1.0	0.0399999991	2.0	2.7488935	108.0
3246.5249919993803	0.3429999949999001	gratings	6.0	0.342999995	360.0	0.0	0.0	1.0	0.0399999991	2.0	2.3561945	108.0
3247.2249919995666	0.3429999949999001	gratings	7.0	0.342999995	360.0	0.0	0.0	1.0	0.0399999991	2.0	2.7488935	108.0
3247.924991999753	0.3429999949999001	gratings	15.0	0.342999995	360.0	0.0	0.0	0.0	0.0399999991	2.0	0.0	108.0
3248.624991999939	0.3429999949999001	gratings	9.0	0.342999995	360.0	0.0	0.0	1.0	0.0399999991	2.0	3.53429174	108.0
3249.3249920001253	0.3429999949999001	gratings	8.0	0.342999995	360.0	0.0	0.0	1.0	0.0399999991	2.0	3.14159274	108.0
3250.0249919993803	0.3429999949999001	gratings	8.0	0.342999995	360.0	0.0	0.0	1.0	0.0399999991	2.0	3.14159274	108.0
3250.7249919995666	0.3429999949999001	gratings	5.0	0.342999995	360.0	0.0	0.0	1.0	0.0399999991	2.0	1.96349537	108.0
3251.424991999753	0.3429999949999001	gratings	4.0	0.342999995	360.0	0.0	0.0	1.0	0.0399999991	2.0	1.57079637	108.0
3252.124991999939	0.3429999949999001	gratings	4.0	0.342999995	360.0	0.0	0.0	1.0	0.0399999991	2.0	1.57079637	108.0
3252.8260159995407	0.3429999949999001	gratings	3.0	0.342999995	360.0	0.0	0.0	1.0	0.0399999991	2.0	1.17809725	108.0
3253.5249919993803	0.3429999949999001	gratings	15.0	0.342999995	360.0	0.0	0.0	0.0	0.0399999991	2.0	0.0	108.0
3254.2249919995666	0.3429999949999001	gratings	3.0	0.342999995	360.0	0.0	0.0	1.0	0.0399999991	2.0	1.17809725	108.0
3254.9260160000995	0.3429999949999001	gratings	6.0	0.342999995	360.0	0.0	0.0	1.0	0.0399999991	2.0	2.3561945	108.0
3255.6260159993544	0.3429999949999001	gratings	10.0	0.342999995	360.0	0.0	0.0	1.0	0.0399999991	2.0	3.92699075	108.0
3256.3249920001253	0.3429999949999001	gratings	1.0	0.342999995	360.0	0.0	0.0	1.0	0.0399999991	2.0	0.392699093	108.0
3257.026015999727	0.3429999949999001	gratings	5.0	0.342999995	360.0	0.0	0.0	1.0	0.0399999991	2.0	1.96349537	108.0
3257.726015999913	0.3429999949999001	gratings	5.0	0.342999995	360.0	0.0	0.0	1.0	0.0399999991	2.0	1.96349537	108.0
3258.4260160000995	0.3429999949999001	gratings	2.0	0.342999995	360.0	0.0	0.0	1.0	0.0399999991	2.0	0.785398185	108.0
3259.1260159993544	0.3429999949999001	gratings	2.0	0.342999995	360.0	0.0	0.0	1.0	0.0399999991	2.0	0.785398185	108.0
3259.8260159995407	0.3429999949999001	gratings	3.0	0.342999995	360.0	0.0	0.0	1.0	0.0399999991	2.0	1.17809725	108.0
3260.526015999727	0.3429999949999001	gratings	1.0	0.342999995	360.0	0.0	0.0	1.0	0.0399999991	2.0	0.392699093	108.0
3261.226015999913	0.3429999949999001	gratings	13.0	0.342999995	360.0	0.0	0.0	1.0	0.0399999991	2.0	5.10508823	108.0
3261.9260160000995	0.3429999949999001	gratings	4.0	0.342999995	360.0	0.0	0.0	1.0	0.0399999991	2.0	1.57079637	108.0
3262.6260159993544	0.3429999949999001	gratings	11.0	0.342999995	360.0	0.0	0.0	1.0	0.0399999991	2.0	4.49422264	108.0
3263.3260159995407	0.3429999949999001	gratings	8.0	0.342999995	360.0	0.0	0.0	1.0	0.0399999991	2.0	3.14159274	108.0
3264.026015999727	0.3429999949999001	gratings	15.0	0.342999995	360.0	0.0	0.0	0.0	0.0399999991	2.0	0.0	108.0
3264.726015999913	0.3429999949999001	gratings	4.0	0.342999995	360.0	0.0	0.0	1.0	0.0399999991	2.0	1.57079637	108.0
3265.4260160000995	0.3429999949999001	gratings	14.0	0.342999995	360.0	0.0	0.0	1.0	0.0399999991	2.0	5.497787	108.0
3266.1260159993544	0.3429999949999001	gratings	13.0	0.342999995	360.0	0.0	0.0	1.0	0.0399999991	2.0	5.10508823	108.0
3266.8260159995407	0.3429999949999001	gratings	13.0	0.342999995	360.0	0.0	0.0	1.0	0.0399999991	2.0	5.10508823	108.0
3267.526015999727	0.3429999949999001	gratings	1.0	0.342999995	360.0	0.0	0.0	1.0	0.0399999991	2.0	0.392699093	108.0
3268.226015999913	0.3429999949999001	gratings	1.0	0.342999995	360.0	0.0	0.0	1.0	0.0399999991	2.0	0.392699093	108.0
3268.9260160000995	0.3429999949999001	gratings	10.0	0.342999995	360.0	0.0	0.0	1.0	0.0399999991	2.0	3.92699075	108.0
3269.6260159993544	0.3429999949999001	gratings	6.0	0.342999995	360.0	0.0	0.0	1.0	0.0399999991	2.0	2.3561945	108.0
3270.3260159995407	0.3429999949999001	gratings	12.0	0.342999995	360.0	0.0	0.0	1.0	0.0399999991	2.0	4.71238899	-1.0
3271.026015999727	0.3429999949999001	gratings	7.0	0.342999995	360.0	0.0	0.0	1.0	0.0399999991	2.0	2.7488935	109.0
3271.726015999913	0.3429999949999001	gratings	9.0	0.342999995	360.0	0.0	0.0	1.0	0.0399999991	2.0	3.53429174	109.0
3272.4260160000995	0.3429999949999001	gratings	1.0	0.342999995	360.0	0.0	0.0	1.0	0.0399999991	2.0	0.392699093	109.0
3273.1260159993544	0.3429999949999001	gratings	4.0	0.342999995	360.0	0.0	0.0	1.0	0.0399999991	2.0	1.57079637	109.0
3273.8260159995407	0.3429999949999001	gratings	11.0	0.342999995	360.0	0.0	0.0	1.0	0.0399999991	2.0	4.49422264	109.0
3274.526015999727	0.3429999949999001	gratings	0.0	0.342999995	360.0	0.0	0.0	1.0	0.0399999991	2.0	0.0	109.0
3275.226015999913	0.3429999949999001	gratings	15.0	0.342999995	360.0	0.0	0.0	0.0	0.0399999991	2.0	0.0	109.0
3275.9260160000995	0.3429999949999001	gratings	6.0	0.342999995	360.0	0.0	0.0	1.0	0.0399999991	2.0	2.3561945	109.0
3276.6260159993544	0.3429999949999001	gratings	8.0	0.342999995	360.0	0.0	0.0	1.0	0.0399999991	2.0	3.14159274	109.0
3277.3260159995407	0.3429999949999001	gratings	13.0	0.342999995	360.0	0.0	0.0	1.0	0.0399999991	2.0	5.10508823	109.0
3278.026015999727	0.3429999949999001	gratings	7.0	0.342999995	360.0	0.0	0.0	1.0	0.0399999991	2.0	2.7488935	109.0
3278.726015999913	0.3429999949999001	gratings	8.0	0.342999995	360.0	0.0	0.0	1.0	0.0399999991	2.0	3.14159274	109.0
3279.4260160000995	0.3429999949999001	gratings	13.0	0.342999995	360.0	0.0	0.0	1.0	0.0399999991	2.0	5.10508823	109.0
3280.1260159993544	0.3429999949999001	gratings	11.0	0.342999995	360.0	0.0	0.0	1.0	0.0399999991	2.0	4.49422264	109.0
3280.8260159995407	0.3429999949999001	gratings	4.0	0.342999995	360.0	0.0	0.0	1.0	0.0399999991	2.0	1.57079637	109.0
3281.526015999727	0.3429999949999001	gratings	11.0	0.342999995	360.0	0.0	0.0	1.0	0.0399999991	2.0	4.49422264	109.0
3282.226015999913	0.3429999949999001	gratings	5.0	0.342999995	360.0	0.0	0.0	1.0	0.0399999991	2.0	1.96349537	109.0
3282.9260160000995	0.3429999949999001	gratings	13.0	0.342999995	360.0	0.0	0.0	1.0	0.0399999991	2.0	5.10508823	109.0
3283.6260159993544	0.3429999949999001	gratings	15.0	0.342999995	360.0	0.0	0.0	0.0	0.0399999991	2.0	0.0	109.0
3284.3260159995407	0.3429999949999001	gratings	3.0	0.342999995	360.0	0.0	0.0	1.0	0.0399999991	2.0	1.17809725	109.0
3285.026015999727	0.3429999949999001	gratings	3.0	0.342999995	360.0	0.0	0.0	1.0	0.0399999991	2.0	1.17809725	109.0
3285.726015999913	0.3429999949999001	gratings	13.0	0.342999995	360.0	0.0	0.0	1.0	0.0399999991	2.0	5.10508823	109.0
3286.4260160000995	0.3429999949999001	gratings	13.0	0.342999995	360.0	0.0	0.0	1.0	0.0399999991	2.0	5.10508823	109.0
3287.1260159993544	0.3429999949999001	gratings	0.0	0.342999995	360.0	0.0	0.0	1.0	0.0399999991	2.0	0.0	109.0
3287.8260159995407	0.3429999949999001	gratings	4.0	0.342999995	360.0	0.0	0.0	1.0	0.0399999991	2.0	1.57079637	109.0
3288.526015999727	0.3429999949999001	gratings	1.0	0.342999995	360.0	0.0	0.0	1.0	0.0399999991	2.0	0.392699093	109.0
3289.226015999913	0.3429999949999001	gratings	4.0	0.342999995	360.0	0.0	0.0	1.0	0.0399999991	2.0	1.57079637	109.0
3289.9260160000995	0.3429999949999001	gratings	6.0	0.342999995	360.0	0.0	0.0	1.0	0.0399999991	2.0	2.3561945	109.0
3290.6260159993544	0.3429999949999001	gratings	10.0	0.342999995	360.0	0.0	0.0	1.0	0.0399999991	2.0	3.92699075	109.0
3291.3260159995407	0.3429999949999001	gratings	13.0	0.342999995	360.0	0.0	0.0	1.0	0.0399999991	2.0	5.10508823	109.0
3292.026015999727	0.3429999949999001	gratings	0.0	0.342999995	360.0	0.0	0.0	1.0	0.0399999991	2.0	0.0	109.0
3292.726015999913	0.3429999949999001	gratings	0.0	0.342999995	360.0	0.0	0.0	1.0	0.0399999991	2.0	0.0	109.0
3293.4260160000995	0.3429999949999001	gratings	5.0	0.342999995	360.0	0.0	0.0	1.0	0.0399999991	2.0	1.96349537	109.0
3294.1260159993544	0.3429999949999001	gratings	5.0	0.342999995	360.0	0.0	0.0	1.0	0.0399999991	2.0	1.96349537	109.0
3294.8260159995407	0.3429999949999001	gratings	11.0	0.342999995	360.0	0.0	0.0	1.0	0.0399999991	2.0	4.49422264	109.0
3295.526015999727	0.3429999949999001	gratings	0.0	0.342999995	360.0	0.0	0.0	1.0	0.0399999991	2.0	0.0	109.0
3296.226015999913	0.3429999949999001	gratings	9.0	0.342999995	360.0	0.0	0.0	1.0	0.0399999991	2.0	3.53429174	109.0
3296.9260160000995	0.3429999949999001	gratings	14.0	0.342999995	360.0	0.0	0.0	1.0	0.0399999991	2.0	5.497787	109.0
3297.6260159993544	0.3429999949999001	gratings	4.0	0.342999995	360.0	0.0	0.0	1.0	0.0399999991	2.0	1.57079637	109.0
3298.3260159995407	0.3429999949999001	gratings	0.0	0.342999995	360.0	0.0	0.0	1.0	0.0399999991	2.0	0.0	109.0
3299.026015999727	0.3429999949999001	gratings	9.0	0.342999995	360.0	0.0	0.0	1.0	0.0399999991	2.0	3.53429174	109.0
3299.726015999913	0.3429999949999001	gratings	3.0	0.342999995	360.0	0.0	0.0	1.0	0.0399999991	2.0	1.17809725	109.0
3300.4260160000995	0.3429999949999001	gratings	1.0	0.342999995	360.0	0.0	0.0	1.0	0.0399999991	2.0	0.392699093	-1.0
3301.1260159993544	0.3429999949999001	gratings	3.0	0.342999995	360.0	0.0	0.0	1.0	0.0399999991	2.0	1.17809725	110.0
3301.8260159995407	0.3429999949999001	gratings	11.0	0.342999995	360.0	0.0	0.0	1.0	0.0399999991	2.0	4.49422264	110.0
3302.526015999727	0.3429999949999001	gratings	12.0	0.342999995	360.0	0.0	0.0	1.0	0.0399999991	2.0	4.71238899	110.0
3303.226015999913	0.3429999949999001	gratings	14.0	0.342999995	360.0	0.0	0.0	1.0	0.0399999991	2.0	5.497787	110.0
3303.9260160000995	0.3429999949999001	gratings	6.0	0.342999995	360.0	0.0	0.0	1.0	0.0399999991	2.0	2.3561945	110.0
3304.6260159993544	0.3429999949999001	gratings	5.0	0.342999995	360.0	0.0	0.0	1.0	0.0399999991	2.0	1.96349537	110.0
3305.3260159995407	0.3429999949999001	gratings	1.0	0.342999995	360.0	0.0	0.0	1.0	0.0399999991	2.0	0.392699093	110.0
3306.026015999727	0.3429999949999001	gratings	12.0	0.342999995	360.0	0.0	0.0	1.0	0.0399999991	2.0	4.71238899	110.0
3306.726015999913	0.3429999949999001	gratings	12.0	0.342999995	360.0	0.0	0.0	1.0	0.0399999991	2.0	4.71238899	110.0
3307.4260160000995	0.3429999949999001	gratings	7.0	0.342999995	360.0	0.0	0.0	1.0	0.0399999991	2.0	2.7488935	110.0
3308.1260159993544	0.3429999949999001	gratings	1.0	0.342999995	360.0	0.0	0.0	1.0	0.0399999991	2.0	0.392699093	110.0
3308.8260159995407	0.3429999949999001	gratings	0.0	0.342999995	360.0	0.0	0.0	1.0	0.0399999991	2.0	0.0	110.0
3309.526015999727	0.3429999949999001	gratings	10.0	0.342999995	360.0	0.0	0.0	1.0	0.0399999991	2.0	3.92699075	110.0
3310.226015999913	0.3429999949999001	gratings	1.0	0.342999995	360.0	0.0	0.0	1.0	0.0399999991	2.0	0.392699093	110.0
3310.9260160000995	0.3429999949999001	gratings	14.0	0.342999995	360.0	0.0	0.0	1.0	0.0399999991	2.0	5.497787	110.0
3311.6260159993544	0.3429999949999001	gratings	0.0	0.342999995	360.0	0.0	0.0	1.0	0.0399999991	2.0	0.0	110.0
3312.3260159995407	0.3429999949999001	gratings	10.0	0.342999995	360.0	0.0	0.0	1.0	0.0399999991	2.0	3.92699075	110.0
3313.026015999727	0.3429999949999001	gratings	13.0	0.342999995	360.0	0.0	0.0	1.0	0.0399999991	2.0	5.10508823	110.0
3313.726015999913	0.3429999949999001	gratings	4.0	0.342999995	360.0	0.0	0.0	1.0	0.0399999991	2.0	1.57079637	110.0
3314.4260160000995	0.3429999949999001	gratings	6.0	0.342999995	360.0	0.0	0.0	1.0	0.0399999991	2.0	2.3561945	110.0
3315.1260159993544	0.3429999949999001	gratings	6.0	0.342999995	360.0	0.0	0.0	1.0	0.0399999991	2.0	2.3561945	110.0
3315.8260159995407	0.3429999949999001	gratings	8.0	0.342999995	360.0	0.0	0.0	1.0	0.0399999991	2.0	3.14159274	110.0
3316.526015999727	0.3429999949999001	gratings	0.0	0.342999995	360.0	0.0	0.0	1.0	0.0399999991	2.0	0.0	110.0
3317.226015999913	0.3429999949999001	gratings	2.0	0.342999995	360.0	0.0	0.0	1.0	0.0399999991	2.0	0.785398185	110.0
3317.9260160000995	0.3429999949999001	gratings	7.0	0.342999995	360.0	0.0	0.0	1.0	0.0399999991	2.0	2.7488935	110.0
3318.6260159993544	0.3429999949999001	gratings	13.0	0.342999995	360.0	0.0	0.0	1.0	0.0399999991	2.0	5.10508823	110.0
3319.3260159995407	0.3429999949999001	gratings	7.0	0.342999995	360.0	0.0	0.0	1.0	0.0399999991	2.0	2.7488935	110.0
3320.026015999727	0.3429999949999001	gratings	0.0	0.342999995	360.0	0.0	0.0	1.0	0.0399999991	2.0	0.0	110.0
3320.726015999913	0.3429999949999001	gratings	0.0	0.342999995	360.0	0.0	0.0	1.0	0.0399999991	2.0	0.0	110.0
3321.4260160000995	0.3429999949999001	gratings	9.0	0.342999995	360.0	0.0	0.0	1.0	0.0399999991	2.0	3.53429174	110.0
3322.1260159993544	0.3429999949999001	gratings	5.0	0.342999995	360.0	0.0	0.0	1.0	0.0399999991	2.0	1.96349537	110.0
3322.8260159995407	0.3429999949999001	gratings	12.0	0.342999995	360.0	0.0	0.0	1.0	0.0399999991	2.0	4.71238899	110.0
3323.526015999727	0.3429999949999001	gratings	10.0	0.342999995	360.0	0.0	0.0	1.0	0.0399999991	2.0	3.92699075	110.0
3324.226015999913	0.3429999949999001	gratings	8.0	0.342999995	360.0	0.0	0.0	1.0	0.0399999991	2.0	3.14159274	110.0
3324.9260160000995	0.3429999949999001	gratings	7.0	0.342999995	360.0	0.0	0.0	1.0	0.0399999991	2.0	2.7488935	110.0
3325.6260159993544	0.3429999949999001	gratings	9.0	0.342999995	360.0	0.0	0.0	1.0	0.0399999991	2.0	3.53429174	110.0
3326.3260159995407	0.3429999949999001	gratings	0.0	0.342999995	360.0	0.0	0.0	1.0	0.0399999991	2.0	0.0	110.0
3327.026015999727	0.3429999949999001	gratings	12.0	0.342999995	360.0	0.0	0.0	1.0	0.0399999991	2.0	4.71238899	110.0
3327.726015999913	0.3429999949999001	gratings	3.0	0.342999995	360.0	0.0	0.0	1.0	0.0399999991	2.0	1.17809725	110.0
3328.4260160000995	0.3429999949999001	gratings	12.0	0.342999995	360.0	0.0	0.0	1.0	0.0399999991	2.0	4.71238899	110.0
3329.1260159993544	0.3429999949999001	gratings	11.0	0.342999995	360.0	0.0	0.0	1.0	0.0399999991	2.0	4.49422264	110.0
3329.8260159995407	0.3429999949999001	gratings	9.0	0.342999995	360.0	0.0	0.0	1.0	0.0399999991	2.0	3.53429174	110.0
3330.526015999727	0.3429999949999001	gratings	2.0	0.342999995	360.0	0.0	0.0	1.0	0.0399999991	2.0	0.785398185	-1.0
3331.226015999913	0.3429999949999001	gratings	1.0	0.342999995	360.0	0.0	0.0	1.0	0.0399999991	2.0	0.392699093	111.0
3331.9260160000995	0.3429999949999001	gratings	5.0	0.342999995	360.0	0.0	0.0	1.0	0.0399999991	2.0	1.96349537	111.0
3332.6260159993544	0.3429999949999001	gratings	10.0	0.342999995	360.0	0.0	0.0	1.0	0.0399999991	2.0	3.92699075	111.0
3333.3260159995407	0.3429999949999001	gratings	14.0	0.342999995	360.0	0.0	0.0	1.0	0.0399999991	2.0	5.497787	111.0
3334.026015999727	0.3429999949999001	gratings	9.0	0.342999995	360.0	0.0	0.0	1.0	0.0399999991	2.0	3.53429174	111.0
3334.726015999913	0.3429999949999001	gratings	2.0	0.342999995	360.0	0.0	0.0	1.0	0.0399999991	2.0	0.785398185	111.0
3335.4260160000995	0.3429999949999001	gratings	1.0	0.342999995	360.0	0.0	0.0	1.0	0.0399999991	2.0	0.392699093	111.0
3336.1260159993544	0.3429999949999001	gratings	7.0	0.342999995	360.0	0.0	0.0	1.0	0.0399999991	2.0	2.7488935	111.0
3336.8260159995407	0.3429999949999001	gratings	14.0	0.342999995	360.0	0.0	0.0	1.0	0.0399999991	2.0	5.497787	111.0
3337.526015999727	0.3429999949999001	gratings	15.0	0.342999995	360.0	0.0	0.0	0.0	0.0399999991	2.0	0.0	111.0
3338.226015999913	0.3429999949999001	gratings	9.0	0.342999995	360.0	0.0	0.0	1.0	0.0399999991	2.0	3.53429174	111.0
3338.9260160000995	0.3429999949999001	gratings	14.0	0.342999995	360.0	0.0	0.0	1.0	0.0399999991	2.0	5.497787	111.0
3339.6260159993544	0.3429999949999001	gratings	10.0	0.342999995	360.0	0.0	0.0	1.0	0.0399999991	2.0	3.92699075	111.0
3340.3260159995407	0.3429999949999001	gratings	14.0	0.342999995	360.0	0.0	0.0	1.0	0.0399999991	2.0	5.497787	111.0
3341.026015999727	0.3429999949999001	gratings	10.0	0.342999995	360.0	0.0	0.0	1.0	0.0399999991	2.0	3.92699075	111.0
3341.726015999913	0.3429999949999001	gratings	1.0	0.342999995	360.0	0.0	0.0	1.0	0.0399999991	2.0	0.392699093	111.0
3342.4260160000995	0.3429999949999001	gratings	3.0	0.342999995	360.0	0.0	0.0	1.0	0.0399999991	2.0	1.17809725	111.0
3343.1260159993544	0.3429999949999001	gratings	14.0	0.342999995	360.0	0.0	0.0	1.0	0.0399999991	2.0	5.497787	111.0
3343.8260159995407	0.3429999949999001	gratings	0.0	0.342999995	360.0	0.0	0.0	1.0	0.0399999991	2.0	0.0	111.0
3344.526015999727	0.3429999949999001	gratings	8.0	0.342999995	360.0	0.0	0.0	1.0	0.0399999991	2.0	3.14159274	111.0
3345.226015999913	0.3429999949999001	gratings	5.0	0.342999995	360.0	0.0	0.0	1.0	0.0399999991	2.0	1.96349537	111.0
3345.9260160000995	0.3429999949999001	gratings	3.0	0.342999995	360.0	0.0	0.0	1.0	0.0399999991	2.0	1.17809725	111.0
3346.6260159993544	0.3429999949999001	gratings	2.0	0.342999995	360.0	0.0	0.0	1.0	0.0399999991	2.0	0.785398185	111.0
3347.3260159995407	0.3429999949999001	gratings	2.0	0.342999995	360.0	0.0	0.0	1.0	0.0399999991	2.0	0.785398185	111.0
3348.026015999727	0.3429999949999001	gratings	12.0	0.342999995	360.0	0.0	0.0	1.0	0.0399999991	2.0	4.71238899	111.0
3348.726015999913	0.3429999949999001	gratings	13.0	0.342999995	360.0	0.0	0.0	1.0	0.0399999991	2.0	5.10508823	111.0
3349.4260160000995	0.3429999949999001	gratings	6.0	0.342999995	360.0	0.0	0.0	1.0	0.0399999991	2.0	2.3561945	111.0
3350.1260159993544	0.3429999949999001	gratings	9.0	0.342999995	360.0	0.0	0.0	1.0	0.0399999991	2.0	3.53429174	111.0
3350.8260159995407	0.3429999949999001	gratings	3.0	0.342999995	360.0	0.0	0.0	1.0	0.0399999991	2.0	1.17809725	111.0
3351.526015999727	0.3429999949999001	gratings	12.0	0.342999995	360.0	0.0	0.0	1.0	0.0399999991	2.0	4.71238899	111.0
3352.226015999913	0.3429999949999001	gratings	4.0	0.342999995	360.0	0.0	0.0	1.0	0.0399999991	2.0	1.57079637	111.0
3352.9260160000995	0.3429999949999001	gratings	4.0	0.342999995	360.0	0.0	0.0	1.0	0.0399999991	2.0	1.57079637	111.0
3353.6260159993544	0.3429999949999001	gratings	15.0	0.342999995	360.0	0.0	0.0	0.0	0.0399999991	2.0	0.0	111.0
3354.3270079996437	0.3429999949999001	gratings	8.0	0.342999995	360.0	0.0	0.0	1.0	0.0399999991	2.0	3.14159274	111.0
3355.026015999727	0.3429999949999001	gratings	2.0	0.342999995	360.0	0.0	0.0	1.0	0.0399999991	2.0	0.785398185	111.0
3355.726015999913	0.3429999949999001	gratings	2.0	0.342999995	360.0	0.0	0.0	1.0	0.0399999991	2.0	0.785398185	111.0
3356.4260160000995	0.3429999949999001	gratings	13.0	0.342999995	360.0	0.0	0.0	1.0	0.0399999991	2.0	5.10508823	111.0
3357.1260159993544	0.3429999949999001	gratings	12.0	0.342999995	360.0	0.0	0.0	1.0	0.0399999991	2.0	4.71238899	111.0
3357.8260159995407	0.3429999949999001	gratings	9.0	0.342999995	360.0	0.0	0.0	1.0	0.0399999991	2.0	3.53429174	111.0
3358.526015999727	0.3429999949999001	gratings	8.0	0.342999995	360.0	0.0	0.0	1.0	0.0399999991	2.0	3.14159274	111.0
3359.226015999913	0.3429999949999001	gratings	4.0	0.342999995	360.0	0.0	0.0	1.0	0.0399999991	2.0	1.57079637	111.0
3359.9260160000995	0.3429999949999001	gratings	8.0	0.342999995	360.0	0.0	0.0	1.0	0.0399999991	2.0	3.14159274	111.0
3360.6260159993544	0.3429999949999001	gratings	15.0	0.342999995	360.0	0.0	0.0	0.0	0.0399999991	2.0	0.0	112.0
3361.3260159995407	0.3429999949999001	gratings	0.0	0.342999995	360.0	0.0	0.0	1.0	0.0399999991	2.0	0.0	112.0
3362.026015999727	0.3429999949999001	gratings	2.0	0.342999995	360.0	0.0	0.0	1.0	0.0399999991	2.0	0.785398185	112.0
3362.726015999913	0.3429999949999001	gratings	3.0	0.342999995	360.0	0.0	0.0	1.0	0.0399999991	2.0	1.17809725	112.0
3363.4260160000995	0.3429999949999001	gratings	13.0	0.342999995	360.0	0.0	0.0	1.0	0.0399999991	2.0	5.10508823	112.0
3364.1260159993544	0.3429999949999001	gratings	9.0	0.342999995	360.0	0.0	0.0	1.0	0.0399999991	2.0	3.53429174	112.0
3364.8260159995407	0.3429999949999001	gratings	0.0	0.342999995	360.0	0.0	0.0	1.0	0.0399999991	2.0	0.0	112.0
3365.526015999727	0.3429999949999001	gratings	14.0	0.342999995	360.0	0.0	0.0	1.0	0.0399999991	2.0	5.497787	112.0
3366.226015999913	0.3429999949999001	gratings	11.0	0.342999995	360.0	0.0	0.0	1.0	0.0399999991	2.0	4.49422264	112.0
3366.9260160000995	0.3429999949999001	gratings	6.0	0.342999995	360.0	0.0	0.0	1.0	0.0399999991	2.0	2.3561945	112.0
3367.6260159993544	0.3429999949999001	gratings	3.0	0.342999995	360.0	0.0	0.0	1.0	0.0399999991	2.0	1.17809725	112.0
3368.3260159995407	0.3429999949999001	gratings	11.0	0.342999995	360.0	0.0	0.0	1.0	0.0399999991	2.0	4.49422264	112.0
3369.026015999727	0.3429999949999001	gratings	15.0	0.342999995	360.0	0.0	0.0	0.0	0.0399999991	2.0	0.0	112.0
3369.726015999913	0.3429999949999001	gratings	13.0	0.342999995	360.0	0.0	0.0	1.0	0.0399999991	2.0	5.10508823	112.0
3370.4260160000995	0.3429999949999001	gratings	3.0	0.342999995	360.0	0.0	0.0	1.0	0.0399999991	2.0	1.17809725	112.0
3371.1260159993544	0.3429999949999001	gratings	5.0	0.342999995	360.0	0.0	0.0	1.0	0.0399999991	2.0	1.96349537	112.0
3371.8260159995407	0.3429999949999001	gratings	6.0	0.342999995	360.0	0.0	0.0	1.0	0.0399999991	2.0	2.3561945	112.0
3372.526015999727	0.3429999949999001	gratings	10.0	0.342999995	360.0	0.0	0.0	1.0	0.0399999991	2.0	3.92699075	112.0
3373.226015999913	0.3429999949999001	gratings	2.0	0.342999995	360.0	0.0	0.0	1.0	0.0399999991	2.0	0.785398185	112.0
3373.9260160000995	0.3429999949999001	gratings	5.0	0.342999995	360.0	0.0	0.0	1.0	0.0399999991	2.0	1.96349537	112.0
3374.6260159993544	0.3429999949999001	gratings	8.0	0.342999995	360.0	0.0	0.0	1.0	0.0399999991	2.0	3.14159274	112.0
3375.3260159995407	0.3429999949999001	gratings	10.0	0.342999995	360.0	0.0	0.0	1.0	0.0399999991	2.0	3.92699075	112.0
3376.026015999727	0.3429999949999001	gratings	0.0	0.342999995	360.0	0.0	0.0	1.0	0.0399999991	2.0	0.0	112.0
3376.726015999913	0.3429999949999001	gratings	9.0	0.342999995	360.0	0.0	0.0	1.0	0.0399999991	2.0	3.53429174	112.0
3377.4260160000995	0.3429999949999001	gratings	2.0	0.342999995	360.0	0.0	0.0	1.0	0.0399999991	2.0	0.785398185	112.0
3378.1260159993544	0.3429999949999001	gratings	3.0	0.342999995	360.0	0.0	0.0	1.0	0.0399999991	2.0	1.17809725	112.0
3378.8260159995407	0.3429999949999001	gratings	15.0	0.342999995	360.0	0.0	0.0	0.0	0.0399999991	2.0	0.0	112.0
3379.52700799983	0.3429999949999001	gratings	6.0	0.342999995	360.0	0.0	0.0	1.0	0.0399999991	2.0	2.3561945	112.0
3380.226015999913	0.3429999949999001	gratings	7.0	0.342999995	360.0	0.0	0.0	1.0	0.0399999991	2.0	2.7488935	112.0
3380.927007999271	0.3429999949999001	gratings	6.0	0.342999995	360.0	0.0	0.0	1.0	0.0399999991	2.0	2.3561945	112.0
3381.6270079994574	0.3429999949999001	gratings	8.0	0.342999995	360.0	0.0	0.0	1.0	0.0399999991	2.0	3.14159274	112.0
3382.3270079996437	0.3429999949999001	gratings	7.0	0.342999995	360.0	0.0	0.0	1.0	0.0399999991	2.0	2.7488935	112.0
3383.02700799983	0.3429999949999001	gratings	11.0	0.342999995	360.0	0.0	0.0	1.0	0.0399999991	2.0	4.49422264	112.0
3383.727008000016	0.3429999949999001	gratings	10.0	0.342999995	360.0	0.0	0.0	1.0	0.0399999991	2.0	3.92699075	112.0
3384.427007999271	0.3429999949999001	gratings	6.0	0.342999995	360.0	0.0	0.0	1.0	0.0399999991	2.0	2.3561945	112.0
3385.1270079994574	0.3429999949999001	gratings	11.0	0.342999995	360.0	0.0	0.0	1.0	0.0399999991	2.0	4.49422264	112.0
3385.8270079996437	0.3429999949999001	gratings	15.0	0.342999995	360.0	0.0	0.0	0.0	0.0399999991	2.0	0.0	112.0
3386.52700799983	0.3429999949999001	gratings	10.0	0.342999995	360.0	0.0	0.0	1.0	0.0399999991	2.0	3.92699075	112.0
3387.227008000016	0.3429999949999001	gratings	8.0	0.342999995	360.0	0.0	0.0	1.0	0.0399999991	2.0	3.14159274	112.0
3387.927007999271	0.3429999949999001	gratings	15.0	0.342999995	360.0	0.0	0.0	0.0	0.0399999991	2.0	0.0	112.0
3388.6270079994574	0.3429999949999001	gratings	14.0	0.342999995	360.0	0.0	0.0	1.0	0.0399999991	2.0	5.497787	112.0
3389.3270079996437	0.3429999949999001	gratings	8.0	0.342999995	360.0	0.0	0.0	1.0	0.0399999991	2.0	3.14159274	112.0
3390.02700799983	0.3429999949999001	gratings	5.0	0.342999995	360.0	0.0	0.0	1.0	0.0399999991	2.0	1.96349537	-1.0
3390.727008000016	0.3429999949999001	gratings	8.0	0.342999995	360.0	0.0	0.0	1.0	0.0399999991	2.0	3.14159274	113.0
3391.427007999271	0.3429999949999001	gratings	9.0	0.342999995	360.0	0.0	0.0	1.0	0.0399999991	2.0	3.53429174	113.0
3392.1270079994574	0.3429999949999001	gratings	2.0	0.342999995	360.0	0.0	0.0	1.0	0.0399999991	2.0	0.785398185	113.0
3392.8270079996437	0.3429999949999001	gratings	8.0	0.342999995	360.0	0.0	0.0	1.0	0.0399999991	2.0	3.14159274	113.0
3393.52700799983	0.3429999949999001	gratings	8.0	0.342999995	360.0	0.0	0.0	1.0	0.0399999991	2.0	3.14159274	113.0
3394.227008000016	0.3429999949999001	gratings	6.0	0.342999995	360.0	0.0	0.0	1.0	0.0399999991	2.0	2.3561945	113.0
3394.927007999271	0.3429999949999001	gratings	2.0	0.342999995	360.0	0.0	0.0	1.0	0.0399999991	2.0	0.785398185	113.0
3395.6270079994574	0.3429999949999001	gratings	3.0	0.342999995	360.0	0.0	0.0	1.0	0.0399999991	2.0	1.17809725	113.0
3396.3270079996437	0.3429999949999001	gratings	4.0	0.342999995	360.0	0.0	0.0	1.0	0.0399999991	2.0	1.57079637	113.0
3397.02700799983	0.3429999949999001	gratings	7.0	0.342999995	360.0	0.0	0.0	1.0	0.0399999991	2.0	2.7488935	113.0
3397.727008000016	0.3429999949999001	gratings	14.0	0.342999995	360.0	0.0	0.0	1.0	0.0399999991	2.0	5.497787	113.0
3398.427007999271	0.3429999949999001	gratings	15.0	0.342999995	360.0	0.0	0.0	0.0	0.0399999991	2.0	0.0	113.0
3399.1270079994574	0.3429999949999001	gratings	13.0	0.342999995	360.0	0.0	0.0	1.0	0.0399999991	2.0	5.10508823	113.0
3399.8270079996437	0.3429999949999001	gratings	1.0	0.342999995	360.0	0.0	0.0	1.0	0.0399999991	2.0	0.392699093	113.0
3400.52700799983	0.3429999949999001	gratings	13.0	0.342999995	360.0	0.0	0.0	1.0	0.0399999991	2.0	5.10508823	113.0
3401.227008000016	0.3429999949999001	gratings	14.0	0.342999995	360.0	0.0	0.0	1.0	0.0399999991	2.0	5.497787	113.0
3401.927007999271	0.3429999949999001	gratings	0.0	0.342999995	360.0	0.0	0.0	1.0	0.0399999991	2.0	0.0	113.0
3402.6270079994574	0.3429999949999001	gratings	12.0	0.342999995	360.0	0.0	0.0	1.0	0.0399999991	2.0	4.71238899	113.0
3403.3270079996437	0.3429999949999001	gratings	7.0	0.342999995	360.0	0.0	0.0	1.0	0.0399999991	2.0	2.7488935	113.0
3404.02700799983	0.3429999949999001	gratings	1.0	0.342999995	360.0	0.0	0.0	1.0	0.0399999991	2.0	0.392699093	113.0
3404.727008000016	0.3429999949999001	gratings	9.0	0.342999995	360.0	0.0	0.0	1.0	0.0399999991	2.0	3.53429174	113.0
3405.427007999271	0.3429999949999001	gratings	14.0	0.342999995	360.0	0.0	0.0	1.0	0.0399999991	2.0	5.497787	113.0
3406.1270079994574	0.3429999949999001	gratings	4.0	0.342999995	360.0	0.0	0.0	1.0	0.0399999991	2.0	1.57079637	113.0
3406.8270079996437	0.3429999949999001	gratings	9.0	0.342999995	360.0	0.0	0.0	1.0	0.0399999991	2.0	3.53429174	113.0
3407.52700799983	0.3429999949999001	gratings	0.0	0.342999995	360.0	0.0	0.0	1.0	0.0399999991	2.0	0.0	113.0
3408.227008000016	0.3429999949999001	gratings	4.0	0.342999995	360.0	0.0	0.0	1.0	0.0399999991	2.0	1.57079637	113.0
3408.927007999271	0.3429999949999001	gratings	3.0	0.342999995	360.0	0.0	0.0	1.0	0.0399999991	2.0	1.17809725	113.0
3409.6270079994574	0.3429999949999001	gratings	1.0	0.342999995	360.0	0.0	0.0	1.0	0.0399999991	2.0	0.392699093	113.0
3410.3270079996437	0.3429999949999001	gratings	6.0	0.342999995	360.0	0.0	0.0	1.0	0.0399999991	2.0	2.3561945	113.0
3411.02700799983	0.3429999949999001	gratings	9.0	0.342999995	360.0	0.0	0.0	1.0	0.0399999991	2.0	3.53429174	113.0
3411.727008000016	0.3429999949999001	gratings	5.0	0.342999995	360.0	0.0	0.0	1.0	0.0399999991	2.0	1.96349537	113.0
3412.427007999271	0.3429999949999001	gratings	14.0	0.342999995	360.0	0.0	0.0	1.0	0.0399999991	2.0	5.497787	113.0
3413.1270079994574	0.3429999949999001	gratings	7.0	0.342999995	360.0	0.0	0.0	1.0	0.0399999991	2.0	2.7488935	113.0
3413.8270079996437	0.3429999949999001	gratings	15.0	0.342999995	360.0	0.0	0.0	0.0	0.0399999991	2.0	0.0	113.0
3414.52700799983	0.3429999949999001	gratings	7.0	0.342999995	360.0	0.0	0.0	1.0	0.0399999991	2.0	2.7488935	113.0
3415.227008000016	0.3429999949999001	gratings	3.0	0.342999995	360.0	0.0	0.0	1.0	0.0399999991	2.0	1.17809725	113.0
3415.927007999271	0.3429999949999001	gratings	11.0	0.342999995	360.0	0.0	0.0	1.0	0.0399999991	2.0	4.49422264	113.0
3416.6270079994574	0.3429999949999001	gratings	1.0	0.342999995	360.0	0.0	0.0	1.0	0.0399999991	2.0	0.392699093	113.0
3417.3270079996437	0.3429999949999001	gratings	1.0	0.342999995	360.0	0.0	0.0	1.0	0.0399999991	2.0	0.392699093	113.0
3418.02700799983	0.3429999949999001	gratings	6.0	0.342999995	360.0	0.0	0.0	1.0	0.0399999991	2.0	2.3561945	113.0
3418.727008000016	0.3429999949999001	gratings	4.0	0.342999995	360.0	0.0	0.0	1.0	0.0399999991	2.0	1.57079637	113.0
3419.427007999271	0.3429999949999001	gratings	0.0	0.342999995	360.0	0.0	0.0	1.0	0.0399999991	2.0	0.0	113.0
3420.1270079994574	0.3429999949999001	gratings	4.0	0.342999995	360.0	0.0	0.0	1.0	0.0399999991	2.0	1.57079637	-1.0
3420.8270079996437	0.3429999949999001	gratings	7.0	0.342999995	360.0	0.0	0.0	1.0	0.0399999991	2.0	2.7488935	114.0
3421.52700799983	0.3429999949999001	gratings	3.0	0.342999995	360.0	0.0	0.0	1.0	0.0399999991	2.0	1.17809725	114.0
3422.227008000016	0.3429999949999001	gratings	14.0	0.342999995	360.0	0.0	0.0	1.0	0.0399999991	2.0	5.497787	114.0
3422.927007999271	0.3429999949999001	gratings	1.0	0.342999995	360.0	0.0	0.0	1.0	0.0399999991	2.0	0.392699093	114.0
3423.6270079994574	0.3429999949999001	gratings	0.0	0.342999995	360.0	0.0	0.0	1.0	0.0399999991	2.0	0.0	114.0
3424.3270079996437	0.3429999949999001	gratings	13.0	0.342999995	360.0	0.0	0.0	1.0	0.0399999991	2.0	5.10508823	114.0
3425.02700799983	0.3429999949999001	gratings	7.0	0.342999995	360.0	0.0	0.0	1.0	0.0399999991	2.0	2.7488935	114.0
3425.727008000016	0.3429999949999001	gratings	6.0	0.342999995	360.0	0.0	0.0	1.0	0.0399999991	2.0	2.3561945	114.0
3426.427007999271	0.3429999949999001	gratings	14.0	0.342999995	360.0	0.0	0.0	1.0	0.0399999991	2.0	5.497787	114.0
3427.1270079994574	0.3429999949999001	gratings	1.0	0.342999995	360.0	0.0	0.0	1.0	0.0399999991	2.0	0.392699093	114.0
3427.8270079996437	0.3429999949999001	gratings	3.0	0.342999995	360.0	0.0	0.0	1.0	0.0399999991	2.0	1.17809725	114.0
3428.52700799983	0.3429999949999001	gratings	3.0	0.342999995	360.0	0.0	0.0	1.0	0.0399999991	2.0	1.17809725	114.0
3429.227008000016	0.3429999949999001	gratings	15.0	0.342999995	360.0	0.0	0.0	0.0	0.0399999991	2.0	0.0	114.0
3429.927007999271	0.3429999949999001	gratings	13.0	0.342999995	360.0	0.0	0.0	1.0	0.0399999991	2.0	5.10508823	114.0
3430.6270079994574	0.3429999949999001	gratings	6.0	0.342999995	360.0	0.0	0.0	1.0	0.0399999991	2.0	2.3561945	114.0
3431.3270079996437	0.3429999949999001	gratings	13.0	0.342999995	360.0	0.0	0.0	1.0	0.0399999991	2.0	5.10508823	114.0
3432.02700799983	0.3429999949999001	gratings	5.0	0.342999995	360.0	0.0	0.0	1.0	0.0399999991	2.0	1.96349537	114.0
3432.727008000016	0.3429999949999001	gratings	12.0	0.342999995	360.0	0.0	0.0	1.0	0.0399999991	2.0	4.71238899	114.0
3433.427007999271	0.3429999949999001	gratings	7.0	0.342999995	360.0	0.0	0.0	1.0	0.0399999991	2.0	2.7488935	114.0
3434.1270079994574	0.3429999949999001	gratings	8.0	0.342999995	360.0	0.0	0.0	1.0	0.0399999991	2.0	3.14159274	114.0
3434.8270079996437	0.3429999949999001	gratings	8.0	0.342999995	360.0	0.0	0.0	1.0	0.0399999991	2.0	3.14159274	114.0
3435.52700799983	0.3429999949999001	gratings	4.0	0.342999995	360.0	0.0	0.0	1.0	0.0399999991	2.0	1.57079637	114.0
3436.228000000119	0.3429999949999001	gratings	7.0	0.342999995	360.0	0.0	0.0	1.0	0.0399999991	2.0	2.7488935	114.0
3436.927007999271	0.3429999949999001	gratings	15.0	0.342999995	360.0	0.0	0.0	0.0	0.0399999991	2.0	0.0	114.0
3437.6270079994574	0.3429999949999001	gratings	13.0	0.342999995	360.0	0.0	0.0	1.0	0.0399999991	2.0	5.10508823	114.0
3438.3270079996437	0.3429999949999001	gratings	10.0	0.342999995	360.0	0.0	0.0	1.0	0.0399999991	2.0	3.92699075	114.0
3439.02700799983	0.3429999949999001	gratings	6.0	0.342999995	360.0	0.0	0.0	1.0	0.0399999991	2.0	2.3561945	114.0
3439.727008000016	0.3429999949999001	gratings	2.0	0.342999995	360.0	0.0	0.0	1.0	0.0399999991	2.0	0.785398185	114.0
3440.427007999271	0.3429999949999001	gratings	4.0	0.342999995	360.0	0.0	0.0	1.0	0.0399999991	2.0	1.57079637	114.0
3441.1270079994574	0.3429999949999001	gratings	9.0	0.342999995	360.0	0.0	0.0	1.0	0.0399999991	2.0	3.53429174	114.0
3441.8270079996437	0.3429999949999001	gratings	10.0	0.342999995	360.0	0.0	0.0	1.0	0.0399999991	2.0	3.92699075	114.0
3442.52700799983	0.3429999949999001	gratings	9.0	0.342999995	360.0	0.0	0.0	1.0	0.0399999991	2.0	3.53429174	114.0
3443.227008000016	0.3429999949999001	gratings	12.0	0.342999995	360.0	0.0	0.0	1.0	0.0399999991	2.0	4.71238899	114.0
3443.927007999271	0.3429999949999001	gratings	7.0	0.342999995	360.0	0.0	0.0	1.0	0.0399999991	2.0	2.7488935	114.0
3444.6270079994574	0.3429999949999001	gratings	6.0	0.342999995	360.0	0.0	0.0	1.0	0.0399999991	2.0	2.3561945	114.0
3445.3270079996437	0.3429999949999001	gratings	1.0	0.342999995	360.0	0.0	0.0	1.0	0.0399999991	2.0	0.392699093	114.0
3446.02700799983	0.3429999949999001	gratings	0.0	0.342999995	360.0	0.0	0.0	1.0	0.0399999991	2.0	0.0	114.0
3446.727008000016	0.3429999949999001	gratings	15.0	0.342999995	360.0	0.0	0.0	0.0	0.0399999991	2.0	0.0	114.0
3447.427007999271	0.3429999949999001	gratings	11.0	0.342999995	360.0	0.0	0.0	1.0	0.0399999991	2.0	4.49422264	114.0
3448.1270079994574	0.3429999949999001	gratings	9.0	0.342999995	360.0	0.0	0.0	1.0	0.0399999991	2.0	3.53429174	114.0
3448.8270079996437	0.3429999949999001	gratings	0.0	0.342999995	360.0	0.0	0.0	1.0	0.0399999991	2.0	0.0	114.0
3449.52700799983	0.3429999949999001	gratings	8.0	0.342999995	360.0	0.0	0.0	1.0	0.0399999991	2.0	3.14159274	114.0
3450.227008000016	0.3429999949999001	gratings	0.0	0.342999995	360.0	0.0	0.0	1.0	0.0399999991	2.0	0.0	-1.0
3450.927007999271	0.3429999949999001	gratings	6.0	0.342999995	360.0	0.0	0.0	1.0	0.0399999991	2.0	2.3561945	115.0
3451.6270079994574	0.3429999949999001	gratings	3.0	0.342999995	360.0	0.0	0.0	1.0	0.0399999991	2.0	1.17809725	115.0
3452.3270079996437	0.3429999949999001	gratings	14.0	0.342999995	360.0	0.0	0.0	1.0	0.0399999991	2.0	5.497787	115.0
3453.02700799983	0.3429999949999001	gratings	8.0	0.342999995	360.0	0.0	0.0	1.0	0.0399999991	2.0	3.14159274	115.0
3453.727008000016	0.3429999949999001	gratings	9.0	0.342999995	360.0	0.0	0.0	1.0	0.0399999991	2.0	3.53429174	115.0
3454.427007999271	0.3429999949999001	gratings	12.0	0.342999995	360.0	0.0	0.0	1.0	0.0399999991	2.0	4.71238899	115.0
3455.1270079994574	0.3429999949999001	gratings	11.0	0.342999995	360.0	0.0	0.0	1.0	0.0399999991	2.0	4.49422264	115.0
3455.8270079996437	0.3429999949999001	gratings	7.0	0.342999995	360.0	0.0	0.0	1.0	0.0399999991	2.0	2.7488935	115.0
3456.52700799983	0.3429999949999001	gratings	0.0	0.342999995	360.0	0.0	0.0	1.0	0.0399999991	2.0	0.0	115.0
3457.227008000016	0.3429999949999001	gratings	12.0	0.342999995	360.0	0.0	0.0	1.0	0.0399999991	2.0	4.71238899	115.0
3457.927007999271	0.3429999949999001	gratings	10.0	0.342999995	360.0	0.0	0.0	1.0	0.0399999991	2.0	3.92699075	115.0
3458.6270079994574	0.3429999949999001	gratings	15.0	0.342999995	360.0	0.0	0.0	0.0	0.0399999991	2.0	0.0	115.0
3459.3270079996437	0.3429999949999001	gratings	8.0	0.342999995	360.0	0.0	0.0	1.0	0.0399999991	2.0	3.14159274	115.0
3460.02700799983	0.3429999949999001	gratings	12.0	0.342999995	360.0	0.0	0.0	1.0	0.0399999991	2.0	4.71238899	115.0
3460.727008000016	0.3429999949999001	gratings	7.0	0.342999995	360.0	0.0	0.0	1.0	0.0399999991	2.0	2.7488935	115.0
3461.427007999271	0.3429999949999001	gratings	13.0	0.342999995	360.0	0.0	0.0	1.0	0.0399999991	2.0	5.10508823	115.0
3462.1270079994574	0.3429999949999001	gratings	11.0	0.342999995	360.0	0.0	0.0	1.0	0.0399999991	2.0	4.49422264	115.0
3462.8270079996437	0.3429999949999001	gratings	7.0	0.342999995	360.0	0.0	0.0	1.0	0.0399999991	2.0	2.7488935	115.0
3463.52700799983	0.3429999949999001	gratings	13.0	0.342999995	360.0	0.0	0.0	1.0	0.0399999991	2.0	5.10508823	115.0
3464.227008000016	0.3429999949999001	gratings	5.0	0.342999995	360.0	0.0	0.0	1.0	0.0399999991	2.0	1.96349537	115.0
3464.927007999271	0.3429999949999001	gratings	5.0	0.342999995	360.0	0.0	0.0	1.0	0.0399999991	2.0	1.96349537	115.0
3465.6270079994574	0.3429999949999001	gratings	5.0	0.342999995	360.0	0.0	0.0	1.0	0.0399999991	2.0	1.96349537	115.0
3466.3270079996437	0.3429999949999001	gratings	7.0	0.342999995	360.0	0.0	0.0	1.0	0.0399999991	2.0	2.7488935	115.0
3467.02700799983	0.3429999949999001	gratings	11.0	0.342999995	360.0	0.0	0.0	1.0	0.0399999991	2.0	4.49422264	115.0
3467.727008000016	0.3429999949999001	gratings	11.0	0.342999995	360.0	0.0	0.0	1.0	0.0399999991	2.0	4.49422264	115.0
3468.427007999271	0.3429999949999001	gratings	1.0	0.342999995	360.0	0.0	0.0	1.0	0.0399999991	2.0	0.392699093	115.0
3469.1270079994574	0.3429999949999001	gratings	6.0	0.342999995	360.0	0.0	0.0	1.0	0.0399999991	2.0	2.3561945	115.0
3469.8270079996437	0.3429999949999001	gratings	1.0	0.342999995	360.0	0.0	0.0	1.0	0.0399999991	2.0	0.392699093	115.0
3470.52700799983	0.3429999949999001	gratings	3.0	0.342999995	360.0	0.0	0.0	1.0	0.0399999991	2.0	1.17809725	115.0
3471.227008000016	0.3429999949999001	gratings	2.0	0.342999995	360.0	0.0	0.0	1.0	0.0399999991	2.0	0.785398185	115.0
3471.927007999271	0.3429999949999001	gratings	15.0	0.342999995	360.0	0.0	0.0	0.0	0.0399999991	2.0	0.0	115.0
3472.6270079994574	0.3429999949999001	gratings	10.0	0.342999995	360.0	0.0	0.0	1.0	0.0399999991	2.0	3.92699075	115.0
3473.3270079996437	0.3429999949999001	gratings	10.0	0.342999995	360.0	0.0	0.0	1.0	0.0399999991	2.0	3.92699075	115.0
3474.02700799983	0.3429999949999001	gratings	1.0	0.342999995	360.0	0.0	0.0	1.0	0.0399999991	2.0	0.392699093	115.0
3474.727008000016	0.3429999949999001	gratings	11.0	0.342999995	360.0	0.0	0.0	1.0	0.0399999991	2.0	4.49422264	115.0
3475.427007999271	0.3429999949999001	gratings	1.0	0.342999995	360.0	0.0	0.0	1.0	0.0399999991	2.0	0.392699093	115.0
3476.1270079994574	0.3429999949999001	gratings	10.0	0.342999995	360.0	0.0	0.0	1.0	0.0399999991	2.0	3.92699075	115.0
3476.8270079996437	0.3429999949999001	gratings	6.0	0.342999995	360.0	0.0	0.0	1.0	0.0399999991	2.0	2.3561945	115.0
3477.52700799983	0.3429999949999001	gratings	4.0	0.342999995	360.0	0.0	0.0	1.0	0.0399999991	2.0	1.57079637	115.0
3478.227008000016	0.3429999949999001	gratings	1.0	0.342999995	360.0	0.0	0.0	1.0	0.0399999991	2.0	0.392699093	115.0
3478.927007999271	0.3429999949999001	gratings	13.0	0.342999995	360.0	0.0	0.0	1.0	0.0399999991	2.0	5.10508823	115.0
3479.6270079994574	0.3429999949999001	gratings	15.0	0.342999995	360.0	0.0	0.0	0.0	0.0399999991	2.0	0.0	115.0
3480.3270079996437	0.3429999949999001	gratings	15.0	0.342999995	360.0	0.0	0.0	0.0	0.0399999991	2.0	0.0	-1.0
3481.02700799983	0.3429999949999001	gratings	7.0	0.342999995	360.0	0.0	0.0	1.0	0.0399999991	2.0	2.7488935	116.0
3481.727008000016	0.3429999949999001	gratings	8.0	0.342999995	360.0	0.0	0.0	1.0	0.0399999991	2.0	3.14159274	116.0
3482.427007999271	0.3429999949999001	gratings	2.0	0.342999995	360.0	0.0	0.0	1.0	0.0399999991	2.0	0.785398185	116.0
3483.1270079994574	0.3429999949999001	gratings	6.0	0.342999995	360.0	0.0	0.0	1.0	0.0399999991	2.0	2.3561945	116.0
3483.8270079996437	0.3429999949999001	gratings	4.0	0.342999995	360.0	0.0	0.0	1.0	0.0399999991	2.0	1.57079637	116.0
3484.52700799983	0.3429999949999001	gratings	14.0	0.342999995	360.0	0.0	0.0	1.0	0.0399999991	2.0	5.497787	116.0
3485.227008000016	0.3429999949999001	gratings	10.0	0.342999995	360.0	0.0	0.0	1.0	0.0399999991	2.0	3.92699075	116.0
3485.927007999271	0.3429999949999001	gratings	4.0	0.342999995	360.0	0.0	0.0	1.0	0.0399999991	2.0	1.57079637	116.0
3486.6270079994574	0.3429999949999001	gratings	12.0	0.342999995	360.0	0.0	0.0	1.0	0.0399999991	2.0	4.71238899	116.0
3487.3270079996437	0.3429999949999001	gratings	11.0	0.342999995	360.0	0.0	0.0	1.0	0.0399999991	2.0	4.49422264	116.0
3488.02700799983	0.3429999949999001	gratings	2.0	0.342999995	360.0	0.0	0.0	1.0	0.0399999991	2.0	0.785398185	116.0
3488.727008000016	0.3429999949999001	gratings	3.0	0.342999995	360.0	0.0	0.0	1.0	0.0399999991	2.0	1.17809725	116.0
3489.427007999271	0.3429999949999001	gratings	3.0	0.342999995	360.0	0.0	0.0	1.0	0.0399999991	2.0	1.17809725	116.0
3490.1270079994574	0.3429999949999001	gratings	8.0	0.342999995	360.0	0.0	0.0	1.0	0.0399999991	2.0	3.14159274	116.0
3490.8270079996437	0.3429999949999001	gratings	7.0	0.342999995	360.0	0.0	0.0	1.0	0.0399999991	2.0	2.7488935	116.0
3491.52700799983	0.3429999949999001	gratings	14.0	0.342999995	360.0	0.0	0.0	1.0	0.0399999991	2.0	5.497787	116.0
3492.227008000016	0.3429999949999001	gratings	10.0	0.342999995	360.0	0.0	0.0	1.0	0.0399999991	2.0	3.92699075	116.0
3492.927007999271	0.3429999949999001	gratings	4.0	0.342999995	360.0	0.0	0.0	1.0	0.0399999991	2.0	1.57079637	116.0
3493.6270079994574	0.3429999949999001	gratings	2.0	0.342999995	360.0	0.0	0.0	1.0	0.0399999991	2.0	0.785398185	116.0
3494.3270079996437	0.3429999949999001	gratings	12.0	0.342999995	360.0	0.0	0.0	1.0	0.0399999991	2.0	4.71238899	116.0
3495.02700799983	0.3429999949999001	gratings	8.0	0.342999995	360.0	0.0	0.0	1.0	0.0399999991	2.0	3.14159274	116.0
3495.727008000016	0.3429999949999001	gratings	13.0	0.342999995	360.0	0.0	0.0	1.0	0.0399999991	2.0	5.10508823	116.0
3496.427007999271	0.3429999949999001	gratings	14.0	0.342999995	360.0	0.0	0.0	1.0	0.0399999991	2.0	5.497787	116.0
3497.1270079994574	0.3429999949999001	gratings	5.0	0.342999995	360.0	0.0	0.0	1.0	0.0399999991	2.0	1.96349537	116.0
3497.8270079996437	0.3429999949999001	gratings	12.0	0.342999995	360.0	0.0	0.0	1.0	0.0399999991	2.0	4.71238899	116.0
3498.52700799983	0.3429999949999001	gratings	9.0	0.342999995	360.0	0.0	0.0	1.0	0.0399999991	2.0	3.53429174	116.0
3499.227008000016	0.3429999949999001	gratings	7.0	0.342999995	360.0	0.0	0.0	1.0	0.0399999991	2.0	2.7488935	116.0
3499.927007999271	0.3429999949999001	gratings	7.0	0.342999995	360.0	0.0	0.0	1.0	0.0399999991	2.0	2.7488935	116.0
3500.6270079994574	0.3429999949999001	gratings	12.0	0.342999995	360.0	0.0	0.0	1.0	0.0399999991	2.0	4.71238899	116.0
3501.3270079996437	0.3429999949999001	gratings	12.0	0.342999995	360.0	0.0	0.0	1.0	0.0399999991	2.0	4.71238899	116.0
3502.02700799983	0.3429999949999001	gratings	11.0	0.342999995	360.0	0.0	0.0	1.0	0.0399999991	2.0	4.49422264	116.0
3502.727008000016	0.3429999949999001	gratings	13.0	0.342999995	360.0	0.0	0.0	1.0	0.0399999991	2.0	5.10508823	116.0
3503.427007999271	0.3429999949999001	gratings	4.0	0.342999995	360.0	0.0	0.0	1.0	0.0399999991	2.0	1.57079637	116.0
3504.1270079994574	0.3429999949999001	gratings	4.0	0.342999995	360.0	0.0	0.0	1.0	0.0399999991	2.0	1.57079637	116.0
3504.8279999997467	0.3429999949999001	gratings	5.0	0.342999995	360.0	0.0	0.0	1.0	0.0399999991	2.0	1.96349537	116.0
3505.527999999933	0.3429999949999001	gratings	0.0	0.342999995	360.0	0.0	0.0	1.0	0.0399999991	2.0	0.0	116.0
3506.227008000016	0.3429999949999001	gratings	15.0	0.342999995	360.0	0.0	0.0	0.0	0.0399999991	2.0	0.0	116.0
3506.927007999271	0.3429999949999001	gratings	2.0	0.342999995	360.0	0.0	0.0	1.0	0.0399999991	2.0	0.785398185	116.0
3507.6270079994574	0.3429999949999001	gratings	5.0	0.342999995	360.0	0.0	0.0	1.0	0.0399999991	2.0	1.96349537	116.0
3508.3279999997467	0.3429999949999001	gratings	10.0	0.342999995	360.0	0.0	0.0	1.0	0.0399999991	2.0	3.92699075	116.0
3509.027999999933	0.3429999949999001	gratings	14.0	0.342999995	360.0	0.0	0.0	1.0	0.0399999991	2.0	5.497787	116.0
3509.727008000016	0.3429999949999001	gratings	2.0	0.342999995	360.0	0.0	0.0	1.0	0.0399999991	2.0	0.785398185	116.0
3510.427999999374	0.3429999949999001	gratings	11.0	0.342999995	360.0	0.0	0.0	1.0	0.0399999991	2.0	4.49422264	-1.0
3511.1270079994574	0.3429999949999001	gratings	15.0	0.342999995	360.0	0.0	0.0	0.0	0.0399999991	2.0	0.0	117.0
3511.8270079996437	0.3429999949999001	gratings	8.0	0.342999995	360.0	0.0	0.0	1.0	0.0399999991	2.0	3.14159274	117.0
3512.527999999933	0.3429999949999001	gratings	10.0	0.342999995	360.0	0.0	0.0	1.0	0.0399999991	2.0	3.92699075	117.0
3513.228000000119	0.3429999949999001	gratings	6.0	0.342999995	360.0	0.0	0.0	1.0	0.0399999991	2.0	2.3561945	117.0
3513.927999999374	0.3429999949999001	gratings	15.0	0.342999995	360.0	0.0	0.0	0.0	0.0399999991	2.0	0.0	117.0
3514.6279999995604	0.3429999949999001	gratings	5.0	0.342999995	360.0	0.0	0.0	1.0	0.0399999991	2.0	1.96349537	117.0
3515.3279999997467	0.3429999949999001	gratings	15.0	0.342999995	360.0	0.0	0.0	0.0	0.0399999991	2.0	0.0	117.0
3516.027999999933	0.3429999949999001	gratings	4.0	0.342999995	360.0	0.0	0.0	1.0	0.0399999991	2.0	1.57079637	117.0
3516.728000000119	0.3429999949999001	gratings	8.0	0.342999995	360.0	0.0	0.0	1.0	0.0399999991	2.0	3.14159274	117.0
3517.427999999374	0.3429999949999001	gratings	13.0	0.342999995	360.0	0.0	0.0	1.0	0.0399999991	2.0	5.10508823	117.0
3518.1279999995604	0.3429999949999001	gratings	5.0	0.342999995	360.0	0.0	0.0	1.0	0.0399999991	2.0	1.96349537	117.0
3518.8279999997467	0.3429999949999001	gratings	10.0	0.342999995	360.0	0.0	0.0	1.0	0.0399999991	2.0	3.92699075	117.0
3519.527999999933	0.3429999949999001	gratings	6.0	0.342999995	360.0	0.0	0.0	1.0	0.0399999991	2.0	2.3561945	117.0
3520.228000000119	0.3429999949999001	gratings	5.0	0.342999995	360.0	0.0	0.0	1.0	0.0399999991	2.0	1.96349537	117.0
3520.927999999374	0.3429999949999001	gratings	14.0	0.342999995	360.0	0.0	0.0	1.0	0.0399999991	2.0	5.497787	117.0
3521.6279999995604	0.3429999949999001	gratings	14.0	0.342999995	360.0	0.0	0.0	1.0	0.0399999991	2.0	5.497787	117.0
3522.3279999997467	0.3429999949999001	gratings	8.0	0.342999995	360.0	0.0	0.0	1.0	0.0399999991	2.0	3.14159274	117.0
3523.027999999933	0.3429999949999001	gratings	13.0	0.342999995	360.0	0.0	0.0	1.0	0.0399999991	2.0	5.10508823	117.0
3523.728000000119	0.3429999949999001	gratings	8.0	0.342999995	360.0	0.0	0.0	1.0	0.0399999991	2.0	3.14159274	117.0
3524.427999999374	0.3429999949999001	gratings	5.0	0.342999995	360.0	0.0	0.0	1.0	0.0399999991	2.0	1.96349537	117.0
3525.1279999995604	0.3429999949999001	gratings	12.0	0.342999995	360.0	0.0	0.0	1.0	0.0399999991	2.0	4.71238899	117.0
3525.8279999997467	0.3429999949999001	gratings	13.0	0.342999995	360.0	0.0	0.0	1.0	0.0399999991	2.0	5.10508823	117.0
3526.527999999933	0.3429999949999001	gratings	7.0	0.342999995	360.0	0.0	0.0	1.0	0.0399999991	2.0	2.7488935	117.0
3527.228000000119	0.3429999949999001	gratings	11.0	0.342999995	360.0	0.0	0.0	1.0	0.0399999991	2.0	4.49422264	117.0
3527.927999999374	0.3429999949999001	gratings	15.0	0.342999995	360.0	0.0	0.0	0.0	0.0399999991	2.0	0.0	117.0
3528.6279999995604	0.3429999949999001	gratings	9.0	0.342999995	360.0	0.0	0.0	1.0	0.0399999991	2.0	3.53429174	117.0
3529.3279999997467	0.3429999949999001	gratings	10.0	0.342999995	360.0	0.0	0.0	1.0	0.0399999991	2.0	3.92699075	117.0
3530.027999999933	0.3429999949999001	gratings	13.0	0.342999995	360.0	0.0	0.0	1.0	0.0399999991	2.0	5.10508823	117.0
3530.728000000119	0.3429999949999001	gratings	1.0	0.342999995	360.0	0.0	0.0	1.0	0.0399999991	2.0	0.392699093	117.0
3531.427999999374	0.3429999949999001	gratings	0.0	0.342999995	360.0	0.0	0.0	1.0	0.0399999991	2.0	0.0	117.0
3532.1279999995604	0.3429999949999001	gratings	4.0	0.342999995	360.0	0.0	0.0	1.0	0.0399999991	2.0	1.57079637	117.0
3532.8279999997467	0.3429999949999001	gratings	10.0	0.342999995	360.0	0.0	0.0	1.0	0.0399999991	2.0	3.92699075	117.0
3533.527999999933	0.3429999949999001	gratings	2.0	0.342999995	360.0	0.0	0.0	1.0	0.0399999991	2.0	0.785398185	117.0
3534.228000000119	0.3429999949999001	gratings	7.0	0.342999995	360.0	0.0	0.0	1.0	0.0399999991	2.0	2.7488935	117.0
3534.927999999374	0.3429999949999001	gratings	2.0	0.342999995	360.0	0.0	0.0	1.0	0.0399999991	2.0	0.785398185	117.0
3535.6279999995604	0.3429999949999001	gratings	2.0	0.342999995	360.0	0.0	0.0	1.0	0.0399999991	2.0	0.785398185	117.0
3536.3279999997467	0.3429999949999001	gratings	9.0	0.342999995	360.0	0.0	0.0	1.0	0.0399999991	2.0	3.53429174	117.0
3537.027999999933	0.3429999949999001	gratings	9.0	0.342999995	360.0	0.0	0.0	1.0	0.0399999991	2.0	3.53429174	117.0
3537.728000000119	0.3429999949999001	gratings	12.0	0.342999995	360.0	0.0	0.0	1.0	0.0399999991	2.0	4.71238899	117.0
3538.427999999374	0.3429999949999001	gratings	8.0	0.342999995	360.0	0.0	0.0	1.0	0.0399999991	2.0	3.14159274	117.0
3539.1279999995604	0.3429999949999001	gratings	0.0	0.342999995	360.0	0.0	0.0	1.0	0.0399999991	2.0	0.0	117.0
3539.8279999997467	0.3429999949999001	gratings	3.0	0.342999995	360.0	0.0	0.0	1.0	0.0399999991	2.0	1.17809725	117.0
3540.527999999933	0.3429999949999001	gratings	2.0	0.342999995	360.0	0.0	0.0	1.0	0.0399999991	2.0	0.785398185	-1.0
3541.228000000119	0.3429999949999001	gratings	4.0	0.342999995	360.0	0.0	0.0	1.0	0.0399999991	2.0	1.57079637	118.0
3541.927999999374	0.3429999949999001	gratings	0.0	0.342999995	360.0	0.0	0.0	1.0	0.0399999991	2.0	0.0	118.0
3542.6279999995604	0.3429999949999001	gratings	1.0	0.342999995	360.0	0.0	0.0	1.0	0.0399999991	2.0	0.392699093	118.0
3543.3279999997467	0.3429999949999001	gratings	4.0	0.342999995	360.0	0.0	0.0	1.0	0.0399999991	2.0	1.57079637	118.0
3544.027999999933	0.3429999949999001	gratings	11.0	0.342999995	360.0	0.0	0.0	1.0	0.0399999991	2.0	4.49422264	118.0
3544.728000000119	0.3429999949999001	gratings	10.0	0.342999995	360.0	0.0	0.0	1.0	0.0399999991	2.0	3.92699075	118.0
3545.427999999374	0.3429999949999001	gratings	15.0	0.342999995	360.0	0.0	0.0	0.0	0.0399999991	2.0	0.0	118.0
3546.1279999995604	0.3429999949999001	gratings	9.0	0.342999995	360.0	0.0	0.0	1.0	0.0399999991	2.0	3.53429174	118.0
3546.8279999997467	0.3429999949999001	gratings	0.0	0.342999995	360.0	0.0	0.0	1.0	0.0399999991	2.0	0.0	118.0
3547.527999999933	0.3429999949999001	gratings	2.0	0.342999995	360.0	0.0	0.0	1.0	0.0399999991	2.0	0.785398185	118.0
3548.228000000119	0.3429999949999001	gratings	14.0	0.342999995	360.0	0.0	0.0	1.0	0.0399999991	2.0	5.497787	118.0
3548.927999999374	0.3429999949999001	gratings	9.0	0.342999995	360.0	0.0	0.0	1.0	0.0399999991	2.0	3.53429174	118.0
3549.6279999995604	0.3429999949999001	gratings	15.0	0.342999995	360.0	0.0	0.0	0.0	0.0399999991	2.0	0.0	118.0
3550.3279999997467	0.3429999949999001	gratings	11.0	0.342999995	360.0	0.0	0.0	1.0	0.0399999991	2.0	4.49422264	118.0
3551.027999999933	0.3429999949999001	gratings	2.0	0.342999995	360.0	0.0	0.0	1.0	0.0399999991	2.0	0.785398185	118.0
3551.728000000119	0.3429999949999001	gratings	10.0	0.342999995	360.0	0.0	0.0	1.0	0.0399999991	2.0	3.92699075	118.0
3552.427999999374	0.3429999949999001	gratings	5.0	0.342999995	360.0	0.0	0.0	1.0	0.0399999991	2.0	1.96349537	118.0
3553.1279999995604	0.3429999949999001	gratings	15.0	0.342999995	360.0	0.0	0.0	0.0	0.0399999991	2.0	0.0	118.0
3553.8279999997467	0.3429999949999001	gratings	2.0	0.342999995	360.0	0.0	0.0	1.0	0.0399999991	2.0	0.785398185	118.0
3554.527999999933	0.3429999949999001	gratings	12.0	0.342999995	360.0	0.0	0.0	1.0	0.0399999991	2.0	4.71238899	118.0
3555.228000000119	0.3429999949999001	gratings	9.0	0.342999995	360.0	0.0	0.0	1.0	0.0399999991	2.0	3.53429174	118.0
3555.927999999374	0.3429999949999001	gratings	3.0	0.342999995	360.0	0.0	0.0	1.0	0.0399999991	2.0	1.17809725	118.0
3556.6279999995604	0.3429999949999001	gratings	0.0	0.342999995	360.0	0.0	0.0	1.0	0.0399999991	2.0	0.0	118.0
3557.3279999997467	0.3429999949999001	gratings	5.0	0.342999995	360.0	0.0	0.0	1.0	0.0399999991	2.0	1.96349537	118.0
3558.027999999933	0.3429999949999001	gratings	10.0	0.342999995	360.0	0.0	0.0	1.0	0.0399999991	2.0	3.92699075	118.0
3558.728000000119	0.3429999949999001	gratings	15.0	0.342999995	360.0	0.0	0.0	0.0	0.0399999991	2.0	0.0	118.0
3559.427999999374	0.3429999949999001	gratings	11.0	0.342999995	360.0	0.0	0.0	1.0	0.0399999991	2.0	4.49422264	118.0
3560.1279999995604	0.3429999949999001	gratings	8.0	0.342999995	360.0	0.0	0.0	1.0	0.0399999991	2.0	3.14159274	118.0
3560.8279999997467	0.3429999949999001	gratings	6.0	0.342999995	360.0	0.0	0.0	1.0	0.0399999991	2.0	2.3561945	118.0
3561.527999999933	0.3429999949999001	gratings	12.0	0.342999995	360.0	0.0	0.0	1.0	0.0399999991	2.0	4.71238899	118.0
3562.228000000119	0.3429999949999001	gratings	12.0	0.342999995	360.0	0.0	0.0	1.0	0.0399999991	2.0	4.71238899	118.0
3562.594015999697	0.25	gratings	99.0	0.0	20.0	-20.0	-30.0	0.800000012	0.0799999982	4.0	1.57079637	118.0
3562.860991999507	0.25	gratings	5.0	0.0	20.0	20.0	-30.0	0.800000012	0.0799999982	4.0	0.0	118.0
3563.1270079994574	0.25	gratings	146.0	0.0	20.0	30.0	30.0	0.800000012	0.0799999982	4.0	1.57079637	118.0
3563.395007999614	0.25	gratings	77.0	0.0	20.0	-30.0	10.0	0.800000012	0.0799999982	4.0	0.785398185	118.0
3563.6609919993207	0.25	gratings	14.0	0.0	20.0	-30.0	-10.0	0.800000012	0.0799999982	4.0	0.0	118.0
3563.927999999374	0.25	gratings	5.0	0.0	20.0	20.0	-30.0	0.800000012	0.0799999982	4.0	0.0	118.0
3564.1950079994276	0.25	gratings	91.0	0.0	20.0	-30.0	30.0	0.800000012	0.0799999982	4.0	0.785398185	118.0
3564.444991999306	0.25	gratings	21.0	0.0	20.0	-30.0	0.0	0.800000012	0.0799999982	4.0	0.0	118.0
3564.7119999993593	0.25	gratings	31.0	0.0	20.0	0.0	10.0	0.800000012	0.0799999982	4.0	0.0	118.0
3564.9780159993097	0.25	gratings	74.0	0.0	20.0	10.0	0.0	0.800000012	0.0799999982	4.0	0.785398185	118.0
3565.244992000051	0.25	gratings	58.0	0.0	20.0	-10.0	-20.0	0.800000012	0.0799999982	4.0	0.785398185	118.0
3565.5120000001043	0.25	gratings	87.0	0.0	20.0	0.0	20.0	0.800000012	0.0799999982	4.0	0.785398185	118.0
3565.778016000055	0.25	gratings	85.0	0.0	20.0	-20.0	20.0	0.800000012	0.0799999982	4.0	0.785398185	118.0
3566.0449919998646	0.25	gratings	13.0	0.0	20.0	30.0	-20.0	0.800000012	0.0799999982	4.0	0.0	118.0
3566.311999999918	0.25	gratings	41.0	0.0	20.0	30.0	20.0	0.800000012	0.0799999982	4.0	0.0	118.0
3566.5780159998685	0.25	gratings	117.0	0.0	20.0	20.0	-10.0	0.800000012	0.0799999982	4.0	1.57079637	118.0
3566.8449919996783	0.25	gratings	22.0	0.0	20.0	-20.0	0.0	0.800000012	0.0799999982	4.0	0.0	118.0
3567.111999999732	0.25	gratings	103.0	0.0	20.0	20.0	-30.0	0.800000012	0.0799999982	4.0	1.57079637	118.0
3567.3780159996822	0.25	gratings	11.0	0.0	20.0	10.0	-20.0	0.800000012	0.0799999982	4.0	0.0	118.0
3567.644991999492	0.25	gratings	110.0	0.0	20.0	20.0	-20.0	0.800000012	0.0799999982	4.0	1.57079637	118.0
3567.9119999995455	0.25	gratings	55.0	0.0	20.0	30.0	-30.0	0.800000012	0.0799999982	4.0	0.785398185	118.0
3568.178015999496	0.25	gratings	2.0	0.0	20.0	-10.0	-30.0	0.800000012	0.0799999982	4.0	0.0	118.0
3568.444991999306	0.25	gratings	58.0	0.0	20.0	-10.0	-20.0	0.800000012	0.0799999982	4.0	0.785398185	118.0
3568.7119999993593	0.25	gratings	67.0	0.0	20.0	10.0	-10.0	0.800000012	0.0799999982	4.0	0.785398185	118.0
3568.9780159993097	0.25	gratings	8.0	0.0	20.0	-20.0	-20.0	0.800000012	0.0799999982	4.0	0.0	118.0
3569.244992000051	0.25	gratings	112.0	0.0	20.0	-30.0	-10.0	0.800000012	0.0799999982	4.0	1.57079637	118.0
3569.5120000001043	0.25	gratings	57.0	0.0	20.0	-20.0	-20.0	0.800000012	0.0799999982	4.0	0.785398185	118.0
3569.7799999993294	0.25	gratings	114.0	0.0	20.0	-10.0	-10.0	0.800000012	0.0799999982	4.0	1.57079637	118.0
3570.04601599928	0.25	gratings	86.0	0.0	20.0	-10.0	20.0	0.800000012	0.0799999982	4.0	0.785398185	-1.0
3570.312992000021	0.25	gratings	111.0	0.0	20.0	30.0	-20.0	0.800000012	0.0799999982	4.0	1.57079637	-1.0
3570.5800000000745	0.25	gratings	40.0	0.0	20.0	20.0	20.0	0.800000012	0.0799999982	4.0	0.0	-1.0
3570.847008000128	0.25	gratings	54.0	0.0	20.0	20.0	-30.0	0.800000012	0.0799999982	4.0	0.785398185	119.0
3571.11401599925	0.25	gratings	20.0	0.0	20.0	30.0	-10.0	0.800000012	0.0799999982	4.0	0.0	119.0
3571.3809919999912	0.25	gratings	22.0	0.0	20.0	-20.0	0.0	0.800000012	0.0799999982	4.0	0.0	119.0
3571.6470079999417	0.25	gratings	33.0	0.0	20.0	20.0	10.0	0.800000012	0.0799999982	4.0	0.0	119.0
3571.914015999995	0.25	gratings	17.0	0.0	20.0	0.0	-10.0	0.800000012	0.0799999982	4.0	0.0	119.0
3572.180991999805	0.25	gratings	62.0	0.0	20.0	30.0	-20.0	0.800000012	0.0799999982	4.0	0.785398185	119.0
3572.4479999998584	0.25	gratings	88.0	0.0	20.0	10.0	20.0	0.800000012	0.0799999982	4.0	0.785398185	119.0
3572.715007999912	0.25	gratings	11.0	0.0	20.0	10.0	-20.0	0.800000012	0.0799999982	4.0	0.0	119.0
3572.9830080000684	0.25	gratings	27.0	0.0	20.0	30.0	0.0	0.800000012	0.0799999982	4.0	0.0	119.0
3573.248991999775	0.25	gratings	25.0	0.0	20.0	10.0	0.0	0.800000012	0.0799999982	4.0	0.0	119.0
3573.5159999998286	0.25	gratings	76.0	0.0	20.0	30.0	0.0	0.800000012	0.0799999982	4.0	0.785398185	119.0
3573.782015999779	0.25	gratings	29.0	0.0	20.0	-20.0	10.0	0.800000012	0.0799999982	4.0	0.0	119.0
3574.048991999589	0.25	gratings	36.0	0.0	20.0	-20.0	20.0	0.800000012	0.0799999982	4.0	0.0	119.0
3574.3159999996424	0.25	gratings	58.0	0.0	20.0	-10.0	-20.0	0.800000012	0.0799999982	4.0	0.785398185	119.0
3574.583007999696	0.25	gratings	30.0	0.0	20.0	-10.0	10.0	0.800000012	0.0799999982	4.0	0.0	119.0
3574.8489919994026	0.25	gratings	18.0	0.0	20.0	10.0	-10.0	0.800000012	0.0799999982	4.0	0.0	119.0
3575.115999999456	0.25	gratings	24.0	0.0	20.0	0.0	0.0	0.800000012	0.0799999982	4.0	0.0	119.0
3575.3830079995096	0.25	gratings	30.0	0.0	20.0	-10.0	10.0	0.800000012	0.0799999982	4.0	0.0	119.0
3575.6489919992164	0.25	gratings	120.0	0.0	20.0	-20.0	0.0	0.800000012	0.0799999982	4.0	1.57079637	119.0
3575.91599999927	0.25	gratings	117.0	0.0	20.0	20.0	-10.0	0.800000012	0.0799999982	4.0	1.57079637	119.0
3576.1830079993233	0.25	gratings	60.0	0.0	20.0	10.0	-20.0	0.800000012	0.0799999982	4.0	0.785398185	119.0
3576.450015999377	0.25	gratings	110.0	0.0	20.0	20.0	-20.0	0.800000012	0.0799999982	4.0	1.57079637	119.0
3576.716992000118	0.25	gratings	128.0	0.0	20.0	-10.0	10.0	0.800000012	0.0799999982	4.0	1.57079637	119.0
3576.98399999924	0.25	gratings	115.0	0.0	20.0	0.0	-10.0	0.800000012	0.0799999982	4.0	1.57079637	119.0
3577.250016000122	0.25	gratings	137.0	0.0	20.0	10.0	20.0	0.800000012	0.0799999982	4.0	1.57079637	119.0
3577.518015999347	0.25	gratings	61.0	0.0	20.0	20.0	-20.0	0.800000012	0.0799999982	4.0	0.785398185	119.0
3577.784992000088	0.25	gratings	0.0	0.0	20.0	-30.0	-30.0	0.800000012	0.0799999982	4.0	0.0	119.0
3578.0510080000386	0.25	gratings	61.0	0.0	20.0	20.0	-20.0	0.800000012	0.0799999982	4.0	0.785398185	119.0
3578.318016000092	0.25	gratings	98.0	0.0	20.0	-30.0	-30.0	0.800000012	0.0799999982	4.0	1.57079637	119.0
3578.584991999902	0.25	gratings	26.0	0.0	20.0	20.0	0.0	0.800000012	0.0799999982	4.0	0.0	119.0
3578.8519999999553	0.25	gratings	32.0	0.0	20.0	10.0	10.0	0.800000012	0.0799999982	4.0	0.0	119.0
3579.1180159999058	0.25	gratings	77.0	0.0	20.0	-30.0	10.0	0.800000012	0.0799999982	4.0	0.785398185	119.0
3579.3849919997156	0.25	gratings	96.0	0.0	20.0	20.0	30.0	0.800000012	0.0799999982	4.0	0.785398185	119.0
3579.651999999769	0.25	gratings	87.0	0.0	20.0	0.0	20.0	0.800000012	0.0799999982	4.0	0.785398185	119.0
3579.9190079998225	0.25	gratings	121.0	0.0	20.0	-10.0	0.0	0.800000012	0.0799999982	4.0	1.57079637	119.0
3580.1849919995293	0.25	gratings	45.0	0.0	20.0	0.0	30.0	0.800000012	0.0799999982	4.0	0.0	119.0
3580.4519999995828	0.25	gratings	97.0	0.0	20.0	30.0	30.0	0.800000012	0.0799999982	4.0	0.785398185	119.0
3580.7190079996362	0.25	gratings	96.0	0.0	20.0	20.0	30.0	0.800000012	0.0799999982	4.0	0.785398185	119.0
3580.9860159996897	0.25	gratings	59.0	0.0	20.0	0.0	-20.0	0.800000012	0.0799999982	4.0	0.785398185	119.0
3581.2529919994995	0.25	gratings	141.0	0.0	20.0	-20.0	30.0	0.800000012	0.0799999982	4.0	1.57079637	119.0
3581.51900799945	0.25	gratings	96.0	0.0	20.0	20.0	30.0	0.800000012	0.0799999982	4.0	0.785398185	119.0
3581.7860159995034	0.25	gratings	127.0	0.0	20.0	-20.0	10.0	0.800000012	0.0799999982	4.0	1.57079637	119.0
3582.0529919993132	0.25	gratings	60.0	0.0	20.0	10.0	-20.0	0.800000012	0.0799999982	4.0	0.785398185	119.0
3582.3199999993667	0.25	gratings	88.0	0.0	20.0	10.0	20.0	0.800000012	0.0799999982	4.0	0.785398185	119.0
3582.58700799942	0.25	gratings	29.0	0.0	20.0	-20.0	10.0	0.800000012	0.0799999982	4.0	0.0	119.0
3582.8540159994736	0.25	gratings	39.0	0.0	20.0	10.0	20.0	0.800000012	0.0799999982	4.0	0.0	119.0
3583.1209919992834	0.25	gratings	67.0	0.0	20.0	10.0	-10.0	0.800000012	0.0799999982	4.0	0.785398185	119.0
3583.387007999234	0.25	gratings	6.0	0.0	20.0	30.0	-30.0	0.800000012	0.0799999982	4.0	0.0	119.0
3583.6540159992874	0.25	gratings	102.0	0.0	20.0	10.0	-30.0	0.800000012	0.0799999982	4.0	1.57079637	119.0
3583.9209920000285	0.25	gratings	60.0	0.0	20.0	10.0	-20.0	0.800000012	0.0799999982	4.0	0.785398185	119.0
3584.188000000082	0.25	gratings	52.0	0.0	20.0	0.0	-30.0	0.800000012	0.0799999982	4.0	0.785398185	119.0
3584.455007999204	0.25	gratings	61.0	0.0	20.0	20.0	-20.0	0.800000012	0.0799999982	4.0	0.785398185	119.0
3584.7220159992576	0.25	gratings	112.0	0.0	20.0	-30.0	-10.0	0.800000012	0.0799999982	4.0	1.57079637	119.0
3584.9879999998957	0.25	gratings	100.0	0.0	20.0	-10.0	-30.0	0.800000012	0.0799999982	4.0	1.57079637	119.0
3585.256000000052	0.25	gratings	1.0	0.0	20.0	-20.0	-30.0	0.800000012	0.0799999982	4.0	0.0	119.0
3585.5220160000026	0.25	gratings	129.0	0.0	20.0	0.0	10.0	0.800000012	0.0799999982	4.0	1.57079637	119.0
3585.7900159992278	0.25	gratings	2.0	0.0	20.0	-10.0	-30.0	0.800000012	0.0799999982	4.0	0.0	119.0
3586.055999999866	0.25	gratings	48.0	0.0	20.0	30.0	30.0	0.800000012	0.0799999982	4.0	0.0	119.0
3586.3230079999194	0.25	gratings	84.0	0.0	20.0	-30.0	20.0	0.800000012	0.0799999982	4.0	0.785398185	119.0
3586.590015999973	0.25	gratings	27.0	0.0	20.0	30.0	0.0	0.800000012	0.0799999982	4.0	0.0	119.0
3586.8569919997826	0.25	gratings	33.0	0.0	20.0	20.0	10.0	0.800000012	0.0799999982	4.0	0.0	119.0
3587.123999999836	0.25	gratings	143.0	0.0	20.0	0.0	30.0	0.800000012	0.0799999982	4.0	1.57079637	119.0
3587.3900159997866	0.25	gratings	90.0	0.0	20.0	30.0	20.0	0.800000012	0.0799999982	4.0	0.785398185	119.0
3587.6569919995964	0.25	gratings	119.0	0.0	20.0	-30.0	0.0	0.800000012	0.0799999982	4.0	1.57079637	119.0
3587.92399999965	0.25	gratings	142.0	0.0	20.0	-10.0	30.0	0.800000012	0.0799999982	4.0	1.57079637	119.0
3588.1910079997033	0.25	gratings	7.0	0.0	20.0	-30.0	-20.0	0.800000012	0.0799999982	4.0	0.0	119.0
3588.45699199941	0.25	gratings	22.0	0.0	20.0	-20.0	0.0	0.800000012	0.0799999982	4.0	0.0	119.0
3588.7239999994636	0.25	gratings	48.0	0.0	20.0	30.0	30.0	0.800000012	0.0799999982	4.0	0.0	119.0
3588.991007999517	0.25	gratings	67.0	0.0	20.0	10.0	-10.0	0.800000012	0.0799999982	4.0	0.785398185	119.0
3589.256991999224	0.25	gratings	128.0	0.0	20.0	-10.0	10.0	0.800000012	0.0799999982	4.0	1.57079637	119.0
3589.5239999992773	0.25	gratings	113.0	0.0	20.0	-20.0	-10.0	0.800000012	0.0799999982	4.0	1.57079637	119.0
3589.7910079993308	0.25	gratings	74.0	0.0	20.0	10.0	0.0	0.800000012	0.0799999982	4.0	0.785398185	119.0
3590.056991999969	0.25	gratings	48.0	0.0	20.0	30.0	30.0	0.800000012	0.0799999982	4.0	0.0	119.0
3590.3249920001253	0.25	gratings	17.0	0.0	20.0	0.0	-10.0	0.800000012	0.0799999982	4.0	0.0	119.0
3590.5919999992475	0.25	gratings	113.0	0.0	20.0	-20.0	-10.0	0.800000012	0.0799999982	4.0	1.57079637	119.0
3590.8580160001293	0.25	gratings	87.0	0.0	20.0	0.0	20.0	0.800000012	0.0799999982	4.0	0.785398185	119.0
3591.124991999939	0.25	gratings	38.0	0.0	20.0	0.0	20.0	0.800000012	0.0799999982	4.0	0.0	119.0
3591.3919999999925	0.25	gratings	8.0	0.0	20.0	-20.0	-20.0	0.800000012	0.0799999982	4.0	0.0	119.0
3591.658015999943	0.25	gratings	42.0	0.0	20.0	-30.0	30.0	0.800000012	0.0799999982	4.0	0.0	119.0
3591.924991999753	0.25	gratings	50.0	0.0	20.0	-20.0	-30.0	0.800000012	0.0799999982	4.0	0.785398185	119.0
3592.1919999998063	0.25	gratings	23.0	0.0	20.0	-10.0	0.0	0.800000012	0.0799999982	4.0	0.0	119.0
3592.4580159997568	0.25	gratings	130.0	0.0	20.0	10.0	10.0	0.800000012	0.0799999982	4.0	1.57079637	119.0
3592.7249919995666	0.25	gratings	18.0	0.0	20.0	10.0	-10.0	0.800000012	0.0799999982	4.0	0.0	119.0
3592.99199999962	0.25	gratings	69.0	0.0	20.0	30.0	-10.0	0.800000012	0.0799999982	4.0	0.785398185	119.0
3593.2590079996735	0.25	gratings	49.0	0.0	20.0	-30.0	-30.0	0.800000012	0.0799999982	4.0	0.785398185	119.0
3593.526015999727	0.25	gratings	82.0	0.0	20.0	20.0	10.0	0.800000012	0.0799999982	4.0	0.785398185	119.0
3593.7919999994338	0.25	gratings	67.0	0.0	20.0	10.0	-10.0	0.800000012	0.0799999982	4.0	0.785398185	119.0
3594.059007999487	0.25	gratings	3.0	0.0	20.0	0.0	-30.0	0.800000012	0.0799999982	4.0	0.0	119.0
3594.3260159995407	0.25	gratings	22.0	0.0	20.0	-20.0	0.0	0.800000012	0.0799999982	4.0	0.0	119.0
3594.5919999992475	0.25	gratings	132.0	0.0	20.0	30.0	10.0	0.800000012	0.0799999982	4.0	1.57079637	119.0
3594.859999999404	0.25	gratings	71.0	0.0	20.0	-20.0	0.0	0.800000012	0.0799999982	4.0	0.785398185	119.0
3595.1260159993544	0.25	gratings	100.0	0.0	20.0	-10.0	-30.0	0.800000012	0.0799999982	4.0	1.57079637	119.0
3595.3929920000955	0.25	gratings	17.0	0.0	20.0	0.0	-10.0	0.800000012	0.0799999982	4.0	0.0	119.0
3595.6599999992177	0.25	gratings	72.0	0.0	20.0	-10.0	0.0	0.800000012	0.0799999982	4.0	0.785398185	119.0
3595.927007999271	0.25	gratings	70.0	0.0	20.0	-30.0	0.0	0.800000012	0.0799999982	4.0	0.785398185	119.0
3596.1940159993246	0.25	gratings	54.0	0.0	20.0	20.0	-30.0	0.800000012	0.0799999982	4.0	0.785398185	119.0
3596.4609920000657	0.25	gratings	73.0	0.0	20.0	0.0	0.0	0.800000012	0.0799999982	4.0	0.785398185	119.0
3596.728000000119	0.25	gratings	66.0	0.0	20.0	0.0	-10.0	0.800000012	0.0799999982	4.0	0.785398185	119.0
3596.9950079992414	0.25	gratings	110.0	0.0	20.0	20.0	-20.0	0.800000012	0.0799999982	4.0	1.57079637	119.0
3597.2609919998795	0.25	gratings	14.0	0.0	20.0	-30.0	-10.0	0.800000012	0.0799999982	4.0	0.0	119.0
3597.527999999933	0.25	gratings	61.0	0.0	20.0	20.0	-20.0	0.800000012	0.0799999982	4.0	0.785398185	119.0
3597.7950079999864	0.25	gratings	25.0	0.0	20.0	10.0	0.0	0.800000012	0.0799999982	4.0	0.0	119.0
3598.06201600004	0.25	gratings	64.0	0.0	20.0	-20.0	-10.0	0.800000012	0.0799999982	4.0	0.785398185	119.0
3598.3279999997467	0.25	gratings	109.0	0.0	20.0	10.0	-20.0	0.800000012	0.0799999982	4.0	1.57079637	119.0
3598.5950079998	0.25	gratings	73.0	0.0	20.0	0.0	0.0	0.800000012	0.0799999982	4.0	0.785398185	119.0
3598.846016000025	0.25	gratings	86.0	0.0	20.0	-10.0	20.0	0.800000012	0.0799999982	4.0	0.785398185	119.0
3599.112991999835	0.25	gratings	9.0	0.0	20.0	-10.0	-20.0	0.800000012	0.0799999982	4.0	0.0	119.0
3599.3799999998882	0.25	gratings	48.0	0.0	20.0	30.0	30.0	0.800000012	0.0799999982	4.0	0.0	119.0
3599.6460159998387	0.25	gratings	16.0	0.0	20.0	-10.0	-10.0	0.800000012	0.0799999982	4.0	0.0	119.0
3599.9129919996485	0.25	gratings	23.0	0.0	20.0	-10.0	0.0	0.800000012	0.0799999982	4.0	0.0	119.0
3600.179999999702	0.25	gratings	52.0	0.0	20.0	0.0	-30.0	0.800000012	0.0799999982	4.0	0.785398185	-1.0
3600.4470079997554	0.25	gratings	18.0	0.0	20.0	10.0	-10.0	0.800000012	0.0799999982	4.0	0.0	-1.0
3600.7129919994622	0.25	gratings	141.0	0.0	20.0	-20.0	30.0	0.800000012	0.0799999982	4.0	1.57079637	120.0
3600.9799999995157	0.25	gratings	51.0	0.0	20.0	-10.0	-30.0	0.800000012	0.0799999982	4.0	0.785398185	120.0
3601.247007999569	0.25	gratings	89.0	0.0	20.0	20.0	20.0	0.800000012	0.0799999982	4.0	0.785398185	120.0
3601.512991999276	0.25	gratings	9.0	0.0	20.0	-10.0	-20.0	0.800000012	0.0799999982	4.0	0.0	120.0
3601.7799999993294	0.25	gratings	100.0	0.0	20.0	-10.0	-30.0	0.800000012	0.0799999982	4.0	1.57079637	120.0
3602.047007999383	0.25	gratings	38.0	0.0	20.0	0.0	20.0	0.800000012	0.0799999982	4.0	0.0	120.0
3602.312992000021	0.25	gratings	36.0	0.0	20.0	-20.0	20.0	0.800000012	0.0799999982	4.0	0.0	120.0
3602.5800000000745	0.25	gratings	65.0	0.0	20.0	-10.0	-10.0	0.800000012	0.0799999982	4.0	0.785398185	120.0
3602.847008000128	0.25	gratings	47.0	0.0	20.0	20.0	30.0	0.800000012	0.0799999982	4.0	0.0	120.0
3603.112991999835	0.25	gratings	105.0	0.0	20.0	-30.0	-20.0	0.800000012	0.0799999982	4.0	1.57079637	120.0
3603.3799999998882	0.25	gratings	67.0	0.0	20.0	10.0	-10.0	0.800000012	0.0799999982	4.0	0.785398185	120.0
3603.6470079999417	0.25	gratings	104.0	0.0	20.0	30.0	-30.0	0.800000012	0.0799999982	4.0	1.57079637	120.0
3603.9129919996485	0.25	gratings	115.0	0.0	20.0	0.0	-10.0	0.800000012	0.0799999982	4.0	1.57079637	120.0
3604.180991999805	0.25	gratings	103.0	0.0	20.0	20.0	-30.0	0.800000012	0.0799999982	4.0	1.57079637	120.0
3604.4470079997554	0.25	gratings	112.0	0.0	20.0	-30.0	-10.0	0.800000012	0.0799999982	4.0	1.57079637	120.0
3604.715007999912	0.25	gratings	138.0	0.0	20.0	20.0	20.0	0.800000012	0.0799999982	4.0	1.57079637	120.0
3604.9809919996187	0.25	gratings	49.0	0.0	20.0	-30.0	-30.0	0.800000012	0.0799999982	4.0	0.785398185	120.0
3605.247999999672	0.25	gratings	40.0	0.0	20.0	20.0	20.0	0.800000012	0.0799999982	4.0	0.0	120.0
3605.5150079997256	0.25	gratings	71.0	0.0	20.0	-20.0	0.0	0.800000012	0.0799999982	4.0	0.785398185	120.0
3605.7809919994324	0.25	gratings	43.0	0.0	20.0	-20.0	30.0	0.800000012	0.0799999982	4.0	0.0	120.0
3606.047999999486	0.25	gratings	6.0	0.0	20.0	30.0	-30.0	0.800000012	0.0799999982	4.0	0.0	120.0
3606.3150079995394	0.25	gratings	97.0	0.0	20.0	30.0	30.0	0.800000012	0.0799999982	4.0	0.785398185	120.0
3606.582015999593	0.25	gratings	78.0	0.0	20.0	-20.0	10.0	0.800000012	0.0799999982	4.0	0.785398185	120.0
3606.8489919994026	0.25	gratings	79.0	0.0	20.0	-10.0	10.0	0.800000012	0.0799999982	4.0	0.785398185	120.0
3607.115999999456	0.25	gratings	2.0	0.0	20.0	-10.0	-30.0	0.800000012	0.0799999982	4.0	0.0	120.0
3607.3820159994066	0.25	gratings	121.0	0.0	20.0	-10.0	0.0	0.800000012	0.0799999982	4.0	1.57079637	120.0
3607.6489919992164	0.25	gratings	118.0	0.0	20.0	30.0	-10.0	0.800000012	0.0799999982	4.0	1.57079637	120.0
3607.91599999927	0.25	gratings	98.0	0.0	20.0	-30.0	-30.0	0.800000012	0.0799999982	4.0	1.57079637	120.0
3608.1830079993233	0.25	gratings	142.0	0.0	20.0	-10.0	30.0	0.800000012	0.0799999982	4.0	1.57079637	120.0
3608.450015999377	0.25	gratings	43.0	0.0	20.0	-20.0	30.0	0.800000012	0.0799999982	4.0	0.0	120.0
3608.716992000118	0.25	gratings	59.0	0.0	20.0	0.0	-20.0	0.800000012	0.0799999982	4.0	0.785398185	120.0
3608.9830080000684	0.25	gratings	52.0	0.0	20.0	0.0	-30.0	0.800000012	0.0799999982	4.0	0.785398185	120.0
3609.250016000122	0.25	gratings	56.0	0.0	20.0	-30.0	-20.0	0.800000012	0.0799999982	4.0	0.785398185	120.0
3609.5169919999316	0.25	gratings	10.0	0.0	20.0	0.0	-20.0	0.800000012	0.0799999982	4.0	0.0	120.0
3609.783007999882	0.25	gratings	42.0	0.0	20.0	-30.0	30.0	0.800000012	0.0799999982	4.0	0.0	120.0
3610.0500159999356	0.25	gratings	114.0	0.0	20.0	-10.0	-10.0	0.800000012	0.0799999982	4.0	1.57079637	120.0
3610.3169919997454	0.25	gratings	53.0	0.0	20.0	10.0	-30.0	0.800000012	0.0799999982	4.0	0.785398185	120.0
3610.583007999696	0.25	gratings	135.0	0.0	20.0	-10.0	20.0	0.800000012	0.0799999982	4.0	1.57079637	120.0
3610.8500159997493	0.25	gratings	33.0	0.0	20.0	20.0	10.0	0.800000012	0.0799999982	4.0	0.0	120.0
3611.116991999559	0.25	gratings	2.0	0.0	20.0	-10.0	-30.0	0.800000012	0.0799999982	4.0	0.0	120.0
3611.3839999996126	0.25	gratings	59.0	0.0	20.0	0.0	-20.0	0.800000012	0.0799999982	4.0	0.785398185	120.0
3611.651007999666	0.25	gratings	4.0	0.0	20.0	10.0	-30.0	0.800000012	0.0799999982	4.0	0.0	120.0
3611.9180159997195	0.25	gratings	83.0	0.0	20.0	30.0	10.0	0.800000012	0.0799999982	4.0	0.785398185	120.0
3612.1849919995293	0.25	gratings	4.0	0.0	20.0	10.0	-30.0	0.800000012	0.0799999982	4.0	0.0	120.0
3612.4510079994798	0.25	gratings	60.0	0.0	20.0	10.0	-20.0	0.800000012	0.0799999982	4.0	0.785398185	120.0
3612.7180159995332	0.25	gratings	32.0	0.0	20.0	10.0	10.0	0.800000012	0.0799999982	4.0	0.0	120.0
3612.984991999343	0.25	gratings	103.0	0.0	20.0	20.0	-30.0	0.800000012	0.0799999982	4.0	1.57079637	120.0
3613.2519999993965	0.25	gratings	109.0	0.0	20.0	10.0	-20.0	0.800000012	0.0799999982	4.0	1.57079637	120.0
3613.51900799945	0.25	gratings	16.0	0.0	20.0	-10.0	-10.0	0.800000012	0.0799999982	4.0	0.0	120.0
3613.784992000088	0.25	gratings	66.0	0.0	20.0	0.0	-10.0	0.800000012	0.0799999982	4.0	0.785398185	120.0
3614.0519999992102	0.25	gratings	78.0	0.0	20.0	-20.0	10.0	0.800000012	0.0799999982	4.0	0.785398185	120.0
3614.3199999993667	0.25	gratings	79.0	0.0	20.0	-10.0	10.0	0.800000012	0.0799999982	4.0	0.785398185	120.0
3614.586015999317	0.25	gratings	133.0	0.0	20.0	-30.0	20.0	0.800000012	0.0799999982	4.0	1.57079637	120.0
3614.8540159994736	0.25	gratings	96.0	0.0	20.0	20.0	30.0	0.800000012	0.0799999982	4.0	0.785398185	120.0
3615.1200000001118	0.25	gratings	111.0	0.0	20.0	30.0	-20.0	0.800000012	0.0799999982	4.0	1.57079637	120.0
3615.387007999234	0.25	gratings	138.0	0.0	20.0	20.0	20.0	0.800000012	0.0799999982	4.0	1.57079637	120.0
3615.6540159992874	0.25	gratings	72.0	0.0	20.0	-10.0	0.0	0.800000012	0.0799999982	4.0	0.785398185	120.0
3615.9209920000285	0.25	gratings	0.0	0.0	20.0	-30.0	-30.0	0.800000012	0.0799999982	4.0	0.0	120.0
3616.188000000082	0.25	gratings	26.0	0.0	20.0	20.0	0.0	0.800000012	0.0799999982	4.0	0.0	120.0
3616.4540160000324	0.25	gratings	84.0	0.0	20.0	-30.0	20.0	0.800000012	0.0799999982	4.0	0.785398185	120.0
3616.720991999842	0.25	gratings	134.0	0.0	20.0	-20.0	20.0	0.800000012	0.0799999982	4.0	1.57079637	120.0
3616.9879999998957	0.25	gratings	13.0	0.0	20.0	30.0	-20.0	0.800000012	0.0799999982	4.0	0.0	120.0
3617.255007999949	0.25	gratings	13.0	0.0	20.0	30.0	-20.0	0.800000012	0.0799999982	4.0	0.0	120.0
3617.5220160000026	0.25	gratings	102.0	0.0	20.0	10.0	-30.0	0.800000012	0.0799999982	4.0	1.57079637	120.0
3617.7889919998124	0.25	gratings	139.0	0.0	20.0	30.0	20.0	0.800000012	0.0799999982	4.0	1.57079637	120.0
3618.055007999763	0.25	gratings	116.0	0.0	20.0	10.0	-10.0	0.800000012	0.0799999982	4.0	1.57079637	120.0
3618.3220159998164	0.25	gratings	80.0	0.0	20.0	0.0	10.0	0.800000012	0.0799999982	4.0	0.785398185	120.0
3618.588991999626	0.25	gratings	28.0	0.0	20.0	-30.0	10.0	0.800000012	0.0799999982	4.0	0.0	120.0
3618.8550079995766	0.25	gratings	123.0	0.0	20.0	10.0	0.0	0.800000012	0.0799999982	4.0	1.57079637	120.0
3619.12201599963	0.25	gratings	81.0	0.0	20.0	10.0	10.0	0.800000012	0.0799999982	4.0	0.785398185	120.0
3619.38899199944	0.25	gratings	99.0	0.0	20.0	-20.0	-30.0	0.800000012	0.0799999982	4.0	1.57079637	120.0
3619.6559999994934	0.25	gratings	29.0	0.0	20.0	-20.0	10.0	0.800000012	0.0799999982	4.0	0.0	120.0
3619.923007999547	0.25	gratings	42.0	0.0	20.0	-30.0	30.0	0.800000012	0.0799999982	4.0	0.0	120.0
3620.1900159996003	0.25	gratings	4.0	0.0	20.0	10.0	-30.0	0.800000012	0.0799999982	4.0	0.0	120.0
3620.455999999307	0.25	gratings	34.0	0.0	20.0	30.0	10.0	0.800000012	0.0799999982	4.0	0.0	120.0
3620.7230079993606	0.25	gratings	2.0	0.0	20.0	-10.0	-30.0	0.800000012	0.0799999982	4.0	0.0	120.0
3620.990015999414	0.25	gratings	122.0	0.0	20.0	0.0	0.0	0.800000012	0.0799999982	4.0	1.57079637	120.0
3621.256000000052	0.25	gratings	88.0	0.0	20.0	10.0	20.0	0.800000012	0.0799999982	4.0	0.785398185	120.0
3621.5230080001056	0.25	gratings	82.0	0.0	20.0	20.0	10.0	0.800000012	0.0799999982	4.0	0.785398185	120.0
3621.7900159992278	0.25	gratings	33.0	0.0	20.0	20.0	10.0	0.800000012	0.0799999982	4.0	0.0	120.0
3622.056991999969	0.25	gratings	75.0	0.0	20.0	20.0	0.0	0.800000012	0.0799999982	4.0	0.785398185	120.0
3622.3230079999194	0.25	gratings	98.0	0.0	20.0	-30.0	-30.0	0.800000012	0.0799999982	4.0	1.57079637	120.0
3622.590015999973	0.25	gratings	74.0	0.0	20.0	10.0	0.0	0.800000012	0.0799999982	4.0	0.785398185	120.0
3622.8569919997826	0.25	gratings	24.0	0.0	20.0	0.0	0.0	0.800000012	0.0799999982	4.0	0.0	120.0
3623.123999999836	0.25	gratings	84.0	0.0	20.0	-30.0	20.0	0.800000012	0.0799999982	4.0	0.785398185	120.0
3623.3900159997866	0.25	gratings	69.0	0.0	20.0	30.0	-10.0	0.800000012	0.0799999982	4.0	0.785398185	120.0
3623.6569919995964	0.25	gratings	19.0	0.0	20.0	20.0	-10.0	0.800000012	0.0799999982	4.0	0.0	120.0
3623.92399999965	0.25	gratings	137.0	0.0	20.0	10.0	20.0	0.800000012	0.0799999982	4.0	1.57079637	120.0
3624.1910079997033	0.25	gratings	11.0	0.0	20.0	10.0	-20.0	0.800000012	0.0799999982	4.0	0.0	120.0
3624.4580159997568	0.25	gratings	129.0	0.0	20.0	0.0	10.0	0.800000012	0.0799999982	4.0	1.57079637	120.0
3624.7239999994636	0.25	gratings	35.0	0.0	20.0	-30.0	20.0	0.800000012	0.0799999982	4.0	0.0	120.0
3624.99199999962	0.25	gratings	107.0	0.0	20.0	-10.0	-20.0	0.800000012	0.0799999982	4.0	1.57079637	120.0
3625.2580159995705	0.25	gratings	71.0	0.0	20.0	-20.0	0.0	0.800000012	0.0799999982	4.0	0.785398185	120.0
3625.5249919993803	0.25	gratings	31.0	0.0	20.0	0.0	10.0	0.800000012	0.0799999982	4.0	0.0	120.0
3625.7919999994338	0.25	gratings	21.0	0.0	20.0	-30.0	0.0	0.800000012	0.0799999982	4.0	0.0	120.0
3626.059007999487	0.25	gratings	81.0	0.0	20.0	10.0	10.0	0.800000012	0.0799999982	4.0	0.785398185	120.0
3626.3249920001253	0.25	gratings	101.0	0.0	20.0	0.0	-30.0	0.800000012	0.0799999982	4.0	1.57079637	120.0
3626.5919999992475	0.25	gratings	140.0	0.0	20.0	-30.0	30.0	0.800000012	0.0799999982	4.0	1.57079637	120.0
3626.8580160001293	0.25	gratings	59.0	0.0	20.0	0.0	-20.0	0.800000012	0.0799999982	4.0	0.785398185	120.0
3627.124991999939	0.25	gratings	136.0	0.0	20.0	0.0	20.0	0.800000012	0.0799999982	4.0	1.57079637	120.0
3627.3919999999925	0.25	gratings	78.0	0.0	20.0	-20.0	10.0	0.800000012	0.0799999982	4.0	0.785398185	120.0
3627.659008000046	0.25	gratings	24.0	0.0	20.0	0.0	0.0	0.800000012	0.0799999982	4.0	0.0	120.0
3627.924991999753	0.25	gratings	102.0	0.0	20.0	10.0	-30.0	0.800000012	0.0799999982	4.0	1.57079637	120.0
3628.1919999998063	0.25	gratings	106.0	0.0	20.0	-20.0	-20.0	0.800000012	0.0799999982	4.0	1.57079637	120.0
3628.4590079998598	0.25	gratings	56.0	0.0	20.0	-30.0	-20.0	0.800000012	0.0799999982	4.0	0.785398185	120.0
3628.7249919995666	0.25	gratings	80.0	0.0	20.0	0.0	10.0	0.800000012	0.0799999982	4.0	0.785398185	120.0
3628.99199999962	0.25	gratings	32.0	0.0	20.0	10.0	10.0	0.800000012	0.0799999982	4.0	0.0	120.0
3629.2590079996735	0.25	gratings	106.0	0.0	20.0	-20.0	-20.0	0.800000012	0.0799999982	4.0	1.57079637	120.0
3629.526015999727	0.25	gratings	48.0	0.0	20.0	30.0	30.0	0.800000012	0.0799999982	4.0	0.0	120.0
3629.7919999994338	0.25	gratings	143.0	0.0	20.0	0.0	30.0	0.800000012	0.0799999982	4.0	1.57079637	120.0
3630.059007999487	0.25	gratings	58.0	0.0	20.0	-10.0	-20.0	0.800000012	0.0799999982	4.0	0.785398185	-1.0
3630.3260159995407	0.25	gratings	30.0	0.0	20.0	-10.0	10.0	0.800000012	0.0799999982	4.0	0.0	-1.0
3630.5929919993505	0.25	gratings	128.0	0.0	20.0	-10.0	10.0	0.800000012	0.0799999982	4.0	1.57079637	-1.0
3630.859007999301	0.25	gratings	80.0	0.0	20.0	0.0	10.0	0.800000012	0.0799999982	4.0	0.785398185	121.0
3631.1260159993544	0.25	gratings	139.0	0.0	20.0	30.0	20.0	0.800000012	0.0799999982	4.0	1.57079637	121.0
3631.3929920000955	0.25	gratings	31.0	0.0	20.0	0.0	10.0	0.800000012	0.0799999982	4.0	0.0	121.0
3631.659008000046	0.25	gratings	118.0	0.0	20.0	30.0	-10.0	0.800000012	0.0799999982	4.0	1.57079637	121.0
3631.9260160000995	0.25	gratings	11.0	0.0	20.0	10.0	-20.0	0.800000012	0.0799999982	4.0	0.0	121.0
3632.1929919999093	0.25	gratings	79.0	0.0	20.0	-10.0	10.0	0.800000012	0.0799999982	4.0	0.785398185	121.0
3632.4599999999627	0.25	gratings	119.0	0.0	20.0	-30.0	0.0	0.800000012	0.0799999982	4.0	1.57079637	121.0
3632.727008000016	0.25	gratings	143.0	0.0	20.0	0.0	30.0	0.800000012	0.0799999982	4.0	1.57079637	121.0
3632.992991999723	0.25	gratings	49.0	0.0	20.0	-30.0	-30.0	0.800000012	0.0799999982	4.0	0.785398185	121.0
3633.2599999997765	0.25	gratings	118.0	0.0	20.0	30.0	-10.0	0.800000012	0.0799999982	4.0	1.57079637	121.0
3633.52700799983	0.25	gratings	66.0	0.0	20.0	0.0	-10.0	0.800000012	0.0799999982	4.0	0.785398185	121.0
3633.7929919995368	0.25	gratings	54.0	0.0	20.0	20.0	-30.0	0.800000012	0.0799999982	4.0	0.785398185	121.0
3634.05999999959	0.25	gratings	135.0	0.0	20.0	-10.0	20.0	0.800000012	0.0799999982	4.0	1.57079637	121.0
3634.3270079996437	0.25	gratings	133.0	0.0	20.0	-30.0	20.0	0.800000012	0.0799999982	4.0	1.57079637	121.0
3634.594015999697	0.25	gratings	37.0	0.0	20.0	-10.0	20.0	0.800000012	0.0799999982	4.0	0.0	121.0
3634.860991999507	0.25	gratings	89.0	0.0	20.0	20.0	20.0	0.800000012	0.0799999982	4.0	0.785398185	121.0
3635.1270079994574	0.25	gratings	60.0	0.0	20.0	10.0	-20.0	0.800000012	0.0799999982	4.0	0.785398185	121.0
3635.394015999511	0.25	gratings	2.0	0.0	20.0	-10.0	-30.0	0.800000012	0.0799999982	4.0	0.0	121.0
3635.6609919993207	0.25	gratings	143.0	0.0	20.0	0.0	30.0	0.800000012	0.0799999982	4.0	1.57079637	121.0
3635.927007999271	0.25	gratings	53.0	0.0	20.0	10.0	-30.0	0.800000012	0.0799999982	4.0	0.785398185	121.0
3636.1950079994276	0.25	gratings	68.0	0.0	20.0	20.0	-10.0	0.800000012	0.0799999982	4.0	0.785398185	121.0
3636.462015999481	0.25	gratings	2.0	0.0	20.0	-10.0	-30.0	0.800000012	0.0799999982	4.0	0.0	121.0
3636.728000000119	0.25	gratings	23.0	0.0	20.0	-10.0	0.0	0.800000012	0.0799999982	4.0	0.0	121.0
3636.9950079992414	0.25	gratings	45.0	0.0	20.0	0.0	30.0	0.800000012	0.0799999982	4.0	0.0	121.0
3637.246015999466	0.25	gratings	117.0	0.0	20.0	20.0	-10.0	0.800000012	0.0799999982	4.0	1.57079637	121.0
3637.5120000001043	0.25	gratings	35.0	0.0	20.0	-30.0	20.0	0.800000012	0.0799999982	4.0	0.0	121.0
3637.7799999993294	0.25	gratings	9.0	0.0	20.0	-10.0	-20.0	0.800000012	0.0799999982	4.0	0.0	121.0
3638.04601599928	0.25	gratings	134.0	0.0	20.0	-20.0	20.0	0.800000012	0.0799999982	4.0	1.57079637	121.0
3638.312992000021	0.25	gratings	119.0	0.0	20.0	-30.0	0.0	0.800000012	0.0799999982	4.0	1.57079637	121.0
3638.5800000000745	0.25	gratings	92.0	0.0	20.0	-20.0	30.0	0.800000012	0.0799999982	4.0	0.785398185	121.0
3638.846016000025	0.25	gratings	105.0	0.0	20.0	-30.0	-20.0	0.800000012	0.0799999982	4.0	1.57079637	121.0
3639.112991999835	0.25	gratings	79.0	0.0	20.0	-10.0	10.0	0.800000012	0.0799999982	4.0	0.785398185	121.0
3639.3790079997852	0.25	gratings	138.0	0.0	20.0	20.0	20.0	0.800000012	0.0799999982	4.0	1.57079637	121.0
3639.6460159998387	0.25	gratings	13.0	0.0	20.0	30.0	-20.0	0.800000012	0.0799999982	4.0	0.0	121.0
3639.9129919996485	0.25	gratings	11.0	0.0	20.0	10.0	-20.0	0.800000012	0.0799999982	4.0	0.0	121.0
3640.179999999702	0.25	gratings	140.0	0.0	20.0	-30.0	30.0	0.800000012	0.0799999982	4.0	1.57079637	121.0
3640.4460159996524	0.25	gratings	136.0	0.0	20.0	0.0	20.0	0.800000012	0.0799999982	4.0	1.57079637	121.0
3640.7129919994622	0.25	gratings	5.0	0.0	20.0	20.0	-30.0	0.800000012	0.0799999982	4.0	0.0	121.0
3640.9799999995157	0.25	gratings	115.0	0.0	20.0	0.0	-10.0	0.800000012	0.0799999982	4.0	1.57079637	121.0
3641.247007999569	0.25	gratings	131.0	0.0	20.0	20.0	10.0	0.800000012	0.0799999982	4.0	1.57079637	121.0
3641.512991999276	0.25	gratings	33.0	0.0	20.0	20.0	10.0	0.800000012	0.0799999982	4.0	0.0	121.0
3641.7799999993294	0.25	gratings	53.0	0.0	20.0	10.0	-30.0	0.800000012	0.0799999982	4.0	0.785398185	121.0
3642.047999999486	0.25	gratings	5.0	0.0	20.0	20.0	-30.0	0.800000012	0.0799999982	4.0	0.0	121.0
3642.312992000021	0.25	gratings	101.0	0.0	20.0	0.0	-30.0	0.800000012	0.0799999982	4.0	1.57079637	121.0
3642.5800000000745	0.25	gratings	64.0	0.0	20.0	-20.0	-10.0	0.800000012	0.0799999982	4.0	0.785398185	121.0
3642.847008000128	0.25	gratings	115.0	0.0	20.0	0.0	-10.0	0.800000012	0.0799999982	4.0	1.57079637	121.0
3643.11401599925	0.25	gratings	141.0	0.0	20.0	-20.0	30.0	0.800000012	0.0799999982	4.0	1.57079637	121.0
3643.3809919999912	0.25	gratings	66.0	0.0	20.0	0.0	-10.0	0.800000012	0.0799999982	4.0	0.785398185	121.0
3643.6470079999417	0.25	gratings	140.0	0.0	20.0	-30.0	30.0	0.800000012	0.0799999982	4.0	1.57079637	121.0
3643.914015999995	0.25	gratings	41.0	0.0	20.0	30.0	20.0	0.800000012	0.0799999982	4.0	0.0	121.0
3644.180991999805	0.25	gratings	52.0	0.0	20.0	0.0	-30.0	0.800000012	0.0799999982	4.0	0.785398185	121.0
3644.4470079997554	0.25	gratings	43.0	0.0	20.0	-20.0	30.0	0.800000012	0.0799999982	4.0	0.0	121.0
3644.714015999809	0.25	gratings	22.0	0.0	20.0	-20.0	0.0	0.800000012	0.0799999982	4.0	0.0	121.0
3644.9809919996187	0.25	gratings	115.0	0.0	20.0	0.0	-10.0	0.800000012	0.0799999982	4.0	1.57079637	121.0
3645.247007999569	0.25	gratings	22.0	0.0	20.0	-20.0	0.0	0.800000012	0.0799999982	4.0	0.0	121.0
3645.5140159996226	0.25	gratings	109.0	0.0	20.0	10.0	-20.0	0.800000012	0.0799999982	4.0	1.57079637	121.0
3645.7809919994324	0.25	gratings	35.0	0.0	20.0	-30.0	20.0	0.800000012	0.0799999982	4.0	0.0	121.0
3646.047007999383	0.25	gratings	116.0	0.0	20.0	10.0	-10.0	0.800000012	0.0799999982	4.0	1.57079637	121.0
3646.3140159994364	0.25	gratings	93.0	0.0	20.0	-10.0	30.0	0.800000012	0.0799999982	4.0	0.785398185	121.0
3646.580991999246	0.25	gratings	63.0	0.0	20.0	-30.0	-10.0	0.800000012	0.0799999982	4.0	0.785398185	121.0
3646.8479999992996	0.25	gratings	120.0	0.0	20.0	-20.0	0.0	0.800000012	0.0799999982	4.0	1.57079637	121.0
3647.11401599925	0.25	gratings	11.0	0.0	20.0	10.0	-20.0	0.800000012	0.0799999982	4.0	0.0	121.0
3647.3809919999912	0.25	gratings	104.0	0.0	20.0	30.0	-30.0	0.800000012	0.0799999982	4.0	1.57079637	121.0
3647.6480000000447	0.25	gratings	116.0	0.0	20.0	10.0	-10.0	0.800000012	0.0799999982	4.0	1.57079637	121.0
3647.914015999995	0.25	gratings	102.0	0.0	20.0	10.0	-30.0	0.800000012	0.0799999982	4.0	1.57079637	121.0
3648.180991999805	0.25	gratings	3.0	0.0	20.0	0.0	-30.0	0.800000012	0.0799999982	4.0	0.0	121.0
3648.4470079997554	0.25	gratings	80.0	0.0	20.0	0.0	10.0	0.800000012	0.0799999982	4.0	0.785398185	121.0
3648.714015999809	0.25	gratings	6.0	0.0	20.0	30.0	-30.0	0.800000012	0.0799999982	4.0	0.0	121.0
3648.9809919996187	0.25	gratings	82.0	0.0	20.0	20.0	10.0	0.800000012	0.0799999982	4.0	0.785398185	121.0
3649.247999999672	0.25	gratings	77.0	0.0	20.0	-30.0	10.0	0.800000012	0.0799999982	4.0	0.785398185	121.0
3649.5150079997256	0.25	gratings	95.0	0.0	20.0	10.0	30.0	0.800000012	0.0799999982	4.0	0.785398185	121.0
3649.7809919994324	0.25	gratings	114.0	0.0	20.0	-10.0	-10.0	0.800000012	0.0799999982	4.0	1.57079637	121.0
3650.048991999589	0.25	gratings	54.0	0.0	20.0	20.0	-30.0	0.800000012	0.0799999982	4.0	0.785398185	121.0
3650.3159999996424	0.25	gratings	104.0	0.0	20.0	30.0	-30.0	0.800000012	0.0799999982	4.0	1.57079637	121.0
3650.583007999696	0.25	gratings	56.0	0.0	20.0	-30.0	-20.0	0.800000012	0.0799999982	4.0	0.785398185	121.0
3650.8489919994026	0.25	gratings	125.0	0.0	20.0	30.0	0.0	0.800000012	0.0799999982	4.0	1.57079637	121.0
3651.115999999456	0.25	gratings	126.0	0.0	20.0	-30.0	10.0	0.800000012	0.0799999982	4.0	1.57079637	121.0
3651.3830079995096	0.25	gratings	4.0	0.0	20.0	10.0	-30.0	0.800000012	0.0799999982	4.0	0.0	121.0
3651.6489919992164	0.25	gratings	51.0	0.0	20.0	-10.0	-30.0	0.800000012	0.0799999982	4.0	0.785398185	121.0
3651.91599999927	0.25	gratings	55.0	0.0	20.0	30.0	-30.0	0.800000012	0.0799999982	4.0	0.785398185	121.0
3652.1830079993233	0.25	gratings	92.0	0.0	20.0	-20.0	30.0	0.800000012	0.0799999982	4.0	0.785398185	121.0
3652.450015999377	0.25	gratings	125.0	0.0	20.0	30.0	0.0	0.800000012	0.0799999982	4.0	1.57079637	121.0
3652.716992000118	0.25	gratings	93.0	0.0	20.0	-10.0	30.0	0.800000012	0.0799999982	4.0	0.785398185	121.0
3652.9830080000684	0.25	gratings	66.0	0.0	20.0	0.0	-10.0	0.800000012	0.0799999982	4.0	0.785398185	121.0
3653.250016000122	0.25	gratings	94.0	0.0	20.0	0.0	30.0	0.800000012	0.0799999982	4.0	0.785398185	121.0
3653.5169919999316	0.25	gratings	136.0	0.0	20.0	0.0	20.0	0.800000012	0.0799999982	4.0	1.57079637	121.0
3653.783999999985	0.25	gratings	107.0	0.0	20.0	-10.0	-20.0	0.800000012	0.0799999982	4.0	1.57079637	121.0
3654.0510080000386	0.25	gratings	45.0	0.0	20.0	0.0	30.0	0.800000012	0.0799999982	4.0	0.0	121.0
3654.318016000092	0.25	gratings	3.0	0.0	20.0	0.0	-30.0	0.800000012	0.0799999982	4.0	0.0	121.0
3654.583999999799	0.25	gratings	111.0	0.0	20.0	30.0	-20.0	0.800000012	0.0799999982	4.0	1.57079637	121.0
3654.8510079998523	0.25	gratings	114.0	0.0	20.0	-10.0	-10.0	0.800000012	0.0799999982	4.0	1.57079637	121.0
3655.1190080000088	0.25	gratings	85.0	0.0	20.0	-20.0	20.0	0.800000012	0.0799999982	4.0	0.785398185	121.0
3655.3849919997156	0.25	gratings	123.0	0.0	20.0	10.0	0.0	0.800000012	0.0799999982	4.0	1.57079637	121.0
3655.651999999769	0.25	gratings	74.0	0.0	20.0	10.0	0.0	0.800000012	0.0799999982	4.0	0.785398185	121.0
3655.9190079998225	0.25	gratings	146.0	0.0	20.0	30.0	30.0	0.800000012	0.0799999982	4.0	1.57079637	121.0
3656.186015999876	0.25	gratings	125.0	0.0	20.0	30.0	0.0	0.800000012	0.0799999982	4.0	1.57079637	121.0
3656.4519999995828	0.25	gratings	75.0	0.0	20.0	20.0	0.0	0.800000012	0.0799999982	4.0	0.785398185	121.0
3656.7199999997392	0.25	gratings	103.0	0.0	20.0	20.0	-30.0	0.800000012	0.0799999982	4.0	1.57079637	121.0
3656.9860159996897	0.25	gratings	106.0	0.0	20.0	-20.0	-20.0	0.800000012	0.0799999982	4.0	1.57079637	121.0
3657.2529919994995	0.25	gratings	104.0	0.0	20.0	30.0	-30.0	0.800000012	0.0799999982	4.0	1.57079637	121.0
3657.519999999553	0.25	gratings	92.0	0.0	20.0	-20.0	30.0	0.800000012	0.0799999982	4.0	0.785398185	121.0
3657.7860159995034	0.25	gratings	93.0	0.0	20.0	-10.0	30.0	0.800000012	0.0799999982	4.0	0.785398185	121.0
3658.05401599966	0.25	gratings	140.0	0.0	20.0	-30.0	30.0	0.800000012	0.0799999982	4.0	1.57079637	121.0
3658.3209919994697	0.25	gratings	39.0	0.0	20.0	10.0	20.0	0.800000012	0.0799999982	4.0	0.0	121.0
3658.587999999523	0.25	gratings	21.0	0.0	20.0	-30.0	0.0	0.800000012	0.0799999982	4.0	0.0	121.0
3658.8550079995766	0.25	gratings	84.0	0.0	20.0	-30.0	20.0	0.800000012	0.0799999982	4.0	0.785398185	121.0
3659.1209919992834	0.25	gratings	115.0	0.0	20.0	0.0	-10.0	0.800000012	0.0799999982	4.0	1.57079637	121.0
3659.387999999337	0.25	gratings	97.0	0.0	20.0	30.0	30.0	0.800000012	0.0799999982	4.0	0.785398185	121.0
3659.6559999994934	0.25	gratings	131.0	0.0	20.0	20.0	10.0	0.800000012	0.0799999982	4.0	1.57079637	121.0
3659.922015999444	0.25	gratings	55.0	0.0	20.0	30.0	-30.0	0.800000012	0.0799999982	4.0	0.785398185	121.0
3660.1889919992536	0.25	gratings	107.0	0.0	20.0	-10.0	-20.0	0.800000012	0.0799999982	4.0	1.57079637	-1.0
3660.455999999307	0.25	gratings	105.0	0.0	20.0	-30.0	-20.0	0.800000012	0.0799999982	4.0	1.57079637	-1.0
3660.7220159992576	0.25	gratings	12.0	0.0	20.0	20.0	-20.0	0.800000012	0.0799999982	4.0	0.0	122.0
3660.9889919999987	0.25	gratings	72.0	0.0	20.0	-10.0	0.0	0.800000012	0.0799999982	4.0	0.785398185	122.0
3661.256000000052	0.25	gratings	95.0	0.0	20.0	10.0	30.0	0.800000012	0.0799999982	4.0	0.785398185	122.0
3661.5220160000026	0.25	gratings	120.0	0.0	20.0	-20.0	0.0	0.800000012	0.0799999982	4.0	1.57079637	122.0
3661.7889919998124	0.25	gratings	120.0	0.0	20.0	-20.0	0.0	0.800000012	0.0799999982	4.0	1.57079637	122.0
3662.055999999866	0.25	gratings	26.0	0.0	20.0	20.0	0.0	0.800000012	0.0799999982	4.0	0.0	122.0
3662.3220159998164	0.25	gratings	40.0	0.0	20.0	20.0	20.0	0.800000012	0.0799999982	4.0	0.0	122.0
3662.588991999626	0.25	gratings	68.0	0.0	20.0	20.0	-10.0	0.800000012	0.0799999982	4.0	0.785398185	122.0
3662.8559999996796	0.25	gratings	48.0	0.0	20.0	30.0	30.0	0.800000012	0.0799999982	4.0	0.0	122.0
3663.123007999733	0.25	gratings	127.0	0.0	20.0	-20.0	10.0	0.800000012	0.0799999982	4.0	1.57079637	122.0
3663.3900159997866	0.25	gratings	4.0	0.0	20.0	10.0	-30.0	0.800000012	0.0799999982	4.0	0.0	122.0
3663.6559999994934	0.25	gratings	120.0	0.0	20.0	-20.0	0.0	0.800000012	0.0799999982	4.0	1.57079637	122.0
3663.923007999547	0.25	gratings	103.0	0.0	20.0	20.0	-30.0	0.800000012	0.0799999982	4.0	1.57079637	122.0
3664.1900159996003	0.25	gratings	61.0	0.0	20.0	20.0	-20.0	0.800000012	0.0799999982	4.0	0.785398185	122.0
3664.45699199941	0.25	gratings	122.0	0.0	20.0	0.0	0.0	0.800000012	0.0799999982	4.0	1.57079637	122.0
3664.7230079993606	0.25	gratings	124.0	0.0	20.0	20.0	0.0	0.800000012	0.0799999982	4.0	1.57079637	122.0
3664.991007999517	0.25	gratings	125.0	0.0	20.0	30.0	0.0	0.800000012	0.0799999982	4.0	1.57079637	122.0
3665.256991999224	0.25	gratings	10.0	0.0	20.0	0.0	-20.0	0.800000012	0.0799999982	4.0	0.0	122.0
3665.5239999992773	0.25	gratings	63.0	0.0	20.0	-30.0	-10.0	0.800000012	0.0799999982	4.0	0.785398185	122.0
3665.7910079993308	0.25	gratings	145.0	0.0	20.0	20.0	30.0	0.800000012	0.0799999982	4.0	1.57079637	122.0
3666.058015999384	0.25	gratings	17.0	0.0	20.0	0.0	-10.0	0.800000012	0.0799999982	4.0	0.0	122.0
3666.3249920001253	0.25	gratings	89.0	0.0	20.0	20.0	20.0	0.800000012	0.0799999982	4.0	0.785398185	122.0
3666.5919999992475	0.25	gratings	18.0	0.0	20.0	10.0	-10.0	0.800000012	0.0799999982	4.0	0.0	122.0
3666.859999999404	0.25	gratings	15.0	0.0	20.0	-20.0	-10.0	0.800000012	0.0799999982	4.0	0.0	122.0
3667.1260159993544	0.25	gratings	109.0	0.0	20.0	10.0	-20.0	0.800000012	0.0799999982	4.0	1.57079637	122.0
3667.3929920000955	0.25	gratings	54.0	0.0	20.0	20.0	-30.0	0.800000012	0.0799999982	4.0	0.785398185	122.0
3667.6599999992177	0.25	gratings	88.0	0.0	20.0	10.0	20.0	0.800000012	0.0799999982	4.0	0.785398185	122.0
3667.927007999271	0.25	gratings	99.0	0.0	20.0	-20.0	-30.0	0.800000012	0.0799999982	4.0	1.57079637	122.0
3668.1929919999093	0.25	gratings	122.0	0.0	20.0	0.0	0.0	0.800000012	0.0799999982	4.0	1.57079637	122.0
3668.4599999999627	0.25	gratings	7.0	0.0	20.0	-30.0	-20.0	0.800000012	0.0799999982	4.0	0.0	122.0
3668.727008000016	0.25	gratings	50.0	0.0	20.0	-20.0	-30.0	0.800000012	0.0799999982	4.0	0.785398185	122.0
3668.9940160000697	0.25	gratings	75.0	0.0	20.0	20.0	0.0	0.800000012	0.0799999982	4.0	0.785398185	122.0
3669.2599999997765	0.25	gratings	136.0	0.0	20.0	0.0	20.0	0.800000012	0.0799999982	4.0	1.57079637	122.0
3669.52700799983	0.25	gratings	80.0	0.0	20.0	0.0	10.0	0.800000012	0.0799999982	4.0	0.785398185	122.0
3669.7940159998834	0.25	gratings	6.0	0.0	20.0	30.0	-30.0	0.800000012	0.0799999982	4.0	0.0	122.0
3670.060991999693	0.25	gratings	124.0	0.0	20.0	20.0	0.0	0.800000012	0.0799999982	4.0	1.57079637	122.0
3670.3279999997467	0.25	gratings	33.0	0.0	20.0	20.0	10.0	0.800000012	0.0799999982	4.0	0.0	122.0
3670.594015999697	0.25	gratings	44.0	0.0	20.0	-10.0	30.0	0.800000012	0.0799999982	4.0	0.0	122.0
3670.8620159998536	0.25	gratings	130.0	0.0	20.0	10.0	10.0	0.800000012	0.0799999982	4.0	1.57079637	122.0
3671.1279999995604	0.25	gratings	50.0	0.0	20.0	-20.0	-30.0	0.800000012	0.0799999982	4.0	0.785398185	122.0
3671.395007999614	0.25	gratings	8.0	0.0	20.0	-20.0	-20.0	0.800000012	0.0799999982	4.0	0.0	122.0
3671.6620159996673	0.25	gratings	91.0	0.0	20.0	-30.0	30.0	0.800000012	0.0799999982	4.0	0.785398185	122.0
3671.927999999374	0.25	gratings	96.0	0.0	20.0	20.0	30.0	0.800000012	0.0799999982	4.0	0.785398185	122.0
3672.1950079994276	0.25	gratings	46.0	0.0	20.0	10.0	30.0	0.800000012	0.0799999982	4.0	0.0	122.0
3672.462015999481	0.25	gratings	55.0	0.0	20.0	30.0	-30.0	0.800000012	0.0799999982	4.0	0.785398185	122.0
3672.728000000119	0.25	gratings	24.0	0.0	20.0	0.0	0.0	0.800000012	0.0799999982	4.0	0.0	122.0
3672.9959999993443	0.25	gratings	130.0	0.0	20.0	10.0	10.0	0.800000012	0.0799999982	4.0	1.57079637	122.0
3673.262015999295	0.25	gratings	125.0	0.0	20.0	30.0	0.0	0.800000012	0.0799999982	4.0	1.57079637	122.0
3673.528992000036	0.25	gratings	87.0	0.0	20.0	0.0	20.0	0.800000012	0.0799999982	4.0	0.785398185	122.0
3673.7950079999864	0.25	gratings	55.0	0.0	20.0	30.0	-30.0	0.800000012	0.0799999982	4.0	0.785398185	122.0
3674.06201600004	0.25	gratings	109.0	0.0	20.0	10.0	-20.0	0.800000012	0.0799999982	4.0	1.57079637	122.0
3674.3289919998497	0.25	gratings	105.0	0.0	20.0	-30.0	-20.0	0.800000012	0.0799999982	4.0	1.57079637	122.0
3674.595999999903	0.25	gratings	1.0	0.0	20.0	-20.0	-30.0	0.800000012	0.0799999982	4.0	0.0	122.0
3674.8620159998536	0.25	gratings	0.0	0.0	20.0	-30.0	-30.0	0.800000012	0.0799999982	4.0	0.0	122.0
3675.1289919996634	0.25	gratings	68.0	0.0	20.0	20.0	-10.0	0.800000012	0.0799999982	4.0	0.785398185	122.0
3675.395007999614	0.25	gratings	77.0	0.0	20.0	-30.0	10.0	0.800000012	0.0799999982	4.0	0.785398185	122.0
3675.6620159996673	0.25	gratings	91.0	0.0	20.0	-30.0	30.0	0.800000012	0.0799999982	4.0	0.785398185	122.0
3675.9129919996485	0.25	gratings	125.0	0.0	20.0	30.0	0.0	0.800000012	0.0799999982	4.0	1.57079637	122.0
3676.179999999702	0.25	gratings	75.0	0.0	20.0	20.0	0.0	0.800000012	0.0799999982	4.0	0.785398185	122.0
3676.4460159996524	0.25	gratings	37.0	0.0	20.0	-10.0	20.0	0.800000012	0.0799999982	4.0	0.0	122.0
3676.7129919994622	0.25	gratings	60.0	0.0	20.0	10.0	-20.0	0.800000012	0.0799999982	4.0	0.785398185	122.0
3676.9799999995157	0.25	gratings	36.0	0.0	20.0	-20.0	20.0	0.800000012	0.0799999982	4.0	0.0	122.0
3677.246015999466	0.25	gratings	45.0	0.0	20.0	0.0	30.0	0.800000012	0.0799999982	4.0	0.0	122.0
3677.512991999276	0.25	gratings	68.0	0.0	20.0	20.0	-10.0	0.800000012	0.0799999982	4.0	0.785398185	122.0
3677.7799999993294	0.25	gratings	99.0	0.0	20.0	-20.0	-30.0	0.800000012	0.0799999982	4.0	1.57079637	122.0
3678.047007999383	0.25	gratings	66.0	0.0	20.0	0.0	-10.0	0.800000012	0.0799999982	4.0	0.785398185	122.0
3678.312992000021	0.25	gratings	56.0	0.0	20.0	-30.0	-20.0	0.800000012	0.0799999982	4.0	0.785398185	122.0
3678.5800000000745	0.25	gratings	146.0	0.0	20.0	30.0	30.0	0.800000012	0.0799999982	4.0	1.57079637	122.0
3678.847008000128	0.25	gratings	78.0	0.0	20.0	-20.0	10.0	0.800000012	0.0799999982	4.0	0.785398185	122.0
3679.11401599925	0.25	gratings	95.0	0.0	20.0	10.0	30.0	0.800000012	0.0799999982	4.0	0.785398185	122.0
3679.3799999998882	0.25	gratings	29.0	0.0	20.0	-20.0	10.0	0.800000012	0.0799999982	4.0	0.0	122.0
3679.6470079999417	0.25	gratings	17.0	0.0	20.0	0.0	-10.0	0.800000012	0.0799999982	4.0	0.0	122.0
3679.914015999995	0.25	gratings	48.0	0.0	20.0	30.0	30.0	0.800000012	0.0799999982	4.0	0.0	122.0
3680.179999999702	0.25	gratings	0.0	0.0	20.0	-30.0	-30.0	0.800000012	0.0799999982	4.0	0.0	122.0
3680.4470079997554	0.25	gratings	86.0	0.0	20.0	-10.0	20.0	0.800000012	0.0799999982	4.0	0.785398185	122.0
3680.714015999809	0.25	gratings	87.0	0.0	20.0	0.0	20.0	0.800000012	0.0799999982	4.0	0.785398185	122.0
3680.9799999995157	0.25	gratings	7.0	0.0	20.0	-30.0	-20.0	0.800000012	0.0799999982	4.0	0.0	122.0
3681.247007999569	0.25	gratings	135.0	0.0	20.0	-10.0	20.0	0.800000012	0.0799999982	4.0	1.57079637	122.0
3681.5140159996226	0.25	gratings	31.0	0.0	20.0	0.0	10.0	0.800000012	0.0799999982	4.0	0.0	122.0
3681.7799999993294	0.25	gratings	80.0	0.0	20.0	0.0	10.0	0.800000012	0.0799999982	4.0	0.785398185	122.0
3682.0500159999356	0.25	gratings	82.0	0.0	20.0	20.0	10.0	0.800000012	0.0799999982	4.0	0.785398185	122.0
3682.3169919997454	0.25	gratings	87.0	0.0	20.0	0.0	20.0	0.800000012	0.0799999982	4.0	0.785398185	122.0
3682.583999999799	0.25	gratings	61.0	0.0	20.0	20.0	-20.0	0.800000012	0.0799999982	4.0	0.785398185	122.0
3682.8510079998523	0.25	gratings	41.0	0.0	20.0	30.0	20.0	0.800000012	0.0799999982	4.0	0.0	122.0
3683.1180159999058	0.25	gratings	20.0	0.0	20.0	30.0	-10.0	0.800000012	0.0799999982	4.0	0.0	122.0
3683.3839999996126	0.25	gratings	76.0	0.0	20.0	30.0	0.0	0.800000012	0.0799999982	4.0	0.785398185	122.0
3683.651007999666	0.25	gratings	19.0	0.0	20.0	20.0	-10.0	0.800000012	0.0799999982	4.0	0.0	122.0
3683.9180159997195	0.25	gratings	132.0	0.0	20.0	30.0	10.0	0.800000012	0.0799999982	4.0	1.57079637	122.0
3684.1839999994263	0.25	gratings	6.0	0.0	20.0	30.0	-30.0	0.800000012	0.0799999982	4.0	0.0	122.0
3684.4510079994798	0.25	gratings	40.0	0.0	20.0	20.0	20.0	0.800000012	0.0799999982	4.0	0.0	122.0
3684.7190079996362	0.25	gratings	140.0	0.0	20.0	-30.0	30.0	0.800000012	0.0799999982	4.0	1.57079637	122.0
3684.984991999343	0.25	gratings	100.0	0.0	20.0	-10.0	-30.0	0.800000012	0.0799999982	4.0	1.57079637	122.0
3685.2529919994995	0.25	gratings	138.0	0.0	20.0	20.0	20.0	0.800000012	0.0799999982	4.0	1.57079637	122.0
3685.51900799945	0.25	gratings	46.0	0.0	20.0	10.0	30.0	0.800000012	0.0799999982	4.0	0.0	122.0
3685.7860159995034	0.25	gratings	11.0	0.0	20.0	10.0	-20.0	0.800000012	0.0799999982	4.0	0.0	122.0
3686.0529919993132	0.25	gratings	105.0	0.0	20.0	-30.0	-20.0	0.800000012	0.0799999982	4.0	1.57079637	122.0
3686.3199999993667	0.25	gratings	14.0	0.0	20.0	-30.0	-10.0	0.800000012	0.0799999982	4.0	0.0	122.0
3686.58700799942	0.25	gratings	28.0	0.0	20.0	-30.0	10.0	0.800000012	0.0799999982	4.0	0.0	122.0
3686.8529920000583	0.25	gratings	37.0	0.0	20.0	-10.0	20.0	0.800000012	0.0799999982	4.0	0.0	122.0
3687.1200000001118	0.25	gratings	132.0	0.0	20.0	30.0	10.0	0.800000012	0.0799999982	4.0	1.57079637	122.0
3687.387007999234	0.25	gratings	95.0	0.0	20.0	10.0	30.0	0.800000012	0.0799999982	4.0	0.785398185	122.0
3687.652991999872	0.25	gratings	133.0	0.0	20.0	-30.0	20.0	0.800000012	0.0799999982	4.0	1.57079637	122.0
3687.9199999999255	0.25	gratings	128.0	0.0	20.0	-10.0	10.0	0.800000012	0.0799999982	4.0	1.57079637	122.0
3688.187007999979	0.25	gratings	78.0	0.0	20.0	-20.0	10.0	0.800000012	0.0799999982	4.0	0.785398185	122.0
3688.4529919996858	0.25	gratings	88.0	0.0	20.0	10.0	20.0	0.800000012	0.0799999982	4.0	0.785398185	122.0
3688.7199999997392	0.25	gratings	67.0	0.0	20.0	10.0	-10.0	0.800000012	0.0799999982	4.0	0.785398185	122.0
3688.9870079997927	0.25	gratings	50.0	0.0	20.0	-20.0	-30.0	0.800000012	0.0799999982	4.0	0.785398185	122.0
3689.2529919994995	0.25	gratings	47.0	0.0	20.0	20.0	30.0	0.800000012	0.0799999982	4.0	0.0	122.0
3689.519999999553	0.25	gratings	30.0	0.0	20.0	-10.0	10.0	0.800000012	0.0799999982	4.0	0.0	122.0
3689.7870079996064	0.25	gratings	144.0	0.0	20.0	10.0	30.0	0.800000012	0.0799999982	4.0	1.57079637	122.0
3690.0529919993132	0.25	gratings	90.0	0.0	20.0	30.0	20.0	0.800000012	0.0799999982	4.0	0.785398185	-1.0
3690.3209919994697	0.25	gratings	117.0	0.0	20.0	20.0	-10.0	0.800000012	0.0799999982	4.0	1.57079637	-1.0
3690.587999999523	0.25	gratings	62.0	0.0	20.0	30.0	-20.0	0.800000012	0.0799999982	4.0	0.785398185	-1.0
3690.8550079995766	0.25	gratings	57.0	0.0	20.0	-20.0	-20.0	0.800000012	0.0799999982	4.0	0.785398185	123.0
3691.12201599963	0.25	gratings	59.0	0.0	20.0	0.0	-20.0	0.800000012	0.0799999982	4.0	0.785398185	123.0
3691.387999999337	0.25	gratings	130.0	0.0	20.0	10.0	10.0	0.800000012	0.0799999982	4.0	1.57079637	123.0
3691.6550079993904	0.25	gratings	141.0	0.0	20.0	-20.0	30.0	0.800000012	0.0799999982	4.0	1.57079637	123.0
3691.923007999547	0.25	gratings	107.0	0.0	20.0	-10.0	-20.0	0.800000012	0.0799999982	4.0	1.57079637	123.0
3692.1889919992536	0.25	gratings	143.0	0.0	20.0	0.0	30.0	0.800000012	0.0799999982	4.0	1.57079637	123.0
3692.455999999307	0.25	gratings	125.0	0.0	20.0	30.0	0.0	0.800000012	0.0799999982	4.0	1.57079637	123.0
3692.7230079993606	0.25	gratings	112.0	0.0	20.0	-30.0	-10.0	0.800000012	0.0799999982	4.0	1.57079637	123.0
3692.9889919999987	0.25	gratings	130.0	0.0	20.0	10.0	10.0	0.800000012	0.0799999982	4.0	1.57079637	123.0
3693.256000000052	0.25	gratings	22.0	0.0	20.0	-20.0	0.0	0.800000012	0.0799999982	4.0	0.0	123.0
3693.5230080001056	0.25	gratings	40.0	0.0	20.0	20.0	20.0	0.800000012	0.0799999982	4.0	0.0	123.0
3693.7900159992278	0.25	gratings	9.0	0.0	20.0	-10.0	-20.0	0.800000012	0.0799999982	4.0	0.0	123.0
3694.055999999866	0.25	gratings	73.0	0.0	20.0	0.0	0.0	0.800000012	0.0799999982	4.0	0.785398185	123.0
3694.3230079999194	0.25	gratings	37.0	0.0	20.0	-10.0	20.0	0.800000012	0.0799999982	4.0	0.0	123.0
3694.590015999973	0.25	gratings	103.0	0.0	20.0	20.0	-30.0	0.800000012	0.0799999982	4.0	1.57079637	123.0
3694.8569919997826	0.25	gratings	68.0	0.0	20.0	20.0	-10.0	0.800000012	0.0799999982	4.0	0.785398185	123.0
3695.123007999733	0.25	gratings	45.0	0.0	20.0	0.0	30.0	0.800000012	0.0799999982	4.0	0.0	123.0
3695.3900159997866	0.25	gratings	140.0	0.0	20.0	-30.0	30.0	0.800000012	0.0799999982	4.0	1.57079637	123.0
3695.6569919995964	0.25	gratings	127.0	0.0	20.0	-20.0	10.0	0.800000012	0.0799999982	4.0	1.57079637	123.0
3695.923007999547	0.25	gratings	113.0	0.0	20.0	-20.0	-10.0	0.800000012	0.0799999982	4.0	1.57079637	123.0
3696.1900159996003	0.25	gratings	106.0	0.0	20.0	-20.0	-20.0	0.800000012	0.0799999982	4.0	1.57079637	123.0
3696.45699199941	0.25	gratings	26.0	0.0	20.0	20.0	0.0	0.800000012	0.0799999982	4.0	0.0	123.0
3696.7230079993606	0.25	gratings	139.0	0.0	20.0	30.0	20.0	0.800000012	0.0799999982	4.0	1.57079637	123.0
3696.990015999414	0.25	gratings	115.0	0.0	20.0	0.0	-10.0	0.800000012	0.0799999982	4.0	1.57079637	123.0
3697.2580159995705	0.25	gratings	23.0	0.0	20.0	-10.0	0.0	0.800000012	0.0799999982	4.0	0.0	123.0
3697.5239999992773	0.25	gratings	53.0	0.0	20.0	10.0	-30.0	0.800000012	0.0799999982	4.0	0.785398185	123.0
3697.7910079993308	0.25	gratings	52.0	0.0	20.0	0.0	-30.0	0.800000012	0.0799999982	4.0	0.785398185	123.0
3698.058015999384	0.25	gratings	85.0	0.0	20.0	-20.0	20.0	0.800000012	0.0799999982	4.0	0.785398185	123.0
3698.3240000000224	0.25	gratings	135.0	0.0	20.0	-10.0	20.0	0.800000012	0.0799999982	4.0	1.57079637	123.0
3698.591008000076	0.25	gratings	87.0	0.0	20.0	0.0	20.0	0.800000012	0.0799999982	4.0	0.785398185	123.0
3698.8580160001293	0.25	gratings	137.0	0.0	20.0	10.0	20.0	0.800000012	0.0799999982	4.0	1.57079637	123.0
3699.123999999836	0.25	gratings	117.0	0.0	20.0	20.0	-10.0	0.800000012	0.0799999982	4.0	1.57079637	123.0
3699.3910079998896	0.25	gratings	138.0	0.0	20.0	20.0	20.0	0.800000012	0.0799999982	4.0	1.57079637	123.0
3699.658015999943	0.25	gratings	50.0	0.0	20.0	-20.0	-30.0	0.800000012	0.0799999982	4.0	0.785398185	123.0
3699.924991999753	0.25	gratings	144.0	0.0	20.0	10.0	30.0	0.800000012	0.0799999982	4.0	1.57079637	123.0
3700.1919999998063	0.25	gratings	121.0	0.0	20.0	-10.0	0.0	0.800000012	0.0799999982	4.0	1.57079637	123.0
3700.4580159997568	0.25	gratings	57.0	0.0	20.0	-20.0	-20.0	0.800000012	0.0799999982	4.0	0.785398185	123.0
3700.726015999913	0.25	gratings	144.0	0.0	20.0	10.0	30.0	0.800000012	0.0799999982	4.0	1.57079637	123.0
3700.99199999962	0.25	gratings	85.0	0.0	20.0	-20.0	20.0	0.800000012	0.0799999982	4.0	0.785398185	123.0
3701.2590079996735	0.25	gratings	75.0	0.0	20.0	20.0	0.0	0.800000012	0.0799999982	4.0	0.785398185	123.0
3701.526015999727	0.25	gratings	142.0	0.0	20.0	-10.0	30.0	0.800000012	0.0799999982	4.0	1.57079637	123.0
3701.7919999994338	0.25	gratings	79.0	0.0	20.0	-10.0	10.0	0.800000012	0.0799999982	4.0	0.785398185	123.0
3702.059007999487	0.25	gratings	1.0	0.0	20.0	-20.0	-30.0	0.800000012	0.0799999982	4.0	0.0	123.0
3702.3260159995407	0.25	gratings	116.0	0.0	20.0	10.0	-10.0	0.800000012	0.0799999982	4.0	1.57079637	123.0
3702.5919999992475	0.25	gratings	51.0	0.0	20.0	-10.0	-30.0	0.800000012	0.0799999982	4.0	0.785398185	123.0
3702.859999999404	0.25	gratings	26.0	0.0	20.0	20.0	0.0	0.800000012	0.0799999982	4.0	0.0	123.0
3703.1270079994574	0.25	gratings	93.0	0.0	20.0	-10.0	30.0	0.800000012	0.0799999982	4.0	0.785398185	123.0
3703.3929920000955	0.25	gratings	21.0	0.0	20.0	-30.0	0.0	0.800000012	0.0799999982	4.0	0.0	123.0
3703.6599999992177	0.25	gratings	14.0	0.0	20.0	-30.0	-10.0	0.800000012	0.0799999982	4.0	0.0	123.0
3703.927007999271	0.25	gratings	36.0	0.0	20.0	-20.0	20.0	0.800000012	0.0799999982	4.0	0.0	123.0
3704.1929919999093	0.25	gratings	139.0	0.0	20.0	30.0	20.0	0.800000012	0.0799999982	4.0	1.57079637	123.0
3704.4599999999627	0.25	gratings	96.0	0.0	20.0	20.0	30.0	0.800000012	0.0799999982	4.0	0.785398185	123.0
3704.727008000016	0.25	gratings	42.0	0.0	20.0	-30.0	30.0	0.800000012	0.0799999982	4.0	0.0	123.0
3704.992991999723	0.25	gratings	145.0	0.0	20.0	20.0	30.0	0.800000012	0.0799999982	4.0	1.57079637	123.0
3705.2599999997765	0.25	gratings	94.0	0.0	20.0	0.0	30.0	0.800000012	0.0799999982	4.0	0.785398185	123.0
3705.52700799983	0.25	gratings	0.0	0.0	20.0	-30.0	-30.0	0.800000012	0.0799999982	4.0	0.0	123.0
3705.7929919995368	0.25	gratings	146.0	0.0	20.0	30.0	30.0	0.800000012	0.0799999982	4.0	1.57079637	123.0
3706.060031999834	0.25	gratings	113.0	0.0	20.0	-20.0	-10.0	0.800000012	0.0799999982	4.0	1.57079637	123.0
3706.3270079996437	0.25	gratings	136.0	0.0	20.0	0.0	20.0	0.800000012	0.0799999982	4.0	1.57079637	123.0
3706.5929919993505	0.25	gratings	63.0	0.0	20.0	-30.0	-10.0	0.800000012	0.0799999982	4.0	0.785398185	123.0
3706.859999999404	0.25	gratings	33.0	0.0	20.0	20.0	10.0	0.800000012	0.0799999982	4.0	0.0	123.0
3707.1270079994574	0.25	gratings	30.0	0.0	20.0	-10.0	10.0	0.800000012	0.0799999982	4.0	0.0	123.0
3707.3929920000955	0.25	gratings	145.0	0.0	20.0	20.0	30.0	0.800000012	0.0799999982	4.0	1.57079637	123.0
3707.6609919993207	0.25	gratings	70.0	0.0	20.0	-30.0	0.0	0.800000012	0.0799999982	4.0	0.785398185	123.0
3707.927007999271	0.25	gratings	58.0	0.0	20.0	-10.0	-20.0	0.800000012	0.0799999982	4.0	0.785398185	123.0
3708.1940159993246	0.25	gratings	34.0	0.0	20.0	30.0	10.0	0.800000012	0.0799999982	4.0	0.0	123.0
3708.4609920000657	0.25	gratings	127.0	0.0	20.0	-20.0	10.0	0.800000012	0.0799999982	4.0	1.57079637	123.0
3708.728000000119	0.25	gratings	116.0	0.0	20.0	10.0	-10.0	0.800000012	0.0799999982	4.0	1.57079637	123.0
3708.9940160000697	0.25	gratings	14.0	0.0	20.0	-30.0	-10.0	0.800000012	0.0799999982	4.0	0.0	123.0
3709.2609919998795	0.25	gratings	47.0	0.0	20.0	20.0	30.0	0.800000012	0.0799999982	4.0	0.0	123.0
3709.527999999933	0.25	gratings	88.0	0.0	20.0	10.0	20.0	0.800000012	0.0799999982	4.0	0.785398185	123.0
3709.7950079999864	0.25	gratings	92.0	0.0	20.0	-20.0	30.0	0.800000012	0.0799999982	4.0	0.785398185	123.0
3710.06201600004	0.25	gratings	45.0	0.0	20.0	0.0	30.0	0.800000012	0.0799999982	4.0	0.0	123.0
3710.3289919998497	0.25	gratings	119.0	0.0	20.0	-30.0	0.0	0.800000012	0.0799999982	4.0	1.57079637	123.0
3710.5950079998	0.25	gratings	49.0	0.0	20.0	-30.0	-30.0	0.800000012	0.0799999982	4.0	0.785398185	123.0
3710.8620159998536	0.25	gratings	32.0	0.0	20.0	10.0	10.0	0.800000012	0.0799999982	4.0	0.0	123.0
3711.112991999835	0.25	gratings	4.0	0.0	20.0	10.0	-30.0	0.800000012	0.0799999982	4.0	0.0	123.0
3711.3790079997852	0.25	gratings	69.0	0.0	20.0	30.0	-10.0	0.800000012	0.0799999982	4.0	0.785398185	123.0
3711.6460159998387	0.25	gratings	119.0	0.0	20.0	-30.0	0.0	0.800000012	0.0799999982	4.0	1.57079637	123.0
3711.9129919996485	0.25	gratings	76.0	0.0	20.0	30.0	0.0	0.800000012	0.0799999982	4.0	0.785398185	123.0
3712.179007999599	0.25	gratings	83.0	0.0	20.0	30.0	10.0	0.800000012	0.0799999982	4.0	0.785398185	123.0
3712.4460159996524	0.25	gratings	27.0	0.0	20.0	30.0	0.0	0.800000012	0.0799999982	4.0	0.0	123.0
3712.7129919994622	0.25	gratings	120.0	0.0	20.0	-20.0	0.0	0.800000012	0.0799999982	4.0	1.57079637	123.0
3712.9799999995157	0.25	gratings	115.0	0.0	20.0	0.0	-10.0	0.800000012	0.0799999982	4.0	1.57079637	123.0
3713.247007999569	0.25	gratings	45.0	0.0	20.0	0.0	30.0	0.800000012	0.0799999982	4.0	0.0	123.0
3713.5140159996226	0.25	gratings	139.0	0.0	20.0	30.0	20.0	0.800000012	0.0799999982	4.0	1.57079637	123.0
3713.7809919994324	0.25	gratings	113.0	0.0	20.0	-20.0	-10.0	0.800000012	0.0799999982	4.0	1.57079637	123.0
3714.047999999486	0.25	gratings	23.0	0.0	20.0	-10.0	0.0	0.800000012	0.0799999982	4.0	0.0	123.0
3714.3140159994364	0.25	gratings	141.0	0.0	20.0	-20.0	30.0	0.800000012	0.0799999982	4.0	1.57079637	123.0
3714.580991999246	0.25	gratings	6.0	0.0	20.0	30.0	-30.0	0.800000012	0.0799999982	4.0	0.0	123.0
3714.8479999992996	0.25	gratings	128.0	0.0	20.0	-10.0	10.0	0.800000012	0.0799999982	4.0	1.57079637	123.0
3715.115007999353	0.25	gratings	105.0	0.0	20.0	-30.0	-20.0	0.800000012	0.0799999982	4.0	1.57079637	123.0
3715.3820159994066	0.25	gratings	88.0	0.0	20.0	10.0	20.0	0.800000012	0.0799999982	4.0	0.785398185	123.0
3715.6489919992164	0.25	gratings	49.0	0.0	20.0	-30.0	-30.0	0.800000012	0.0799999982	4.0	0.785398185	123.0
3715.915008000098	0.25	gratings	111.0	0.0	20.0	30.0	-20.0	0.800000012	0.0799999982	4.0	1.57079637	123.0
3716.1830079993233	0.25	gratings	85.0	0.0	20.0	-20.0	20.0	0.800000012	0.0799999982	4.0	0.785398185	123.0
3716.4489919999614	0.25	gratings	41.0	0.0	20.0	30.0	20.0	0.800000012	0.0799999982	4.0	0.0	123.0
3716.716000000015	0.25	gratings	134.0	0.0	20.0	-20.0	20.0	0.800000012	0.0799999982	4.0	1.57079637	123.0
3716.9830080000684	0.25	gratings	117.0	0.0	20.0	20.0	-10.0	0.800000012	0.0799999982	4.0	1.57079637	123.0
3717.248991999775	0.25	gratings	5.0	0.0	20.0	20.0	-30.0	0.800000012	0.0799999982	4.0	0.0	123.0
3717.5159999998286	0.25	gratings	121.0	0.0	20.0	-10.0	0.0	0.800000012	0.0799999982	4.0	1.57079637	123.0
3717.783007999882	0.25	gratings	71.0	0.0	20.0	-20.0	0.0	0.800000012	0.0799999982	4.0	0.785398185	123.0
3718.048991999589	0.25	gratings	108.0	0.0	20.0	0.0	-20.0	0.800000012	0.0799999982	4.0	1.57079637	123.0
3718.3159999996424	0.25	gratings	12.0	0.0	20.0	20.0	-20.0	0.800000012	0.0799999982	4.0	0.0	123.0
3718.583007999696	0.25	gratings	72.0	0.0	20.0	-10.0	0.0	0.800000012	0.0799999982	4.0	0.785398185	123.0
3718.8500159997493	0.25	gratings	126.0	0.0	20.0	-30.0	10.0	0.800000012	0.0799999982	4.0	1.57079637	123.0
3719.115999999456	0.25	gratings	104.0	0.0	20.0	30.0	-30.0	0.800000012	0.0799999982	4.0	1.57079637	123.0
3719.3830079995096	0.25	gratings	66.0	0.0	20.0	0.0	-10.0	0.800000012	0.0799999982	4.0	0.785398185	123.0
3719.650015999563	0.25	gratings	82.0	0.0	20.0	20.0	10.0	0.800000012	0.0799999982	4.0	0.785398185	123.0
3719.91599999927	0.25	gratings	123.0	0.0	20.0	10.0	0.0	0.800000012	0.0799999982	4.0	1.57079637	123.0
3720.1830079993233	0.25	gratings	59.0	0.0	20.0	0.0	-20.0	0.800000012	0.0799999982	4.0	0.785398185	-1.0
3720.450015999377	0.25	gratings	83.0	0.0	20.0	30.0	10.0	0.800000012	0.0799999982	4.0	0.785398185	-1.0
3720.716992000118	0.25	gratings	64.0	0.0	20.0	-20.0	-10.0	0.800000012	0.0799999982	4.0	0.785398185	124.0
3720.98399999924	0.25	gratings	26.0	0.0	20.0	20.0	0.0	0.800000012	0.0799999982	4.0	0.0	124.0
3721.250016000122	0.25	gratings	105.0	0.0	20.0	-30.0	-20.0	0.800000012	0.0799999982	4.0	1.57079637	124.0
3721.5169919999316	0.25	gratings	62.0	0.0	20.0	30.0	-20.0	0.800000012	0.0799999982	4.0	0.785398185	124.0
3721.783999999985	0.25	gratings	124.0	0.0	20.0	20.0	0.0	0.800000012	0.0799999982	4.0	1.57079637	124.0
3722.0510080000386	0.25	gratings	43.0	0.0	20.0	-20.0	30.0	0.800000012	0.0799999982	4.0	0.0	124.0
3722.318016000092	0.25	gratings	19.0	0.0	20.0	20.0	-10.0	0.800000012	0.0799999982	4.0	0.0	124.0
3722.584991999902	0.25	gratings	141.0	0.0	20.0	-20.0	30.0	0.800000012	0.0799999982	4.0	1.57079637	124.0
3722.8510079998523	0.25	gratings	16.0	0.0	20.0	-10.0	-10.0	0.800000012	0.0799999982	4.0	0.0	124.0
3723.1190080000088	0.25	gratings	44.0	0.0	20.0	-10.0	30.0	0.800000012	0.0799999982	4.0	0.0	124.0
3723.3849919997156	0.25	gratings	122.0	0.0	20.0	0.0	0.0	0.800000012	0.0799999982	4.0	1.57079637	124.0
3723.651999999769	0.25	gratings	63.0	0.0	20.0	-30.0	-10.0	0.800000012	0.0799999982	4.0	0.785398185	124.0
3723.9190079998225	0.25	gratings	86.0	0.0	20.0	-10.0	20.0	0.800000012	0.0799999982	4.0	0.785398185	124.0
3724.1849919995293	0.25	gratings	49.0	0.0	20.0	-30.0	-30.0	0.800000012	0.0799999982	4.0	0.785398185	124.0
3724.4529919996858	0.25	gratings	118.0	0.0	20.0	30.0	-10.0	0.800000012	0.0799999982	4.0	1.57079637	124.0
3724.7199999997392	0.25	gratings	113.0	0.0	20.0	-20.0	-10.0	0.800000012	0.0799999982	4.0	1.57079637	124.0
3724.9870079997927	0.25	gratings	26.0	0.0	20.0	20.0	0.0	0.800000012	0.0799999982	4.0	0.0	124.0
3725.2529919994995	0.25	gratings	24.0	0.0	20.0	0.0	0.0	0.800000012	0.0799999982	4.0	0.0	124.0
3725.519999999553	0.25	gratings	87.0	0.0	20.0	0.0	20.0	0.800000012	0.0799999982	4.0	0.785398185	124.0
3725.7870079996064	0.25	gratings	12.0	0.0	20.0	20.0	-20.0	0.800000012	0.0799999982	4.0	0.0	124.0
3726.0529919993132	0.25	gratings	23.0	0.0	20.0	-10.0	0.0	0.800000012	0.0799999982	4.0	0.0	124.0
3726.3199999993667	0.25	gratings	1.0	0.0	20.0	-20.0	-30.0	0.800000012	0.0799999982	4.0	0.0	124.0
3726.58700799942	0.25	gratings	91.0	0.0	20.0	-30.0	30.0	0.800000012	0.0799999982	4.0	0.785398185	124.0
3726.8529920000583	0.25	gratings	114.0	0.0	20.0	-10.0	-10.0	0.800000012	0.0799999982	4.0	1.57079637	124.0
3727.1200000001118	0.25	gratings	91.0	0.0	20.0	-30.0	30.0	0.800000012	0.0799999982	4.0	0.785398185	124.0
3727.387007999234	0.25	gratings	112.0	0.0	20.0	-30.0	-10.0	0.800000012	0.0799999982	4.0	1.57079637	124.0
3727.652991999872	0.25	gratings	4.0	0.0	20.0	10.0	-30.0	0.800000012	0.0799999982	4.0	0.0	124.0
3727.9199999999255	0.25	gratings	132.0	0.0	20.0	30.0	10.0	0.800000012	0.0799999982	4.0	1.57079637	124.0
3728.187007999979	0.25	gratings	108.0	0.0	20.0	0.0	-20.0	0.800000012	0.0799999982	4.0	1.57079637	124.0
3728.4529919996858	0.25	gratings	131.0	0.0	20.0	20.0	10.0	0.800000012	0.0799999982	4.0	1.57079637	124.0
3728.720991999842	0.25	gratings	101.0	0.0	20.0	0.0	-30.0	0.800000012	0.0799999982	4.0	1.57079637	124.0
3728.9879999998957	0.25	gratings	69.0	0.0	20.0	30.0	-10.0	0.800000012	0.0799999982	4.0	0.785398185	124.0
3729.255007999949	0.25	gratings	61.0	0.0	20.0	20.0	-20.0	0.800000012	0.0799999982	4.0	0.785398185	124.0
3729.520991999656	0.25	gratings	144.0	0.0	20.0	10.0	30.0	0.800000012	0.0799999982	4.0	1.57079637	124.0
3729.7879999997094	0.25	gratings	24.0	0.0	20.0	0.0	0.0	0.800000012	0.0799999982	4.0	0.0	124.0
3730.055007999763	0.25	gratings	68.0	0.0	20.0	20.0	-10.0	0.800000012	0.0799999982	4.0	0.785398185	124.0
3730.3209919994697	0.25	gratings	52.0	0.0	20.0	0.0	-30.0	0.800000012	0.0799999982	4.0	0.785398185	124.0
3730.587999999523	0.25	gratings	82.0	0.0	20.0	20.0	10.0	0.800000012	0.0799999982	4.0	0.785398185	124.0
3730.8559999996796	0.25	gratings	135.0	0.0	20.0	-10.0	20.0	0.800000012	0.0799999982	4.0	1.57079637	124.0
3731.12201599963	0.25	gratings	124.0	0.0	20.0	20.0	0.0	0.800000012	0.0799999982	4.0	1.57079637	124.0
3731.38899199944	0.25	gratings	17.0	0.0	20.0	0.0	-10.0	0.800000012	0.0799999982	4.0	0.0	124.0
3731.6559999994934	0.25	gratings	50.0	0.0	20.0	-20.0	-30.0	0.800000012	0.0799999982	4.0	0.785398185	124.0
3731.923007999547	0.25	gratings	49.0	0.0	20.0	-30.0	-30.0	0.800000012	0.0799999982	4.0	0.785398185	124.0
3732.1889919992536	0.25	gratings	78.0	0.0	20.0	-20.0	10.0	0.800000012	0.0799999982	4.0	0.785398185	124.0
3732.455999999307	0.25	gratings	86.0	0.0	20.0	-10.0	20.0	0.800000012	0.0799999982	4.0	0.785398185	124.0
3732.7230079993606	0.25	gratings	32.0	0.0	20.0	10.0	10.0	0.800000012	0.0799999982	4.0	0.0	124.0
3732.9889919999987	0.25	gratings	57.0	0.0	20.0	-20.0	-20.0	0.800000012	0.0799999982	4.0	0.785398185	124.0
3733.256000000052	0.25	gratings	8.0	0.0	20.0	-20.0	-20.0	0.800000012	0.0799999982	4.0	0.0	124.0
3733.5230080001056	0.25	gratings	44.0	0.0	20.0	-10.0	30.0	0.800000012	0.0799999982	4.0	0.0	124.0
3733.7910079993308	0.25	gratings	73.0	0.0	20.0	0.0	0.0	0.800000012	0.0799999982	4.0	0.785398185	124.0
3734.058015999384	0.25	gratings	59.0	0.0	20.0	0.0	-20.0	0.800000012	0.0799999982	4.0	0.785398185	124.0
3734.3249920001253	0.25	gratings	30.0	0.0	20.0	-10.0	10.0	0.800000012	0.0799999982	4.0	0.0	124.0
3734.591008000076	0.25	gratings	10.0	0.0	20.0	0.0	-20.0	0.800000012	0.0799999982	4.0	0.0	124.0
3734.8580160001293	0.25	gratings	144.0	0.0	20.0	10.0	30.0	0.800000012	0.0799999982	4.0	1.57079637	124.0
3735.124991999939	0.25	gratings	99.0	0.0	20.0	-20.0	-30.0	0.800000012	0.0799999982	4.0	1.57079637	124.0
3735.3919999999925	0.25	gratings	75.0	0.0	20.0	20.0	0.0	0.800000012	0.0799999982	4.0	0.785398185	124.0
3735.658015999943	0.25	gratings	106.0	0.0	20.0	-20.0	-20.0	0.800000012	0.0799999982	4.0	1.57079637	124.0
3735.924991999753	0.25	gratings	31.0	0.0	20.0	0.0	10.0	0.800000012	0.0799999982	4.0	0.0	124.0
3736.1919999998063	0.25	gratings	67.0	0.0	20.0	10.0	-10.0	0.800000012	0.0799999982	4.0	0.785398185	124.0
3736.4580159997568	0.25	gratings	72.0	0.0	20.0	-10.0	0.0	0.800000012	0.0799999982	4.0	0.785398185	124.0
3736.7249919995666	0.25	gratings	7.0	0.0	20.0	-30.0	-20.0	0.800000012	0.0799999982	4.0	0.0	124.0
3736.99199999962	0.25	gratings	35.0	0.0	20.0	-30.0	20.0	0.800000012	0.0799999982	4.0	0.0	124.0
3737.2590079996735	0.25	gratings	108.0	0.0	20.0	0.0	-20.0	0.800000012	0.0799999982	4.0	1.57079637	124.0
3737.5249919993803	0.25	gratings	95.0	0.0	20.0	10.0	30.0	0.800000012	0.0799999982	4.0	0.785398185	124.0
3737.7919999994338	0.25	gratings	42.0	0.0	20.0	-30.0	30.0	0.800000012	0.0799999982	4.0	0.0	124.0
3738.059007999487	0.25	gratings	102.0	0.0	20.0	10.0	-30.0	0.800000012	0.0799999982	4.0	1.57079637	124.0
3738.3260159995407	0.25	gratings	102.0	0.0	20.0	10.0	-30.0	0.800000012	0.0799999982	4.0	1.57079637	124.0
3738.5929919993505	0.25	gratings	114.0	0.0	20.0	-10.0	-10.0	0.800000012	0.0799999982	4.0	1.57079637	124.0
3738.859999999404	0.25	gratings	19.0	0.0	20.0	20.0	-10.0	0.800000012	0.0799999982	4.0	0.0	124.0
3739.1260159993544	0.25	gratings	63.0	0.0	20.0	-30.0	-10.0	0.800000012	0.0799999982	4.0	0.785398185	124.0
3739.3929920000955	0.25	gratings	101.0	0.0	20.0	0.0	-30.0	0.800000012	0.0799999982	4.0	1.57079637	124.0
3739.6609919993207	0.25	gratings	70.0	0.0	20.0	-30.0	0.0	0.800000012	0.0799999982	4.0	0.785398185	124.0
3739.927007999271	0.25	gratings	49.0	0.0	20.0	-30.0	-30.0	0.800000012	0.0799999982	4.0	0.785398185	124.0
3740.1940159993246	0.25	gratings	65.0	0.0	20.0	-10.0	-10.0	0.800000012	0.0799999982	4.0	0.785398185	124.0
3740.4609920000657	0.25	gratings	40.0	0.0	20.0	20.0	20.0	0.800000012	0.0799999982	4.0	0.0	124.0
3740.727008000016	0.25	gratings	54.0	0.0	20.0	20.0	-30.0	0.800000012	0.0799999982	4.0	0.785398185	124.0
3740.9950079992414	0.25	gratings	9.0	0.0	20.0	-10.0	-20.0	0.800000012	0.0799999982	4.0	0.0	124.0
3741.262015999295	0.25	gratings	7.0	0.0	20.0	-30.0	-20.0	0.800000012	0.0799999982	4.0	0.0	124.0
3741.527999999933	0.25	gratings	27.0	0.0	20.0	30.0	0.0	0.800000012	0.0799999982	4.0	0.0	124.0
3741.7950079999864	0.25	gratings	69.0	0.0	20.0	30.0	-10.0	0.800000012	0.0799999982	4.0	0.785398185	124.0
3742.06201600004	0.25	gratings	102.0	0.0	20.0	10.0	-30.0	0.800000012	0.0799999982	4.0	1.57079637	124.0
3742.3279999997467	0.25	gratings	40.0	0.0	20.0	20.0	20.0	0.800000012	0.0799999982	4.0	0.0	124.0
3742.5950079998	0.25	gratings	121.0	0.0	20.0	-10.0	0.0	0.800000012	0.0799999982	4.0	1.57079637	124.0
3742.8620159998536	0.25	gratings	108.0	0.0	20.0	0.0	-20.0	0.800000012	0.0799999982	4.0	1.57079637	124.0
3743.1279999995604	0.25	gratings	121.0	0.0	20.0	-10.0	0.0	0.800000012	0.0799999982	4.0	1.57079637	124.0
3743.395007999614	0.25	gratings	18.0	0.0	20.0	10.0	-10.0	0.800000012	0.0799999982	4.0	0.0	124.0
3743.6609919993207	0.25	gratings	84.0	0.0	20.0	-30.0	20.0	0.800000012	0.0799999982	4.0	0.785398185	124.0
3743.927999999374	0.25	gratings	98.0	0.0	20.0	-30.0	-30.0	0.800000012	0.0799999982	4.0	1.57079637	124.0
3744.1950079994276	0.25	gratings	15.0	0.0	20.0	-20.0	-10.0	0.800000012	0.0799999982	4.0	0.0	124.0
3744.462015999481	0.25	gratings	127.0	0.0	20.0	-20.0	10.0	0.800000012	0.0799999982	4.0	1.57079637	124.0
3744.728000000119	0.25	gratings	8.0	0.0	20.0	-20.0	-20.0	0.800000012	0.0799999982	4.0	0.0	124.0
3744.9950079992414	0.25	gratings	122.0	0.0	20.0	0.0	0.0	0.800000012	0.0799999982	4.0	1.57079637	124.0
3745.262015999295	0.25	gratings	146.0	0.0	20.0	30.0	30.0	0.800000012	0.0799999982	4.0	1.57079637	124.0
3745.528992000036	0.25	gratings	10.0	0.0	20.0	0.0	-20.0	0.800000012	0.0799999982	4.0	0.0	124.0
3745.7950079999864	0.25	gratings	27.0	0.0	20.0	30.0	0.0	0.800000012	0.0799999982	4.0	0.0	124.0
3746.06201600004	0.25	gratings	146.0	0.0	20.0	30.0	30.0	0.800000012	0.0799999982	4.0	1.57079637	124.0
3746.3289919998497	0.25	gratings	25.0	0.0	20.0	10.0	0.0	0.800000012	0.0799999982	4.0	0.0	124.0
3746.5950079998	0.25	gratings	20.0	0.0	20.0	30.0	-10.0	0.800000012	0.0799999982	4.0	0.0	124.0
3746.8620159998536	0.25	gratings	65.0	0.0	20.0	-10.0	-10.0	0.800000012	0.0799999982	4.0	0.785398185	124.0
3747.1289919996634	0.25	gratings	76.0	0.0	20.0	30.0	0.0	0.800000012	0.0799999982	4.0	0.785398185	124.0
3747.395999999717	0.25	gratings	100.0	0.0	20.0	-10.0	-30.0	0.800000012	0.0799999982	4.0	1.57079637	124.0
3747.6630079997703	0.25	gratings	75.0	0.0	20.0	20.0	0.0	0.800000012	0.0799999982	4.0	0.785398185	124.0
3747.928991999477	0.25	gratings	4.0	0.0	20.0	10.0	-30.0	0.800000012	0.0799999982	4.0	0.0	124.0
3748.1959999995306	0.25	gratings	132.0	0.0	20.0	30.0	10.0	0.800000012	0.0799999982	4.0	1.57079637	124.0
3748.463007999584	0.25	gratings	126.0	0.0	20.0	-30.0	10.0	0.800000012	0.0799999982	4.0	1.57079637	124.0
3748.728991999291	0.25	gratings	131.0	0.0	20.0	20.0	10.0	0.800000012	0.0799999982	4.0	1.57079637	124.0
3748.9799999995157	0.25	gratings	53.0	0.0	20.0	10.0	-30.0	0.800000012	0.0799999982	4.0	0.785398185	124.0
3749.246015999466	0.25	gratings	56.0	0.0	20.0	-30.0	-20.0	0.800000012	0.0799999982	4.0	0.785398185	124.0
3749.512991999276	0.25	gratings	111.0	0.0	20.0	30.0	-20.0	0.800000012	0.0799999982	4.0	1.57079637	124.0
3749.7799999993294	0.25	gratings	3.0	0.0	20.0	0.0	-30.0	0.800000012	0.0799999982	4.0	0.0	124.0
3750.04601599928	0.25	gratings	122.0	0.0	20.0	0.0	0.0	0.800000012	0.0799999982	4.0	1.57079637	-1.0
3750.312992000021	0.25	gratings	41.0	0.0	20.0	30.0	20.0	0.800000012	0.0799999982	4.0	0.0	-1.0
3750.580991999246	0.25	gratings	25.0	0.0	20.0	10.0	0.0	0.800000012	0.0799999982	4.0	0.0	-1.0
3750.8479999992996	0.25	gratings	14.0	0.0	20.0	-30.0	-10.0	0.800000012	0.0799999982	4.0	0.0	125.0
3751.11401599925	0.25	gratings	83.0	0.0	20.0	30.0	10.0	0.800000012	0.0799999982	4.0	0.785398185	125.0
3751.3809919999912	0.25	gratings	24.0	0.0	20.0	0.0	0.0	0.800000012	0.0799999982	4.0	0.0	125.0
3751.6480000000447	0.25	gratings	13.0	0.0	20.0	30.0	-20.0	0.800000012	0.0799999982	4.0	0.0	125.0
3751.915008000098	0.25	gratings	0.0	0.0	20.0	-30.0	-30.0	0.800000012	0.0799999982	4.0	0.0	125.0
3752.1820159992203	0.25	gratings	38.0	0.0	20.0	0.0	20.0	0.800000012	0.0799999982	4.0	0.0	125.0
3752.4489919999614	0.25	gratings	97.0	0.0	20.0	30.0	30.0	0.800000012	0.0799999982	4.0	0.785398185	125.0
3752.716000000015	0.25	gratings	55.0	0.0	20.0	30.0	-30.0	0.800000012	0.0799999982	4.0	0.785398185	125.0
3752.9820159999654	0.25	gratings	50.0	0.0	20.0	-20.0	-30.0	0.800000012	0.0799999982	4.0	0.785398185	125.0
3753.248991999775	0.25	gratings	21.0	0.0	20.0	-30.0	0.0	0.800000012	0.0799999982	4.0	0.0	125.0
3753.5159999998286	0.25	gratings	64.0	0.0	20.0	-20.0	-10.0	0.800000012	0.0799999982	4.0	0.785398185	125.0
3753.783007999882	0.25	gratings	136.0	0.0	20.0	0.0	20.0	0.800000012	0.0799999982	4.0	1.57079637	125.0
3754.0500159999356	0.25	gratings	47.0	0.0	20.0	20.0	30.0	0.800000012	0.0799999982	4.0	0.0	125.0
3754.3169919997454	0.25	gratings	146.0	0.0	20.0	30.0	30.0	0.800000012	0.0799999982	4.0	1.57079637	125.0
3754.583007999696	0.25	gratings	119.0	0.0	20.0	-30.0	0.0	0.800000012	0.0799999982	4.0	1.57079637	125.0
3754.8500159997493	0.25	gratings	111.0	0.0	20.0	30.0	-20.0	0.800000012	0.0799999982	4.0	1.57079637	125.0
3755.116991999559	0.25	gratings	106.0	0.0	20.0	-20.0	-20.0	0.800000012	0.0799999982	4.0	1.57079637	125.0
3755.3839999996126	0.25	gratings	89.0	0.0	20.0	20.0	20.0	0.800000012	0.0799999982	4.0	0.785398185	125.0
3755.650015999563	0.25	gratings	43.0	0.0	20.0	-20.0	30.0	0.800000012	0.0799999982	4.0	0.0	125.0
3755.916991999373	0.25	gratings	61.0	0.0	20.0	20.0	-20.0	0.800000012	0.0799999982	4.0	0.785398185	125.0
3756.1839999994263	0.25	gratings	108.0	0.0	20.0	0.0	-20.0	0.800000012	0.0799999982	4.0	1.57079637	125.0
3756.4519999995828	0.25	gratings	126.0	0.0	20.0	-30.0	10.0	0.800000012	0.0799999982	4.0	1.57079637	125.0
3756.7180159995332	0.25	gratings	28.0	0.0	20.0	-30.0	10.0	0.800000012	0.0799999982	4.0	0.0	125.0
3756.984991999343	0.25	gratings	109.0	0.0	20.0	10.0	-20.0	0.800000012	0.0799999982	4.0	1.57079637	125.0
3757.2519999993965	0.25	gratings	55.0	0.0	20.0	30.0	-30.0	0.800000012	0.0799999982	4.0	0.785398185	125.0
3757.51900799945	0.25	gratings	15.0	0.0	20.0	-20.0	-10.0	0.800000012	0.0799999982	4.0	0.0	125.0
3757.784992000088	0.25	gratings	21.0	0.0	20.0	-30.0	0.0	0.800000012	0.0799999982	4.0	0.0	125.0
3758.0519999992102	0.25	gratings	116.0	0.0	20.0	10.0	-10.0	0.800000012	0.0799999982	4.0	1.57079637	125.0
3758.3190079992637	0.25	gratings	19.0	0.0	20.0	20.0	-10.0	0.800000012	0.0799999982	4.0	0.0	125.0
3758.586015999317	0.25	gratings	81.0	0.0	20.0	10.0	10.0	0.800000012	0.0799999982	4.0	0.785398185	125.0
3758.8529920000583	0.25	gratings	17.0	0.0	20.0	0.0	-10.0	0.800000012	0.0799999982	4.0	0.0	125.0
3759.1190080000088	0.25	gratings	114.0	0.0	20.0	-10.0	-10.0	0.800000012	0.0799999982	4.0	1.57079637	125.0
3759.387007999234	0.25	gratings	15.0	0.0	20.0	-20.0	-10.0	0.800000012	0.0799999982	4.0	0.0	125.0
3759.6540159992874	0.25	gratings	103.0	0.0	20.0	20.0	-30.0	0.800000012	0.0799999982	4.0	1.57079637	125.0
3759.9209920000285	0.25	gratings	81.0	0.0	20.0	10.0	10.0	0.800000012	0.0799999982	4.0	0.785398185	125.0
3760.187007999979	0.25	gratings	90.0	0.0	20.0	30.0	20.0	0.800000012	0.0799999982	4.0	0.785398185	125.0
3760.4540160000324	0.25	gratings	134.0	0.0	20.0	-20.0	20.0	0.800000012	0.0799999982	4.0	1.57079637	125.0
3760.720991999842	0.25	gratings	8.0	0.0	20.0	-20.0	-20.0	0.800000012	0.0799999982	4.0	0.0	125.0
3760.9870079997927	0.25	gratings	30.0	0.0	20.0	-10.0	10.0	0.800000012	0.0799999982	4.0	0.0	125.0
3761.254015999846	0.25	gratings	94.0	0.0	20.0	0.0	30.0	0.800000012	0.0799999982	4.0	0.785398185	125.0
3761.520991999656	0.25	gratings	43.0	0.0	20.0	-20.0	30.0	0.800000012	0.0799999982	4.0	0.0	125.0
3761.7879999997094	0.25	gratings	29.0	0.0	20.0	-20.0	10.0	0.800000012	0.0799999982	4.0	0.0	125.0
3762.05401599966	0.25	gratings	61.0	0.0	20.0	20.0	-20.0	0.800000012	0.0799999982	4.0	0.785398185	125.0
3762.3209919994697	0.25	gratings	6.0	0.0	20.0	30.0	-30.0	0.800000012	0.0799999982	4.0	0.0	125.0
3762.587999999523	0.25	gratings	137.0	0.0	20.0	10.0	20.0	0.800000012	0.0799999982	4.0	1.57079637	125.0
3762.8550079995766	0.25	gratings	53.0	0.0	20.0	10.0	-30.0	0.800000012	0.0799999982	4.0	0.785398185	125.0
3763.1209919992834	0.25	gratings	33.0	0.0	20.0	20.0	10.0	0.800000012	0.0799999982	4.0	0.0	125.0
3763.387999999337	0.25	gratings	140.0	0.0	20.0	-30.0	30.0	0.800000012	0.0799999982	4.0	1.57079637	125.0
3763.6550079993904	0.25	gratings	89.0	0.0	20.0	20.0	20.0	0.800000012	0.0799999982	4.0	0.785398185	125.0
3763.9209920000285	0.25	gratings	29.0	0.0	20.0	-20.0	10.0	0.800000012	0.0799999982	4.0	0.0	125.0
3764.188000000082	0.25	gratings	72.0	0.0	20.0	-10.0	0.0	0.800000012	0.0799999982	4.0	0.785398185	125.0
3764.455007999204	0.25	gratings	105.0	0.0	20.0	-30.0	-20.0	0.800000012	0.0799999982	4.0	1.57079637	125.0
3764.720991999842	0.25	gratings	72.0	0.0	20.0	-10.0	0.0	0.800000012	0.0799999982	4.0	0.785398185	125.0
3764.9889919999987	0.25	gratings	71.0	0.0	20.0	-20.0	0.0	0.800000012	0.0799999982	4.0	0.785398185	125.0
3765.256000000052	0.25	gratings	61.0	0.0	20.0	20.0	-20.0	0.800000012	0.0799999982	4.0	0.785398185	125.0
3765.5220160000026	0.25	gratings	2.0	0.0	20.0	-10.0	-30.0	0.800000012	0.0799999982	4.0	0.0	125.0
3765.7889919998124	0.25	gratings	131.0	0.0	20.0	20.0	10.0	0.800000012	0.0799999982	4.0	1.57079637	125.0
3766.055999999866	0.25	gratings	30.0	0.0	20.0	-10.0	10.0	0.800000012	0.0799999982	4.0	0.0	125.0
3766.3230079999194	0.25	gratings	110.0	0.0	20.0	20.0	-20.0	0.800000012	0.0799999982	4.0	1.57079637	125.0
3766.590015999973	0.25	gratings	77.0	0.0	20.0	-30.0	10.0	0.800000012	0.0799999982	4.0	0.785398185	125.0
3766.8559999996796	0.25	gratings	28.0	0.0	20.0	-30.0	10.0	0.800000012	0.0799999982	4.0	0.0	125.0
3767.123007999733	0.25	gratings	31.0	0.0	20.0	0.0	10.0	0.800000012	0.0799999982	4.0	0.0	125.0
3767.3900159997866	0.25	gratings	25.0	0.0	20.0	10.0	0.0	0.800000012	0.0799999982	4.0	0.0	125.0
3767.6559999994934	0.25	gratings	120.0	0.0	20.0	-20.0	0.0	0.800000012	0.0799999982	4.0	1.57079637	125.0
3767.923007999547	0.25	gratings	87.0	0.0	20.0	0.0	20.0	0.800000012	0.0799999982	4.0	0.785398185	125.0
3768.1900159996003	0.25	gratings	114.0	0.0	20.0	-10.0	-10.0	0.800000012	0.0799999982	4.0	1.57079637	125.0
3768.45699199941	0.25	gratings	37.0	0.0	20.0	-10.0	20.0	0.800000012	0.0799999982	4.0	0.0	125.0
3768.7239999994636	0.25	gratings	13.0	0.0	20.0	30.0	-20.0	0.800000012	0.0799999982	4.0	0.0	125.0
3768.990015999414	0.25	gratings	131.0	0.0	20.0	20.0	10.0	0.800000012	0.0799999982	4.0	1.57079637	125.0
3769.256991999224	0.25	gratings	101.0	0.0	20.0	0.0	-30.0	0.800000012	0.0799999982	4.0	1.57079637	125.0
3769.5239999992773	0.25	gratings	62.0	0.0	20.0	30.0	-20.0	0.800000012	0.0799999982	4.0	0.785398185	125.0
3769.7910079993308	0.25	gratings	142.0	0.0	20.0	-10.0	30.0	0.800000012	0.0799999982	4.0	1.57079637	125.0
3770.058015999384	0.25	gratings	135.0	0.0	20.0	-10.0	20.0	0.800000012	0.0799999982	4.0	1.57079637	125.0
3770.3249920001253	0.25	gratings	141.0	0.0	20.0	-20.0	30.0	0.800000012	0.0799999982	4.0	1.57079637	125.0
3770.591008000076	0.25	gratings	3.0	0.0	20.0	0.0	-30.0	0.800000012	0.0799999982	4.0	0.0	125.0
3770.8580160001293	0.25	gratings	145.0	0.0	20.0	20.0	30.0	0.800000012	0.0799999982	4.0	1.57079637	125.0
3771.124991999939	0.25	gratings	84.0	0.0	20.0	-30.0	20.0	0.800000012	0.0799999982	4.0	0.785398185	125.0
3771.3910079998896	0.25	gratings	15.0	0.0	20.0	-20.0	-10.0	0.800000012	0.0799999982	4.0	0.0	125.0
3771.659008000046	0.25	gratings	17.0	0.0	20.0	0.0	-10.0	0.800000012	0.0799999982	4.0	0.0	125.0
3771.9260160000995	0.25	gratings	14.0	0.0	20.0	-30.0	-10.0	0.800000012	0.0799999982	4.0	0.0	125.0
3772.1919999998063	0.25	gratings	71.0	0.0	20.0	-20.0	0.0	0.800000012	0.0799999982	4.0	0.785398185	125.0
3772.4590079998598	0.25	gratings	51.0	0.0	20.0	-10.0	-30.0	0.800000012	0.0799999982	4.0	0.785398185	125.0
3772.727008000016	0.25	gratings	40.0	0.0	20.0	20.0	20.0	0.800000012	0.0799999982	4.0	0.0	125.0
3772.992991999723	0.25	gratings	63.0	0.0	20.0	-30.0	-10.0	0.800000012	0.0799999982	4.0	0.785398185	125.0
3773.2599999997765	0.25	gratings	83.0	0.0	20.0	30.0	10.0	0.800000012	0.0799999982	4.0	0.785398185	125.0
3773.52700799983	0.25	gratings	21.0	0.0	20.0	-30.0	0.0	0.800000012	0.0799999982	4.0	0.0	125.0
3773.7940159998834	0.25	gratings	39.0	0.0	20.0	10.0	20.0	0.800000012	0.0799999982	4.0	0.0	125.0
3774.05999999959	0.25	gratings	56.0	0.0	20.0	-30.0	-20.0	0.800000012	0.0799999982	4.0	0.785398185	125.0
3774.3270079996437	0.25	gratings	146.0	0.0	20.0	30.0	30.0	0.800000012	0.0799999982	4.0	1.57079637	125.0
3774.594015999697	0.25	gratings	57.0	0.0	20.0	-20.0	-20.0	0.800000012	0.0799999982	4.0	0.785398185	125.0
3774.859999999404	0.25	gratings	131.0	0.0	20.0	20.0	10.0	0.800000012	0.0799999982	4.0	1.57079637	125.0
3775.1270079994574	0.25	gratings	127.0	0.0	20.0	-20.0	10.0	0.800000012	0.0799999982	4.0	1.57079637	125.0
3775.394015999511	0.25	gratings	55.0	0.0	20.0	30.0	-30.0	0.800000012	0.0799999982	4.0	0.785398185	125.0
3775.6599999992177	0.25	gratings	36.0	0.0	20.0	-20.0	20.0	0.800000012	0.0799999982	4.0	0.0	125.0
3775.927007999271	0.25	gratings	78.0	0.0	20.0	-20.0	10.0	0.800000012	0.0799999982	4.0	0.785398185	125.0
3776.1950079994276	0.25	gratings	12.0	0.0	20.0	20.0	-20.0	0.800000012	0.0799999982	4.0	0.0	125.0
3776.462015999481	0.25	gratings	98.0	0.0	20.0	-30.0	-30.0	0.800000012	0.0799999982	4.0	1.57079637	125.0
3776.728991999291	0.25	gratings	34.0	0.0	20.0	30.0	10.0	0.800000012	0.0799999982	4.0	0.0	125.0
3776.9950079992414	0.25	gratings	17.0	0.0	20.0	0.0	-10.0	0.800000012	0.0799999982	4.0	0.0	125.0
3777.262015999295	0.25	gratings	1.0	0.0	20.0	-20.0	-30.0	0.800000012	0.0799999982	4.0	0.0	125.0
3777.528992000036	0.25	gratings	126.0	0.0	20.0	-30.0	10.0	0.800000012	0.0799999982	4.0	1.57079637	125.0
3777.7960000000894	0.25	gratings	59.0	0.0	20.0	0.0	-20.0	0.800000012	0.0799999982	4.0	0.785398185	125.0
3778.0630079992115	0.25	gratings	134.0	0.0	20.0	-20.0	20.0	0.800000012	0.0799999982	4.0	1.57079637	125.0
3778.3289919998497	0.25	gratings	58.0	0.0	20.0	-10.0	-20.0	0.800000012	0.0799999982	4.0	0.785398185	125.0
3778.595999999903	0.25	gratings	67.0	0.0	20.0	10.0	-10.0	0.800000012	0.0799999982	4.0	0.785398185	125.0
3778.8630079999566	0.25	gratings	44.0	0.0	20.0	-10.0	30.0	0.800000012	0.0799999982	4.0	0.0	125.0
3779.13001600001	0.25	gratings	65.0	0.0	20.0	-10.0	-10.0	0.800000012	0.0799999982	4.0	0.785398185	125.0
3779.3799999998882	0.25	gratings	104.0	0.0	20.0	30.0	-30.0	0.800000012	0.0799999982	4.0	1.57079637	125.0
3779.6470079999417	0.25	gratings	96.0	0.0	20.0	20.0	30.0	0.800000012	0.0799999982	4.0	0.785398185	125.0
3779.914015999995	0.25	gratings	121.0	0.0	20.0	-10.0	0.0	0.800000012	0.0799999982	4.0	1.57079637	125.0
3780.179999999702	0.25	gratings	95.0	0.0	20.0	10.0	30.0	0.800000012	0.0799999982	4.0	0.785398185	-1.0
3780.4470079997554	0.25	gratings	76.0	0.0	20.0	30.0	0.0	0.800000012	0.0799999982	4.0	0.785398185	-1.0
3780.714015999809	0.25	gratings	9.0	0.0	20.0	-10.0	-20.0	0.800000012	0.0799999982	4.0	0.0	126.0
3780.9799999995157	0.25	gratings	29.0	0.0	20.0	-20.0	10.0	0.800000012	0.0799999982	4.0	0.0	126.0
3781.247007999569	0.25	gratings	92.0	0.0	20.0	-20.0	30.0	0.800000012	0.0799999982	4.0	0.785398185	126.0
3781.5140159996226	0.25	gratings	129.0	0.0	20.0	0.0	10.0	0.800000012	0.0799999982	4.0	1.57079637	126.0
3781.7799999993294	0.25	gratings	98.0	0.0	20.0	-30.0	-30.0	0.800000012	0.0799999982	4.0	1.57079637	126.0
3782.047007999383	0.25	gratings	110.0	0.0	20.0	20.0	-20.0	0.800000012	0.0799999982	4.0	1.57079637	126.0
3782.3140159994364	0.25	gratings	79.0	0.0	20.0	-10.0	10.0	0.800000012	0.0799999982	4.0	0.785398185	126.0
3782.5800000000745	0.25	gratings	121.0	0.0	20.0	-10.0	0.0	0.800000012	0.0799999982	4.0	1.57079637	126.0
3782.847008000128	0.25	gratings	70.0	0.0	20.0	-30.0	0.0	0.800000012	0.0799999982	4.0	0.785398185	126.0
3783.11401599925	0.25	gratings	103.0	0.0	20.0	20.0	-30.0	0.800000012	0.0799999982	4.0	1.57079637	126.0
3783.3809919999912	0.25	gratings	24.0	0.0	20.0	0.0	0.0	0.800000012	0.0799999982	4.0	0.0	126.0
3783.6480000000447	0.25	gratings	15.0	0.0	20.0	-20.0	-10.0	0.800000012	0.0799999982	4.0	0.0	126.0
3783.915008000098	0.25	gratings	145.0	0.0	20.0	20.0	30.0	0.800000012	0.0799999982	4.0	1.57079637	126.0
3784.180991999805	0.25	gratings	38.0	0.0	20.0	0.0	20.0	0.800000012	0.0799999982	4.0	0.0	126.0
3784.4479999998584	0.25	gratings	10.0	0.0	20.0	0.0	-20.0	0.800000012	0.0799999982	4.0	0.0	126.0
3784.715007999912	0.25	gratings	4.0	0.0	20.0	10.0	-30.0	0.800000012	0.0799999982	4.0	0.0	126.0
3784.9809919996187	0.25	gratings	16.0	0.0	20.0	-10.0	-10.0	0.800000012	0.0799999982	4.0	0.0	126.0
3785.247999999672	0.25	gratings	73.0	0.0	20.0	0.0	0.0	0.800000012	0.0799999982	4.0	0.785398185	126.0
3785.5150079997256	0.25	gratings	42.0	0.0	20.0	-30.0	30.0	0.800000012	0.0799999982	4.0	0.0	126.0
3785.7809919994324	0.25	gratings	106.0	0.0	20.0	-20.0	-20.0	0.800000012	0.0799999982	4.0	1.57079637	126.0
3786.047999999486	0.25	gratings	3.0	0.0	20.0	0.0	-30.0	0.800000012	0.0799999982	4.0	0.0	126.0
3786.3150079995394	0.25	gratings	71.0	0.0	20.0	-20.0	0.0	0.800000012	0.0799999982	4.0	0.785398185	126.0
3786.580991999246	0.25	gratings	41.0	0.0	20.0	30.0	20.0	0.800000012	0.0799999982	4.0	0.0	126.0
3786.8479999992996	0.25	gratings	35.0	0.0	20.0	-30.0	20.0	0.800000012	0.0799999982	4.0	0.0	126.0
3787.115007999353	0.25	gratings	84.0	0.0	20.0	-30.0	20.0	0.800000012	0.0799999982	4.0	0.785398185	126.0
3787.3809919999912	0.25	gratings	114.0	0.0	20.0	-10.0	-10.0	0.800000012	0.0799999982	4.0	1.57079637	126.0
3787.6489919992164	0.25	gratings	101.0	0.0	20.0	0.0	-30.0	0.800000012	0.0799999982	4.0	1.57079637	126.0
3787.915008000098	0.25	gratings	123.0	0.0	20.0	10.0	0.0	0.800000012	0.0799999982	4.0	1.57079637	126.0
3788.180991999805	0.25	gratings	53.0	0.0	20.0	10.0	-30.0	0.800000012	0.0799999982	4.0	0.785398185	126.0
3788.4479999998584	0.25	gratings	52.0	0.0	20.0	0.0	-30.0	0.800000012	0.0799999982	4.0	0.785398185	126.0
3788.715007999912	0.25	gratings	60.0	0.0	20.0	10.0	-20.0	0.800000012	0.0799999982	4.0	0.785398185	126.0
3788.9809919996187	0.25	gratings	38.0	0.0	20.0	0.0	20.0	0.800000012	0.0799999982	4.0	0.0	126.0
3789.247999999672	0.25	gratings	119.0	0.0	20.0	-30.0	0.0	0.800000012	0.0799999982	4.0	1.57079637	126.0
3789.5150079997256	0.25	gratings	92.0	0.0	20.0	-20.0	30.0	0.800000012	0.0799999982	4.0	0.785398185	126.0
3789.782015999779	0.25	gratings	139.0	0.0	20.0	30.0	20.0	0.800000012	0.0799999982	4.0	1.57079637	126.0
3790.048991999589	0.25	gratings	19.0	0.0	20.0	20.0	-10.0	0.800000012	0.0799999982	4.0	0.0	126.0
3790.3150079995394	0.25	gratings	88.0	0.0	20.0	10.0	20.0	0.800000012	0.0799999982	4.0	0.785398185	126.0
3790.582015999593	0.25	gratings	83.0	0.0	20.0	30.0	10.0	0.800000012	0.0799999982	4.0	0.785398185	126.0
3790.8489919994026	0.25	gratings	118.0	0.0	20.0	30.0	-10.0	0.800000012	0.0799999982	4.0	1.57079637	126.0
3791.115007999353	0.25	gratings	3.0	0.0	20.0	0.0	-30.0	0.800000012	0.0799999982	4.0	0.0	126.0
3791.3830079995096	0.25	gratings	2.0	0.0	20.0	-10.0	-30.0	0.800000012	0.0799999982	4.0	0.0	126.0
3791.650015999563	0.25	gratings	103.0	0.0	20.0	20.0	-30.0	0.800000012	0.0799999982	4.0	1.57079637	126.0
3791.91599999927	0.25	gratings	113.0	0.0	20.0	-20.0	-10.0	0.800000012	0.0799999982	4.0	1.57079637	126.0
3792.1830079993233	0.25	gratings	115.0	0.0	20.0	0.0	-10.0	0.800000012	0.0799999982	4.0	1.57079637	126.0
3792.450015999377	0.25	gratings	125.0	0.0	20.0	30.0	0.0	0.800000012	0.0799999982	4.0	1.57079637	126.0
3792.716992000118	0.25	gratings	124.0	0.0	20.0	20.0	0.0	0.800000012	0.0799999982	4.0	1.57079637	126.0
3792.98399999924	0.25	gratings	118.0	0.0	20.0	30.0	-10.0	0.800000012	0.0799999982	4.0	1.57079637	126.0
3793.2510079992935	0.25	gratings	52.0	0.0	20.0	0.0	-30.0	0.800000012	0.0799999982	4.0	0.785398185	126.0
3793.518015999347	0.25	gratings	13.0	0.0	20.0	30.0	-20.0	0.800000012	0.0799999982	4.0	0.0	126.0
3793.783999999985	0.25	gratings	14.0	0.0	20.0	-30.0	-10.0	0.800000012	0.0799999982	4.0	0.0	126.0
3794.0510080000386	0.25	gratings	12.0	0.0	20.0	20.0	-20.0	0.800000012	0.0799999982	4.0	0.0	126.0
3794.318016000092	0.25	gratings	38.0	0.0	20.0	0.0	20.0	0.800000012	0.0799999982	4.0	0.0	126.0
3794.584991999902	0.25	gratings	21.0	0.0	20.0	-30.0	0.0	0.800000012	0.0799999982	4.0	0.0	126.0
3794.8510079998523	0.25	gratings	112.0	0.0	20.0	-30.0	-10.0	0.800000012	0.0799999982	4.0	1.57079637	126.0
3795.1180159999058	0.25	gratings	83.0	0.0	20.0	30.0	10.0	0.800000012	0.0799999982	4.0	0.785398185	126.0
3795.3849919997156	0.25	gratings	55.0	0.0	20.0	30.0	-30.0	0.800000012	0.0799999982	4.0	0.785398185	126.0
3795.651007999666	0.25	gratings	8.0	0.0	20.0	-20.0	-20.0	0.800000012	0.0799999982	4.0	0.0	126.0
3795.9180159997195	0.25	gratings	106.0	0.0	20.0	-20.0	-20.0	0.800000012	0.0799999982	4.0	1.57079637	126.0
3796.1849919995293	0.25	gratings	26.0	0.0	20.0	20.0	0.0	0.800000012	0.0799999982	4.0	0.0	126.0
3796.4519999995828	0.25	gratings	99.0	0.0	20.0	-20.0	-30.0	0.800000012	0.0799999982	4.0	1.57079637	126.0
3796.7180159995332	0.25	gratings	28.0	0.0	20.0	-30.0	10.0	0.800000012	0.0799999982	4.0	0.0	126.0
3796.984991999343	0.25	gratings	80.0	0.0	20.0	0.0	10.0	0.800000012	0.0799999982	4.0	0.785398185	126.0
3797.2519999993965	0.25	gratings	19.0	0.0	20.0	20.0	-10.0	0.800000012	0.0799999982	4.0	0.0	126.0
3797.518015999347	0.25	gratings	58.0	0.0	20.0	-10.0	-20.0	0.800000012	0.0799999982	4.0	0.785398185	126.0
3797.784992000088	0.25	gratings	110.0	0.0	20.0	20.0	-20.0	0.800000012	0.0799999982	4.0	1.57079637	126.0
3798.0519999992102	0.25	gratings	55.0	0.0	20.0	30.0	-30.0	0.800000012	0.0799999982	4.0	0.785398185	126.0
3798.3190079992637	0.25	gratings	46.0	0.0	20.0	10.0	30.0	0.800000012	0.0799999982	4.0	0.0	126.0
3798.586015999317	0.25	gratings	63.0	0.0	20.0	-30.0	-10.0	0.800000012	0.0799999982	4.0	0.785398185	126.0
3798.8519999999553	0.25	gratings	118.0	0.0	20.0	30.0	-10.0	0.800000012	0.0799999982	4.0	1.57079637	126.0
3799.1190080000088	0.25	gratings	75.0	0.0	20.0	20.0	0.0	0.800000012	0.0799999982	4.0	0.785398185	126.0
3799.3849919997156	0.25	gratings	54.0	0.0	20.0	20.0	-30.0	0.800000012	0.0799999982	4.0	0.785398185	126.0
3799.651999999769	0.25	gratings	112.0	0.0	20.0	-30.0	-10.0	0.800000012	0.0799999982	4.0	1.57079637	126.0
3799.9190079998225	0.25	gratings	106.0	0.0	20.0	-20.0	-20.0	0.800000012	0.0799999982	4.0	1.57079637	126.0
3800.1849919995293	0.25	gratings	94.0	0.0	20.0	0.0	30.0	0.800000012	0.0799999982	4.0	0.785398185	126.0
3800.4519999995828	0.25	gratings	98.0	0.0	20.0	-30.0	-30.0	0.800000012	0.0799999982	4.0	1.57079637	126.0
3800.7190079996362	0.25	gratings	128.0	0.0	20.0	-10.0	10.0	0.800000012	0.0799999982	4.0	1.57079637	126.0
3800.984991999343	0.25	gratings	122.0	0.0	20.0	0.0	0.0	0.800000012	0.0799999982	4.0	1.57079637	126.0
3801.2519999993965	0.25	gratings	48.0	0.0	20.0	30.0	30.0	0.800000012	0.0799999982	4.0	0.0	126.0
3801.51900799945	0.25	gratings	54.0	0.0	20.0	20.0	-30.0	0.800000012	0.0799999982	4.0	0.785398185	126.0
3801.784992000088	0.25	gratings	60.0	0.0	20.0	10.0	-20.0	0.800000012	0.0799999982	4.0	0.785398185	126.0
3802.0519999992102	0.25	gratings	0.0	0.0	20.0	-30.0	-30.0	0.800000012	0.0799999982	4.0	0.0	126.0
3802.3190079992637	0.25	gratings	19.0	0.0	20.0	20.0	-10.0	0.800000012	0.0799999982	4.0	0.0	126.0
3802.586015999317	0.25	gratings	67.0	0.0	20.0	10.0	-10.0	0.800000012	0.0799999982	4.0	0.785398185	126.0
3802.8529920000583	0.25	gratings	99.0	0.0	20.0	-20.0	-30.0	0.800000012	0.0799999982	4.0	1.57079637	126.0
3803.1190080000088	0.25	gratings	67.0	0.0	20.0	10.0	-10.0	0.800000012	0.0799999982	4.0	0.785398185	126.0
3803.386016000062	0.25	gratings	123.0	0.0	20.0	10.0	0.0	0.800000012	0.0799999982	4.0	1.57079637	126.0
3803.652991999872	0.25	gratings	133.0	0.0	20.0	-30.0	20.0	0.800000012	0.0799999982	4.0	1.57079637	126.0
3803.9199999999255	0.25	gratings	24.0	0.0	20.0	0.0	0.0	0.800000012	0.0799999982	4.0	0.0	126.0
3804.187007999979	0.25	gratings	38.0	0.0	20.0	0.0	20.0	0.800000012	0.0799999982	4.0	0.0	126.0
3804.4529919996858	0.25	gratings	137.0	0.0	20.0	10.0	20.0	0.800000012	0.0799999982	4.0	1.57079637	126.0
3804.7199999997392	0.25	gratings	118.0	0.0	20.0	30.0	-10.0	0.800000012	0.0799999982	4.0	1.57079637	126.0
3804.9870079997927	0.25	gratings	8.0	0.0	20.0	-20.0	-20.0	0.800000012	0.0799999982	4.0	0.0	126.0
3805.2529919994995	0.25	gratings	70.0	0.0	20.0	-30.0	0.0	0.800000012	0.0799999982	4.0	0.785398185	126.0
3805.519999999553	0.25	gratings	94.0	0.0	20.0	0.0	30.0	0.800000012	0.0799999982	4.0	0.785398185	126.0
3805.7870079996064	0.25	gratings	73.0	0.0	20.0	0.0	0.0	0.800000012	0.0799999982	4.0	0.785398185	126.0
3806.05401599966	0.25	gratings	126.0	0.0	20.0	-30.0	10.0	0.800000012	0.0799999982	4.0	1.57079637	126.0
3806.3209919994697	0.25	gratings	51.0	0.0	20.0	-10.0	-30.0	0.800000012	0.0799999982	4.0	0.785398185	126.0
3806.58700799942	0.25	gratings	85.0	0.0	20.0	-20.0	20.0	0.800000012	0.0799999982	4.0	0.785398185	126.0
3806.8540159994736	0.25	gratings	37.0	0.0	20.0	-10.0	20.0	0.800000012	0.0799999982	4.0	0.0	126.0
3807.1209919992834	0.25	gratings	9.0	0.0	20.0	-10.0	-20.0	0.800000012	0.0799999982	4.0	0.0	126.0
3807.387007999234	0.25	gratings	108.0	0.0	20.0	0.0	-20.0	0.800000012	0.0799999982	4.0	1.57079637	126.0
3807.6540159992874	0.25	gratings	42.0	0.0	20.0	-30.0	30.0	0.800000012	0.0799999982	4.0	0.0	126.0
3807.9209920000285	0.25	gratings	81.0	0.0	20.0	10.0	10.0	0.800000012	0.0799999982	4.0	0.785398185	126.0
3808.187007999979	0.25	gratings	141.0	0.0	20.0	-20.0	30.0	0.800000012	0.0799999982	4.0	1.57079637	126.0
3808.4540160000324	0.25	gratings	75.0	0.0	20.0	20.0	0.0	0.800000012	0.0799999982	4.0	0.785398185	126.0
3808.720991999842	0.25	gratings	97.0	0.0	20.0	30.0	30.0	0.800000012	0.0799999982	4.0	0.785398185	126.0
3808.9870079997927	0.25	gratings	139.0	0.0	20.0	30.0	20.0	0.800000012	0.0799999982	4.0	1.57079637	126.0
3809.254015999846	0.25	gratings	16.0	0.0	20.0	-10.0	-10.0	0.800000012	0.0799999982	4.0	0.0	126.0
3809.520991999656	0.25	gratings	51.0	0.0	20.0	-10.0	-30.0	0.800000012	0.0799999982	4.0	0.785398185	126.0
3809.7879999997094	0.25	gratings	136.0	0.0	20.0	0.0	20.0	0.800000012	0.0799999982	4.0	1.57079637	126.0
3810.05401599966	0.25	gratings	109.0	0.0	20.0	10.0	-20.0	0.800000012	0.0799999982	4.0	1.57079637	-1.0
3810.3209919994697	0.25	gratings	95.0	0.0	20.0	10.0	30.0	0.800000012	0.0799999982	4.0	0.785398185	-1.0
3810.587999999523	0.25	gratings	141.0	0.0	20.0	-20.0	30.0	0.800000012	0.0799999982	4.0	1.57079637	-1.0
3810.8550079995766	0.25	gratings	125.0	0.0	20.0	30.0	0.0	0.800000012	0.0799999982	4.0	1.57079637	127.0
3811.12201599963	0.25	gratings	20.0	0.0	20.0	30.0	-10.0	0.800000012	0.0799999982	4.0	0.0	127.0
3811.38899199944	0.25	gratings	63.0	0.0	20.0	-30.0	-10.0	0.800000012	0.0799999982	4.0	0.785398185	127.0
3811.6550079993904	0.25	gratings	71.0	0.0	20.0	-20.0	0.0	0.800000012	0.0799999982	4.0	0.785398185	127.0
3811.922015999444	0.25	gratings	142.0	0.0	20.0	-10.0	30.0	0.800000012	0.0799999982	4.0	1.57079637	127.0
3812.188000000082	0.25	gratings	82.0	0.0	20.0	20.0	10.0	0.800000012	0.0799999982	4.0	0.785398185	127.0
3812.455007999204	0.25	gratings	33.0	0.0	20.0	20.0	10.0	0.800000012	0.0799999982	4.0	0.0	127.0
3812.7220159992576	0.25	gratings	86.0	0.0	20.0	-10.0	20.0	0.800000012	0.0799999982	4.0	0.785398185	127.0
3812.9889919999987	0.25	gratings	42.0	0.0	20.0	-30.0	30.0	0.800000012	0.0799999982	4.0	0.0	127.0
3813.255007999949	0.25	gratings	92.0	0.0	20.0	-20.0	30.0	0.800000012	0.0799999982	4.0	0.785398185	127.0
3813.5220160000026	0.25	gratings	68.0	0.0	20.0	20.0	-10.0	0.800000012	0.0799999982	4.0	0.785398185	127.0
3813.7889919998124	0.25	gratings	121.0	0.0	20.0	-10.0	0.0	0.800000012	0.0799999982	4.0	1.57079637	127.0
3814.055007999763	0.25	gratings	36.0	0.0	20.0	-20.0	20.0	0.800000012	0.0799999982	4.0	0.0	127.0
3814.3220159998164	0.25	gratings	54.0	0.0	20.0	20.0	-30.0	0.800000012	0.0799999982	4.0	0.785398185	127.0
3814.588991999626	0.25	gratings	132.0	0.0	20.0	30.0	10.0	0.800000012	0.0799999982	4.0	1.57079637	127.0
3814.8559999996796	0.25	gratings	134.0	0.0	20.0	-20.0	20.0	0.800000012	0.0799999982	4.0	1.57079637	127.0
3815.12201599963	0.25	gratings	133.0	0.0	20.0	-30.0	20.0	0.800000012	0.0799999982	4.0	1.57079637	127.0
3815.38899199944	0.25	gratings	132.0	0.0	20.0	30.0	10.0	0.800000012	0.0799999982	4.0	1.57079637	127.0
3815.6559999994934	0.25	gratings	129.0	0.0	20.0	0.0	10.0	0.800000012	0.0799999982	4.0	1.57079637	127.0
3815.922015999444	0.25	gratings	126.0	0.0	20.0	-30.0	10.0	0.800000012	0.0799999982	4.0	1.57079637	127.0
3816.1889919992536	0.25	gratings	130.0	0.0	20.0	10.0	10.0	0.800000012	0.0799999982	4.0	1.57079637	127.0
3816.455999999307	0.25	gratings	1.0	0.0	20.0	-20.0	-30.0	0.800000012	0.0799999982	4.0	0.0	127.0
3816.7230079993606	0.25	gratings	144.0	0.0	20.0	10.0	30.0	0.800000012	0.0799999982	4.0	1.57079637	127.0
3816.990015999414	0.25	gratings	64.0	0.0	20.0	-20.0	-10.0	0.800000012	0.0799999982	4.0	0.785398185	127.0
3817.256000000052	0.25	gratings	129.0	0.0	20.0	0.0	10.0	0.800000012	0.0799999982	4.0	1.57079637	127.0
3817.5230080001056	0.25	gratings	119.0	0.0	20.0	-30.0	0.0	0.800000012	0.0799999982	4.0	1.57079637	127.0
3817.7900159992278	0.25	gratings	56.0	0.0	20.0	-30.0	-20.0	0.800000012	0.0799999982	4.0	0.785398185	127.0
3818.055999999866	0.25	gratings	26.0	0.0	20.0	20.0	0.0	0.800000012	0.0799999982	4.0	0.0	127.0
3818.3240000000224	0.25	gratings	1.0	0.0	20.0	-20.0	-30.0	0.800000012	0.0799999982	4.0	0.0	127.0
3818.590015999973	0.25	gratings	139.0	0.0	20.0	30.0	20.0	0.800000012	0.0799999982	4.0	1.57079637	127.0
3818.8569919997826	0.25	gratings	34.0	0.0	20.0	30.0	10.0	0.800000012	0.0799999982	4.0	0.0	127.0
3819.13001600001	0.25	gratings	113.0	0.0	20.0	-20.0	-10.0	0.800000012	0.0799999982	4.0	1.57079637	127.0
3819.39699199982	0.25	gratings	25.0	0.0	20.0	10.0	0.0	0.800000012	0.0799999982	4.0	0.0	127.0
3819.6630079997703	0.25	gratings	64.0	0.0	20.0	-20.0	-10.0	0.800000012	0.0799999982	4.0	0.785398185	127.0
3819.930015999824	0.25	gratings	81.0	0.0	20.0	10.0	10.0	0.800000012	0.0799999982	4.0	0.785398185	127.0
3820.180991999805	0.25	gratings	145.0	0.0	20.0	20.0	30.0	0.800000012	0.0799999982	4.0	1.57079637	127.0
3820.4479999998584	0.25	gratings	94.0	0.0	20.0	0.0	30.0	0.800000012	0.0799999982	4.0	0.785398185	127.0
3820.714015999809	0.25	gratings	124.0	0.0	20.0	20.0	0.0	0.800000012	0.0799999982	4.0	1.57079637	127.0
3820.9809919996187	0.25	gratings	73.0	0.0	20.0	0.0	0.0	0.800000012	0.0799999982	4.0	0.785398185	127.0
3821.247007999569	0.25	gratings	31.0	0.0	20.0	0.0	10.0	0.800000012	0.0799999982	4.0	0.0	127.0
3821.5140159996226	0.25	gratings	28.0	0.0	20.0	-30.0	10.0	0.800000012	0.0799999982	4.0	0.0	127.0
3821.782015999779	0.25	gratings	143.0	0.0	20.0	0.0	30.0	0.800000012	0.0799999982	4.0	1.57079637	127.0
3822.047007999383	0.25	gratings	101.0	0.0	20.0	0.0	-30.0	0.800000012	0.0799999982	4.0	1.57079637	127.0
3822.3140159994364	0.25	gratings	81.0	0.0	20.0	10.0	10.0	0.800000012	0.0799999982	4.0	0.785398185	127.0
3822.580991999246	0.25	gratings	44.0	0.0	20.0	-10.0	30.0	0.800000012	0.0799999982	4.0	0.0	127.0
3822.847008000128	0.25	gratings	65.0	0.0	20.0	-10.0	-10.0	0.800000012	0.0799999982	4.0	0.785398185	127.0
3823.11401599925	0.25	gratings	36.0	0.0	20.0	-20.0	20.0	0.800000012	0.0799999982	4.0	0.0	127.0
3823.3809919999912	0.25	gratings	11.0	0.0	20.0	10.0	-20.0	0.800000012	0.0799999982	4.0	0.0	127.0
3823.6470079999417	0.25	gratings	65.0	0.0	20.0	-10.0	-10.0	0.800000012	0.0799999982	4.0	0.785398185	127.0
3823.914015999995	0.25	gratings	29.0	0.0	20.0	-20.0	10.0	0.800000012	0.0799999982	4.0	0.0	127.0
3824.180991999805	0.25	gratings	132.0	0.0	20.0	30.0	10.0	0.800000012	0.0799999982	4.0	1.57079637	127.0
3824.4470079997554	0.25	gratings	32.0	0.0	20.0	10.0	10.0	0.800000012	0.0799999982	4.0	0.0	127.0
3824.714015999809	0.25	gratings	42.0	0.0	20.0	-30.0	30.0	0.800000012	0.0799999982	4.0	0.0	127.0
3824.9809919996187	0.25	gratings	10.0	0.0	20.0	0.0	-20.0	0.800000012	0.0799999982	4.0	0.0	127.0
3825.247999999672	0.25	gratings	11.0	0.0	20.0	10.0	-20.0	0.800000012	0.0799999982	4.0	0.0	127.0
3825.5150079997256	0.25	gratings	80.0	0.0	20.0	0.0	10.0	0.800000012	0.0799999982	4.0	0.785398185	127.0
3825.782015999779	0.25	gratings	89.0	0.0	20.0	20.0	20.0	0.800000012	0.0799999982	4.0	0.785398185	127.0
3826.047999999486	0.25	gratings	34.0	0.0	20.0	30.0	10.0	0.800000012	0.0799999982	4.0	0.0	127.0
3826.3150079995394	0.25	gratings	82.0	0.0	20.0	20.0	10.0	0.800000012	0.0799999982	4.0	0.785398185	127.0
3826.582015999593	0.25	gratings	98.0	0.0	20.0	-30.0	-30.0	0.800000012	0.0799999982	4.0	1.57079637	127.0
3826.8489919994026	0.25	gratings	137.0	0.0	20.0	10.0	20.0	0.800000012	0.0799999982	4.0	1.57079637	127.0
3827.115007999353	0.25	gratings	92.0	0.0	20.0	-20.0	30.0	0.800000012	0.0799999982	4.0	0.785398185	127.0
3827.3820159994066	0.25	gratings	68.0	0.0	20.0	20.0	-10.0	0.800000012	0.0799999982	4.0	0.785398185	127.0
3827.6489919992164	0.25	gratings	53.0	0.0	20.0	10.0	-30.0	0.800000012	0.0799999982	4.0	0.785398185	127.0
3827.915008000098	0.25	gratings	72.0	0.0	20.0	-10.0	0.0	0.800000012	0.0799999982	4.0	0.785398185	127.0
3828.1820159992203	0.25	gratings	44.0	0.0	20.0	-10.0	30.0	0.800000012	0.0799999982	4.0	0.0	127.0
3828.4489919999614	0.25	gratings	35.0	0.0	20.0	-30.0	20.0	0.800000012	0.0799999982	4.0	0.0	127.0
3828.716000000015	0.25	gratings	95.0	0.0	20.0	10.0	30.0	0.800000012	0.0799999982	4.0	0.785398185	127.0
3828.9820159999654	0.25	gratings	22.0	0.0	20.0	-20.0	0.0	0.800000012	0.0799999982	4.0	0.0	127.0
3829.248991999775	0.25	gratings	70.0	0.0	20.0	-30.0	0.0	0.800000012	0.0799999982	4.0	0.785398185	127.0
3829.5159999998286	0.25	gratings	142.0	0.0	20.0	-10.0	30.0	0.800000012	0.0799999982	4.0	1.57079637	127.0
3829.783007999882	0.25	gratings	62.0	0.0	20.0	30.0	-20.0	0.800000012	0.0799999982	4.0	0.785398185	127.0
3830.048991999589	0.25	gratings	43.0	0.0	20.0	-20.0	30.0	0.800000012	0.0799999982	4.0	0.0	127.0
3830.3159999996424	0.25	gratings	107.0	0.0	20.0	-10.0	-20.0	0.800000012	0.0799999982	4.0	1.57079637	127.0
3830.583007999696	0.25	gratings	43.0	0.0	20.0	-20.0	30.0	0.800000012	0.0799999982	4.0	0.0	127.0
3830.8489919994026	0.25	gratings	12.0	0.0	20.0	20.0	-20.0	0.800000012	0.0799999982	4.0	0.0	127.0
3831.115999999456	0.25	gratings	74.0	0.0	20.0	10.0	0.0	0.800000012	0.0799999982	4.0	0.785398185	127.0
3831.3830079995096	0.25	gratings	111.0	0.0	20.0	30.0	-20.0	0.800000012	0.0799999982	4.0	1.57079637	127.0
3831.6489919992164	0.25	gratings	120.0	0.0	20.0	-20.0	0.0	0.800000012	0.0799999982	4.0	1.57079637	127.0
3831.91599999927	0.25	gratings	6.0	0.0	20.0	30.0	-30.0	0.800000012	0.0799999982	4.0	0.0	127.0
3832.1830079993233	0.25	gratings	143.0	0.0	20.0	0.0	30.0	0.800000012	0.0799999982	4.0	1.57079637	127.0
3832.4489919999614	0.25	gratings	62.0	0.0	20.0	30.0	-20.0	0.800000012	0.0799999982	4.0	0.785398185	127.0
3832.716000000015	0.25	gratings	117.0	0.0	20.0	20.0	-10.0	0.800000012	0.0799999982	4.0	1.57079637	127.0
3832.9830080000684	0.25	gratings	90.0	0.0	20.0	30.0	20.0	0.800000012	0.0799999982	4.0	0.785398185	127.0
3833.248991999775	0.25	gratings	145.0	0.0	20.0	20.0	30.0	0.800000012	0.0799999982	4.0	1.57079637	127.0
3833.5159999998286	0.25	gratings	81.0	0.0	20.0	10.0	10.0	0.800000012	0.0799999982	4.0	0.785398185	127.0
3833.783999999985	0.25	gratings	77.0	0.0	20.0	-30.0	10.0	0.800000012	0.0799999982	4.0	0.785398185	127.0
3834.0500159999356	0.25	gratings	97.0	0.0	20.0	30.0	30.0	0.800000012	0.0799999982	4.0	0.785398185	127.0
3834.3169919997454	0.25	gratings	76.0	0.0	20.0	30.0	0.0	0.800000012	0.0799999982	4.0	0.785398185	127.0
3834.583999999799	0.25	gratings	128.0	0.0	20.0	-10.0	10.0	0.800000012	0.0799999982	4.0	1.57079637	127.0
3834.8510079998523	0.25	gratings	76.0	0.0	20.0	30.0	0.0	0.800000012	0.0799999982	4.0	0.785398185	127.0
3835.116991999559	0.25	gratings	100.0	0.0	20.0	-10.0	-30.0	0.800000012	0.0799999982	4.0	1.57079637	127.0
3835.3839999996126	0.25	gratings	83.0	0.0	20.0	30.0	10.0	0.800000012	0.0799999982	4.0	0.785398185	127.0
3835.651007999666	0.25	gratings	139.0	0.0	20.0	30.0	20.0	0.800000012	0.0799999982	4.0	1.57079637	127.0
3835.916991999373	0.25	gratings	88.0	0.0	20.0	10.0	20.0	0.800000012	0.0799999982	4.0	0.785398185	127.0
3836.1839999994263	0.25	gratings	35.0	0.0	20.0	-30.0	20.0	0.800000012	0.0799999982	4.0	0.0	127.0
3836.4510079994798	0.25	gratings	52.0	0.0	20.0	0.0	-30.0	0.800000012	0.0799999982	4.0	0.785398185	127.0
3836.716992000118	0.25	gratings	48.0	0.0	20.0	30.0	30.0	0.800000012	0.0799999982	4.0	0.0	127.0
3836.98399999924	0.25	gratings	83.0	0.0	20.0	30.0	10.0	0.800000012	0.0799999982	4.0	0.785398185	127.0
3837.2519999993965	0.25	gratings	74.0	0.0	20.0	10.0	0.0	0.800000012	0.0799999982	4.0	0.785398185	127.0
3837.518015999347	0.25	gratings	99.0	0.0	20.0	-20.0	-30.0	0.800000012	0.0799999982	4.0	1.57079637	127.0
3837.784992000088	0.25	gratings	44.0	0.0	20.0	-10.0	30.0	0.800000012	0.0799999982	4.0	0.0	127.0
3838.0519999992102	0.25	gratings	44.0	0.0	20.0	-10.0	30.0	0.800000012	0.0799999982	4.0	0.0	127.0
3838.3190079992637	0.25	gratings	104.0	0.0	20.0	30.0	-30.0	0.800000012	0.0799999982	4.0	1.57079637	127.0
3838.584991999902	0.25	gratings	123.0	0.0	20.0	10.0	0.0	0.800000012	0.0799999982	4.0	1.57079637	127.0
3838.8519999999553	0.25	gratings	38.0	0.0	20.0	0.0	20.0	0.800000012	0.0799999982	4.0	0.0	127.0
3839.1190080000088	0.25	gratings	135.0	0.0	20.0	-10.0	20.0	0.800000012	0.0799999982	4.0	1.57079637	127.0
3839.386016000062	0.25	gratings	10.0	0.0	20.0	0.0	-20.0	0.800000012	0.0799999982	4.0	0.0	127.0
3839.652991999872	0.25	gratings	10.0	0.0	20.0	0.0	-20.0	0.800000012	0.0799999982	4.0	0.0	127.0
3839.9190079998225	0.25	gratings	118.0	0.0	20.0	30.0	-10.0	0.800000012	0.0799999982	4.0	1.57079637	127.0
3840.186015999876	0.25	gratings	46.0	0.0	20.0	10.0	30.0	0.800000012	0.0799999982	4.0	0.0	-1.0
3840.4529919996858	0.25	gratings	94.0	0.0	20.0	0.0	30.0	0.800000012	0.0799999982	4.0	0.785398185	-1.0
3840.7199999997392	0.25	gratings	22.0	0.0	20.0	-20.0	0.0	0.800000012	0.0799999982	4.0	0.0	128.0
3840.9870079997927	0.25	gratings	97.0	0.0	20.0	30.0	30.0	0.800000012	0.0799999982	4.0	0.785398185	128.0
3841.254015999846	0.25	gratings	144.0	0.0	20.0	10.0	30.0	0.800000012	0.0799999982	4.0	1.57079637	128.0
3841.520991999656	0.25	gratings	10.0	0.0	20.0	0.0	-20.0	0.800000012	0.0799999982	4.0	0.0	128.0
3841.7870079996064	0.25	gratings	57.0	0.0	20.0	-20.0	-20.0	0.800000012	0.0799999982	4.0	0.785398185	128.0
3842.05401599966	0.25	gratings	16.0	0.0	20.0	-10.0	-10.0	0.800000012	0.0799999982	4.0	0.0	128.0
3842.3209919994697	0.25	gratings	23.0	0.0	20.0	-10.0	0.0	0.800000012	0.0799999982	4.0	0.0	128.0
3842.587999999523	0.25	gratings	18.0	0.0	20.0	10.0	-10.0	0.800000012	0.0799999982	4.0	0.0	128.0
3842.8550079995766	0.25	gratings	1.0	0.0	20.0	-20.0	-30.0	0.800000012	0.0799999982	4.0	0.0	128.0
3843.12201599963	0.25	gratings	42.0	0.0	20.0	-30.0	30.0	0.800000012	0.0799999982	4.0	0.0	128.0
3843.387999999337	0.25	gratings	13.0	0.0	20.0	30.0	-20.0	0.800000012	0.0799999982	4.0	0.0	128.0
3843.6550079993904	0.25	gratings	112.0	0.0	20.0	-30.0	-10.0	0.800000012	0.0799999982	4.0	1.57079637	128.0
3843.922015999444	0.25	gratings	93.0	0.0	20.0	-10.0	30.0	0.800000012	0.0799999982	4.0	0.785398185	128.0
3844.1889919992536	0.25	gratings	137.0	0.0	20.0	10.0	20.0	0.800000012	0.0799999982	4.0	1.57079637	128.0
3844.45699199941	0.25	gratings	142.0	0.0	20.0	-10.0	30.0	0.800000012	0.0799999982	4.0	1.57079637	128.0
3844.7230079993606	0.25	gratings	49.0	0.0	20.0	-30.0	-30.0	0.800000012	0.0799999982	4.0	0.785398185	128.0
3844.990015999414	0.25	gratings	88.0	0.0	20.0	10.0	20.0	0.800000012	0.0799999982	4.0	0.785398185	128.0
3845.256991999224	0.25	gratings	71.0	0.0	20.0	-20.0	0.0	0.800000012	0.0799999982	4.0	0.785398185	128.0
3845.5230080001056	0.25	gratings	144.0	0.0	20.0	10.0	30.0	0.800000012	0.0799999982	4.0	1.57079637	128.0
3845.7910079993308	0.25	gratings	139.0	0.0	20.0	30.0	20.0	0.800000012	0.0799999982	4.0	1.57079637	128.0
3846.056991999969	0.25	gratings	62.0	0.0	20.0	30.0	-20.0	0.800000012	0.0799999982	4.0	0.785398185	128.0
3846.3240000000224	0.25	gratings	16.0	0.0	20.0	-10.0	-10.0	0.800000012	0.0799999982	4.0	0.0	128.0
3846.590015999973	0.25	gratings	89.0	0.0	20.0	20.0	20.0	0.800000012	0.0799999982	4.0	0.785398185	128.0
3846.8569919997826	0.25	gratings	9.0	0.0	20.0	-10.0	-20.0	0.800000012	0.0799999982	4.0	0.0	128.0
3847.123999999836	0.25	gratings	110.0	0.0	20.0	20.0	-20.0	0.800000012	0.0799999982	4.0	1.57079637	128.0
3847.3910079998896	0.25	gratings	129.0	0.0	20.0	0.0	10.0	0.800000012	0.0799999982	4.0	1.57079637	128.0
3847.658015999943	0.25	gratings	117.0	0.0	20.0	20.0	-10.0	0.800000012	0.0799999982	4.0	1.57079637	128.0
3847.92399999965	0.25	gratings	80.0	0.0	20.0	0.0	10.0	0.800000012	0.0799999982	4.0	0.785398185	128.0
3848.1910079997033	0.25	gratings	112.0	0.0	20.0	-30.0	-10.0	0.800000012	0.0799999982	4.0	1.57079637	128.0
3848.4580159997568	0.25	gratings	34.0	0.0	20.0	30.0	10.0	0.800000012	0.0799999982	4.0	0.0	128.0
3848.7239999994636	0.25	gratings	143.0	0.0	20.0	0.0	30.0	0.800000012	0.0799999982	4.0	1.57079637	128.0
3848.991007999517	0.25	gratings	72.0	0.0	20.0	-10.0	0.0	0.800000012	0.0799999982	4.0	0.785398185	128.0
3849.2580159995705	0.25	gratings	111.0	0.0	20.0	30.0	-20.0	0.800000012	0.0799999982	4.0	1.57079637	128.0
3849.5249919993803	0.25	gratings	143.0	0.0	20.0	0.0	30.0	0.800000012	0.0799999982	4.0	1.57079637	128.0
3849.7919999994338	0.25	gratings	120.0	0.0	20.0	-20.0	0.0	0.800000012	0.0799999982	4.0	1.57079637	128.0
3850.058015999384	0.25	gratings	66.0	0.0	20.0	0.0	-10.0	0.800000012	0.0799999982	4.0	0.785398185	128.0
3850.3249920001253	0.25	gratings	39.0	0.0	20.0	10.0	20.0	0.800000012	0.0799999982	4.0	0.0	128.0
3850.5919999992475	0.25	gratings	122.0	0.0	20.0	0.0	0.0	0.800000012	0.0799999982	4.0	1.57079637	128.0
3850.8580160001293	0.25	gratings	29.0	0.0	20.0	-20.0	10.0	0.800000012	0.0799999982	4.0	0.0	128.0
3851.124991999939	0.25	gratings	20.0	0.0	20.0	30.0	-10.0	0.800000012	0.0799999982	4.0	0.0	128.0
3851.3919999999925	0.25	gratings	37.0	0.0	20.0	-10.0	20.0	0.800000012	0.0799999982	4.0	0.0	128.0
3851.659008000046	0.25	gratings	145.0	0.0	20.0	20.0	30.0	0.800000012	0.0799999982	4.0	1.57079637	128.0
3851.9260160000995	0.25	gratings	73.0	0.0	20.0	0.0	0.0	0.800000012	0.0799999982	4.0	0.785398185	128.0
3852.1919999998063	0.25	gratings	52.0	0.0	20.0	0.0	-30.0	0.800000012	0.0799999982	4.0	0.785398185	128.0
3852.4590079998598	0.25	gratings	38.0	0.0	20.0	0.0	20.0	0.800000012	0.0799999982	4.0	0.0	128.0
3852.726015999913	0.25	gratings	34.0	0.0	20.0	30.0	10.0	0.800000012	0.0799999982	4.0	0.0	128.0
3852.99199999962	0.25	gratings	39.0	0.0	20.0	10.0	20.0	0.800000012	0.0799999982	4.0	0.0	128.0
3853.2590079996735	0.25	gratings	109.0	0.0	20.0	10.0	-20.0	0.800000012	0.0799999982	4.0	1.57079637	128.0
3853.526015999727	0.25	gratings	14.0	0.0	20.0	-30.0	-10.0	0.800000012	0.0799999982	4.0	0.0	128.0
3853.7919999994338	0.25	gratings	93.0	0.0	20.0	-10.0	30.0	0.800000012	0.0799999982	4.0	0.785398185	128.0
3854.05999999959	0.25	gratings	77.0	0.0	20.0	-30.0	10.0	0.800000012	0.0799999982	4.0	0.785398185	128.0
3854.3270079996437	0.25	gratings	20.0	0.0	20.0	30.0	-10.0	0.800000012	0.0799999982	4.0	0.0	128.0
3854.5929919993505	0.25	gratings	116.0	0.0	20.0	10.0	-10.0	0.800000012	0.0799999982	4.0	1.57079637	128.0
3854.859999999404	0.25	gratings	69.0	0.0	20.0	30.0	-10.0	0.800000012	0.0799999982	4.0	0.785398185	128.0
3855.1270079994574	0.25	gratings	77.0	0.0	20.0	-30.0	10.0	0.800000012	0.0799999982	4.0	0.785398185	128.0
3855.394015999511	0.25	gratings	137.0	0.0	20.0	10.0	20.0	0.800000012	0.0799999982	4.0	1.57079637	128.0
3855.6599999992177	0.25	gratings	6.0	0.0	20.0	30.0	-30.0	0.800000012	0.0799999982	4.0	0.0	128.0
3855.927007999271	0.25	gratings	46.0	0.0	20.0	10.0	30.0	0.800000012	0.0799999982	4.0	0.0	128.0
3856.1940159993246	0.25	gratings	7.0	0.0	20.0	-30.0	-20.0	0.800000012	0.0799999982	4.0	0.0	128.0
3856.4599999999627	0.25	gratings	127.0	0.0	20.0	-20.0	10.0	0.800000012	0.0799999982	4.0	1.57079637	128.0
3856.727008000016	0.25	gratings	53.0	0.0	20.0	10.0	-30.0	0.800000012	0.0799999982	4.0	0.785398185	128.0
3856.9940160000697	0.25	gratings	89.0	0.0	20.0	20.0	20.0	0.800000012	0.0799999982	4.0	0.785398185	128.0
3857.262015999295	0.25	gratings	133.0	0.0	20.0	-30.0	20.0	0.800000012	0.0799999982	4.0	1.57079637	128.0
3857.527999999933	0.25	gratings	123.0	0.0	20.0	10.0	0.0	0.800000012	0.0799999982	4.0	1.57079637	128.0
3857.7950079999864	0.25	gratings	70.0	0.0	20.0	-30.0	0.0	0.800000012	0.0799999982	4.0	0.785398185	128.0
3858.06201600004	0.25	gratings	59.0	0.0	20.0	0.0	-20.0	0.800000012	0.0799999982	4.0	0.785398185	128.0
3858.3279999997467	0.25	gratings	138.0	0.0	20.0	20.0	20.0	0.800000012	0.0799999982	4.0	1.57079637	128.0
3858.5950079998	0.25	gratings	5.0	0.0	20.0	20.0	-30.0	0.800000012	0.0799999982	4.0	0.0	128.0
3858.8620159998536	0.25	gratings	3.0	0.0	20.0	0.0	-30.0	0.800000012	0.0799999982	4.0	0.0	128.0
3859.1289919996634	0.25	gratings	130.0	0.0	20.0	10.0	10.0	0.800000012	0.0799999982	4.0	1.57079637	128.0
3859.395999999717	0.25	gratings	23.0	0.0	20.0	-10.0	0.0	0.800000012	0.0799999982	4.0	0.0	128.0
3859.6630079997703	0.25	gratings	32.0	0.0	20.0	10.0	10.0	0.800000012	0.0799999982	4.0	0.0	128.0
3859.930015999824	0.25	gratings	58.0	0.0	20.0	-10.0	-20.0	0.800000012	0.0799999982	4.0	0.785398185	128.0
3860.1969919996336	0.25	gratings	60.0	0.0	20.0	10.0	-20.0	0.800000012	0.0799999982	4.0	0.785398185	128.0
3860.463999999687	0.25	gratings	86.0	0.0	20.0	-10.0	20.0	0.800000012	0.0799999982	4.0	0.785398185	128.0
3860.7310079997405	0.25	gratings	10.0	0.0	20.0	0.0	-20.0	0.800000012	0.0799999982	4.0	0.0	128.0
3860.9969919994473	0.25	gratings	108.0	0.0	20.0	0.0	-20.0	0.800000012	0.0799999982	4.0	1.57079637	128.0
3861.263999999501	0.25	gratings	50.0	0.0	20.0	-20.0	-30.0	0.800000012	0.0799999982	4.0	0.785398185	128.0
3861.5310079995543	0.25	gratings	20.0	0.0	20.0	30.0	-10.0	0.800000012	0.0799999982	4.0	0.0	128.0
3861.796991999261	0.25	gratings	84.0	0.0	20.0	-30.0	20.0	0.800000012	0.0799999982	4.0	0.785398185	128.0
3862.047007999383	0.25	gratings	93.0	0.0	20.0	-10.0	30.0	0.800000012	0.0799999982	4.0	0.785398185	128.0
3862.3150079995394	0.25	gratings	51.0	0.0	20.0	-10.0	-30.0	0.800000012	0.0799999982	4.0	0.785398185	128.0
3862.580991999246	0.25	gratings	77.0	0.0	20.0	-30.0	10.0	0.800000012	0.0799999982	4.0	0.785398185	128.0
3862.8479999992996	0.25	gratings	6.0	0.0	20.0	30.0	-30.0	0.800000012	0.0799999982	4.0	0.0	128.0
3863.115007999353	0.25	gratings	47.0	0.0	20.0	20.0	30.0	0.800000012	0.0799999982	4.0	0.0	128.0
3863.3809919999912	0.25	gratings	39.0	0.0	20.0	10.0	20.0	0.800000012	0.0799999982	4.0	0.0	128.0
3863.648031999357	0.25	gratings	34.0	0.0	20.0	30.0	10.0	0.800000012	0.0799999982	4.0	0.0	128.0
3863.915008000098	0.25	gratings	115.0	0.0	20.0	0.0	-10.0	0.800000012	0.0799999982	4.0	1.57079637	128.0
3864.180991999805	0.25	gratings	87.0	0.0	20.0	0.0	20.0	0.800000012	0.0799999982	4.0	0.785398185	128.0
3864.4479999998584	0.25	gratings	64.0	0.0	20.0	-20.0	-10.0	0.800000012	0.0799999982	4.0	0.785398185	128.0
3864.715007999912	0.25	gratings	45.0	0.0	20.0	0.0	30.0	0.800000012	0.0799999982	4.0	0.0	128.0
3864.9809919996187	0.25	gratings	85.0	0.0	20.0	-20.0	20.0	0.800000012	0.0799999982	4.0	0.785398185	128.0
3865.247999999672	0.25	gratings	47.0	0.0	20.0	20.0	30.0	0.800000012	0.0799999982	4.0	0.0	128.0
3865.5150079997256	0.25	gratings	107.0	0.0	20.0	-10.0	-20.0	0.800000012	0.0799999982	4.0	1.57079637	128.0
3865.783007999882	0.25	gratings	85.0	0.0	20.0	-20.0	20.0	0.800000012	0.0799999982	4.0	0.785398185	128.0
3866.048991999589	0.25	gratings	142.0	0.0	20.0	-10.0	30.0	0.800000012	0.0799999982	4.0	1.57079637	128.0
3866.3159999996424	0.25	gratings	27.0	0.0	20.0	30.0	0.0	0.800000012	0.0799999982	4.0	0.0	128.0
3866.583007999696	0.25	gratings	122.0	0.0	20.0	0.0	0.0	0.800000012	0.0799999982	4.0	1.57079637	128.0
3866.8489919994026	0.25	gratings	90.0	0.0	20.0	30.0	20.0	0.800000012	0.0799999982	4.0	0.785398185	128.0
3867.115999999456	0.25	gratings	84.0	0.0	20.0	-30.0	20.0	0.800000012	0.0799999982	4.0	0.785398185	128.0
3867.3830079995096	0.25	gratings	70.0	0.0	20.0	-30.0	0.0	0.800000012	0.0799999982	4.0	0.785398185	128.0
3867.6489919992164	0.25	gratings	22.0	0.0	20.0	-20.0	0.0	0.800000012	0.0799999982	4.0	0.0	128.0
3867.91599999927	0.25	gratings	140.0	0.0	20.0	-30.0	30.0	0.800000012	0.0799999982	4.0	1.57079637	128.0
3868.1830079993233	0.25	gratings	46.0	0.0	20.0	10.0	30.0	0.800000012	0.0799999982	4.0	0.0	128.0
3868.4489919999614	0.25	gratings	113.0	0.0	20.0	-20.0	-10.0	0.800000012	0.0799999982	4.0	1.57079637	128.0
3868.716000000015	0.25	gratings	44.0	0.0	20.0	-10.0	30.0	0.800000012	0.0799999982	4.0	0.0	128.0
3868.9830080000684	0.25	gratings	91.0	0.0	20.0	-30.0	30.0	0.800000012	0.0799999982	4.0	0.785398185	128.0
3869.2510079992935	0.25	gratings	90.0	0.0	20.0	30.0	20.0	0.800000012	0.0799999982	4.0	0.785398185	128.0
3869.5169919999316	0.25	gratings	104.0	0.0	20.0	30.0	-30.0	0.800000012	0.0799999982	4.0	1.57079637	128.0
3869.783999999985	0.25	gratings	37.0	0.0	20.0	-10.0	20.0	0.800000012	0.0799999982	4.0	0.0	128.0
3870.0510080000386	0.25	gratings	5.0	0.0	20.0	20.0	-30.0	0.800000012	0.0799999982	4.0	0.0	-1.0
3870.3169919997454	0.25	gratings	72.0	0.0	20.0	-10.0	0.0	0.800000012	0.0799999982	4.0	0.785398185	-1.0
3870.584991999902	0.25	gratings	0.0	0.0	20.0	-30.0	-30.0	0.800000012	0.0799999982	4.0	0.0	-1.0
3870.8510079998523	0.25	gratings	130.0	0.0	20.0	10.0	10.0	0.800000012	0.0799999982	4.0	1.57079637	129.0
3871.1180159999058	0.25	gratings	74.0	0.0	20.0	10.0	0.0	0.800000012	0.0799999982	4.0	0.785398185	129.0
3871.3849919997156	0.25	gratings	82.0	0.0	20.0	20.0	10.0	0.800000012	0.0799999982	4.0	0.785398185	129.0
3871.651999999769	0.25	gratings	102.0	0.0	20.0	10.0	-30.0	0.800000012	0.0799999982	4.0	1.57079637	129.0
3871.9180159997195	0.25	gratings	144.0	0.0	20.0	10.0	30.0	0.800000012	0.0799999982	4.0	1.57079637	129.0
3872.1849919995293	0.25	gratings	90.0	0.0	20.0	30.0	20.0	0.800000012	0.0799999982	4.0	0.785398185	129.0
3872.4519999995828	0.25	gratings	28.0	0.0	20.0	-30.0	10.0	0.800000012	0.0799999982	4.0	0.0	129.0
3872.7190079996362	0.25	gratings	116.0	0.0	20.0	10.0	-10.0	0.800000012	0.0799999982	4.0	1.57079637	129.0
3872.9860159996897	0.25	gratings	135.0	0.0	20.0	-10.0	20.0	0.800000012	0.0799999982	4.0	1.57079637	129.0
3873.2529919994995	0.25	gratings	56.0	0.0	20.0	-30.0	-20.0	0.800000012	0.0799999982	4.0	0.785398185	129.0
3873.519999999553	0.25	gratings	135.0	0.0	20.0	-10.0	20.0	0.800000012	0.0799999982	4.0	1.57079637	129.0
3873.7860159995034	0.25	gratings	57.0	0.0	20.0	-20.0	-20.0	0.800000012	0.0799999982	4.0	0.785398185	129.0
3874.0529919993132	0.25	gratings	37.0	0.0	20.0	-10.0	20.0	0.800000012	0.0799999982	4.0	0.0	129.0
3874.3199999993667	0.25	gratings	86.0	0.0	20.0	-10.0	20.0	0.800000012	0.0799999982	4.0	0.785398185	129.0
3874.586015999317	0.25	gratings	37.0	0.0	20.0	-10.0	20.0	0.800000012	0.0799999982	4.0	0.0	129.0
3874.8529920000583	0.25	gratings	23.0	0.0	20.0	-10.0	0.0	0.800000012	0.0799999982	4.0	0.0	129.0
3875.1200000001118	0.25	gratings	18.0	0.0	20.0	10.0	-10.0	0.800000012	0.0799999982	4.0	0.0	129.0
3875.387007999234	0.25	gratings	86.0	0.0	20.0	-10.0	20.0	0.800000012	0.0799999982	4.0	0.785398185	129.0
3875.652991999872	0.25	gratings	109.0	0.0	20.0	10.0	-20.0	0.800000012	0.0799999982	4.0	1.57079637	129.0
3875.9199999999255	0.25	gratings	7.0	0.0	20.0	-30.0	-20.0	0.800000012	0.0799999982	4.0	0.0	129.0
3876.187007999979	0.25	gratings	100.0	0.0	20.0	-10.0	-30.0	0.800000012	0.0799999982	4.0	1.57079637	129.0
3876.4529919996858	0.25	gratings	117.0	0.0	20.0	20.0	-10.0	0.800000012	0.0799999982	4.0	1.57079637	129.0
3876.7199999997392	0.25	gratings	34.0	0.0	20.0	30.0	10.0	0.800000012	0.0799999982	4.0	0.0	129.0
3876.9870079997927	0.25	gratings	110.0	0.0	20.0	20.0	-20.0	0.800000012	0.0799999982	4.0	1.57079637	129.0
3877.254015999846	0.25	gratings	110.0	0.0	20.0	20.0	-20.0	0.800000012	0.0799999982	4.0	1.57079637	129.0
3877.519999999553	0.25	gratings	128.0	0.0	20.0	-10.0	10.0	0.800000012	0.0799999982	4.0	1.57079637	129.0
3877.7870079996064	0.25	gratings	57.0	0.0	20.0	-20.0	-20.0	0.800000012	0.0799999982	4.0	0.785398185	129.0
3878.05401599966	0.25	gratings	76.0	0.0	20.0	30.0	0.0	0.800000012	0.0799999982	4.0	0.785398185	129.0
3878.3209919994697	0.25	gratings	107.0	0.0	20.0	-10.0	-20.0	0.800000012	0.0799999982	4.0	1.57079637	129.0
3878.587999999523	0.25	gratings	127.0	0.0	20.0	-20.0	10.0	0.800000012	0.0799999982	4.0	1.57079637	129.0
3878.8550079995766	0.25	gratings	12.0	0.0	20.0	20.0	-20.0	0.800000012	0.0799999982	4.0	0.0	129.0
3879.1209919992834	0.25	gratings	146.0	0.0	20.0	30.0	30.0	0.800000012	0.0799999982	4.0	1.57079637	129.0
3879.387999999337	0.25	gratings	11.0	0.0	20.0	10.0	-20.0	0.800000012	0.0799999982	4.0	0.0	129.0
3879.6550079993904	0.25	gratings	16.0	0.0	20.0	-10.0	-10.0	0.800000012	0.0799999982	4.0	0.0	129.0
3879.9209920000285	0.25	gratings	21.0	0.0	20.0	-30.0	0.0	0.800000012	0.0799999982	4.0	0.0	129.0
3880.1889919992536	0.25	gratings	78.0	0.0	20.0	-20.0	10.0	0.800000012	0.0799999982	4.0	0.785398185	129.0
3880.455007999204	0.25	gratings	134.0	0.0	20.0	-20.0	20.0	0.800000012	0.0799999982	4.0	1.57079637	129.0
3880.7220159992576	0.25	gratings	47.0	0.0	20.0	20.0	30.0	0.800000012	0.0799999982	4.0	0.0	129.0
3880.9889919999987	0.25	gratings	4.0	0.0	20.0	10.0	-30.0	0.800000012	0.0799999982	4.0	0.0	129.0
3881.255007999949	0.25	gratings	35.0	0.0	20.0	-30.0	20.0	0.800000012	0.0799999982	4.0	0.0	129.0
3881.5220160000026	0.25	gratings	123.0	0.0	20.0	10.0	0.0	0.800000012	0.0799999982	4.0	1.57079637	129.0
3881.7879999997094	0.25	gratings	90.0	0.0	20.0	30.0	20.0	0.800000012	0.0799999982	4.0	0.785398185	129.0
3882.055007999763	0.25	gratings	77.0	0.0	20.0	-30.0	10.0	0.800000012	0.0799999982	4.0	0.785398185	129.0
3882.3220159998164	0.25	gratings	74.0	0.0	20.0	10.0	0.0	0.800000012	0.0799999982	4.0	0.785398185	129.0
3882.588991999626	0.25	gratings	65.0	0.0	20.0	-10.0	-10.0	0.800000012	0.0799999982	4.0	0.785398185	129.0
3882.8550079995766	0.25	gratings	36.0	0.0	20.0	-20.0	20.0	0.800000012	0.0799999982	4.0	0.0	129.0
3883.12201599963	0.25	gratings	129.0	0.0	20.0	0.0	10.0	0.800000012	0.0799999982	4.0	1.57079637	129.0
3883.38899199944	0.25	gratings	51.0	0.0	20.0	-10.0	-30.0	0.800000012	0.0799999982	4.0	0.785398185	129.0
3883.6559999994934	0.25	gratings	59.0	0.0	20.0	0.0	-20.0	0.800000012	0.0799999982	4.0	0.785398185	129.0
3883.923007999547	0.25	gratings	39.0	0.0	20.0	10.0	20.0	0.800000012	0.0799999982	4.0	0.0	129.0
3884.1900159996003	0.25	gratings	64.0	0.0	20.0	-20.0	-10.0	0.800000012	0.0799999982	4.0	0.785398185	129.0
3884.455999999307	0.25	gratings	54.0	0.0	20.0	20.0	-30.0	0.800000012	0.0799999982	4.0	0.785398185	129.0
3884.7230079993606	0.25	gratings	79.0	0.0	20.0	-10.0	10.0	0.800000012	0.0799999982	4.0	0.785398185	129.0
3884.990015999414	0.25	gratings	14.0	0.0	20.0	-30.0	-10.0	0.800000012	0.0799999982	4.0	0.0	129.0
3885.256991999224	0.25	gratings	64.0	0.0	20.0	-20.0	-10.0	0.800000012	0.0799999982	4.0	0.785398185	129.0
3885.5239999992773	0.25	gratings	45.0	0.0	20.0	0.0	30.0	0.800000012	0.0799999982	4.0	0.0	129.0
3885.7919999994338	0.25	gratings	28.0	0.0	20.0	-30.0	10.0	0.800000012	0.0799999982	4.0	0.0	129.0
3886.058015999384	0.25	gratings	8.0	0.0	20.0	-20.0	-20.0	0.800000012	0.0799999982	4.0	0.0	129.0
3886.3249920001253	0.25	gratings	12.0	0.0	20.0	20.0	-20.0	0.800000012	0.0799999982	4.0	0.0	129.0
3886.5919999992475	0.25	gratings	116.0	0.0	20.0	10.0	-10.0	0.800000012	0.0799999982	4.0	1.57079637	129.0
3886.8580160001293	0.25	gratings	114.0	0.0	20.0	-10.0	-10.0	0.800000012	0.0799999982	4.0	1.57079637	129.0
3887.124991999939	0.25	gratings	145.0	0.0	20.0	20.0	30.0	0.800000012	0.0799999982	4.0	1.57079637	129.0
3887.3919999999925	0.25	gratings	123.0	0.0	20.0	10.0	0.0	0.800000012	0.0799999982	4.0	1.57079637	129.0
3887.658015999943	0.25	gratings	66.0	0.0	20.0	0.0	-10.0	0.800000012	0.0799999982	4.0	0.785398185	129.0
3887.924991999753	0.25	gratings	133.0	0.0	20.0	-30.0	20.0	0.800000012	0.0799999982	4.0	1.57079637	129.0
3888.1919999998063	0.25	gratings	122.0	0.0	20.0	0.0	0.0	0.800000012	0.0799999982	4.0	1.57079637	129.0
3888.4580159997568	0.25	gratings	100.0	0.0	20.0	-10.0	-30.0	0.800000012	0.0799999982	4.0	1.57079637	129.0
3888.7249919995666	0.25	gratings	39.0	0.0	20.0	10.0	20.0	0.800000012	0.0799999982	4.0	0.0	129.0
3888.99199999962	0.25	gratings	62.0	0.0	20.0	30.0	-20.0	0.800000012	0.0799999982	4.0	0.785398185	129.0
3889.2580159995705	0.25	gratings	111.0	0.0	20.0	30.0	-20.0	0.800000012	0.0799999982	4.0	1.57079637	129.0
3889.5249919993803	0.25	gratings	119.0	0.0	20.0	-30.0	0.0	0.800000012	0.0799999982	4.0	1.57079637	129.0
3889.7919999994338	0.25	gratings	89.0	0.0	20.0	20.0	20.0	0.800000012	0.0799999982	4.0	0.785398185	129.0
3890.05999999959	0.25	gratings	46.0	0.0	20.0	10.0	30.0	0.800000012	0.0799999982	4.0	0.0	129.0
3890.3260159995407	0.25	gratings	79.0	0.0	20.0	-10.0	10.0	0.800000012	0.0799999982	4.0	0.785398185	129.0
3890.5929919993505	0.25	gratings	23.0	0.0	20.0	-10.0	0.0	0.800000012	0.0799999982	4.0	0.0	129.0
3890.859999999404	0.25	gratings	58.0	0.0	20.0	-10.0	-20.0	0.800000012	0.0799999982	4.0	0.785398185	129.0
3891.1260159993544	0.25	gratings	41.0	0.0	20.0	30.0	20.0	0.800000012	0.0799999982	4.0	0.0	129.0
3891.3929920000955	0.25	gratings	68.0	0.0	20.0	20.0	-10.0	0.800000012	0.0799999982	4.0	0.785398185	129.0
3891.6599999992177	0.25	gratings	138.0	0.0	20.0	20.0	20.0	0.800000012	0.0799999982	4.0	1.57079637	129.0
3891.9260160000995	0.25	gratings	5.0	0.0	20.0	20.0	-30.0	0.800000012	0.0799999982	4.0	0.0	129.0
3892.1929919999093	0.25	gratings	129.0	0.0	20.0	0.0	10.0	0.800000012	0.0799999982	4.0	1.57079637	129.0
3892.4599999999627	0.25	gratings	35.0	0.0	20.0	-30.0	20.0	0.800000012	0.0799999982	4.0	0.0	129.0
3892.727008000016	0.25	gratings	96.0	0.0	20.0	20.0	30.0	0.800000012	0.0799999982	4.0	0.785398185	129.0
3892.992991999723	0.25	gratings	62.0	0.0	20.0	30.0	-20.0	0.800000012	0.0799999982	4.0	0.785398185	129.0
3893.2599999997765	0.25	gratings	27.0	0.0	20.0	30.0	0.0	0.800000012	0.0799999982	4.0	0.0	129.0
3893.52700799983	0.25	gratings	41.0	0.0	20.0	30.0	20.0	0.800000012	0.0799999982	4.0	0.0	129.0
3893.7940159998834	0.25	gratings	126.0	0.0	20.0	-30.0	10.0	0.800000012	0.0799999982	4.0	1.57079637	129.0
3894.060991999693	0.25	gratings	134.0	0.0	20.0	-20.0	20.0	0.800000012	0.0799999982	4.0	1.57079637	129.0
3894.3279999997467	0.25	gratings	36.0	0.0	20.0	-20.0	20.0	0.800000012	0.0799999982	4.0	0.0	129.0
3894.594015999697	0.25	gratings	93.0	0.0	20.0	-10.0	30.0	0.800000012	0.0799999982	4.0	0.785398185	129.0
3894.860991999507	0.25	gratings	120.0	0.0	20.0	-20.0	0.0	0.800000012	0.0799999982	4.0	1.57079637	129.0
3895.1279999995604	0.25	gratings	95.0	0.0	20.0	10.0	30.0	0.800000012	0.0799999982	4.0	0.785398185	129.0
3895.394015999511	0.25	gratings	102.0	0.0	20.0	10.0	-30.0	0.800000012	0.0799999982	4.0	1.57079637	129.0
3895.6609919993207	0.25	gratings	143.0	0.0	20.0	0.0	30.0	0.800000012	0.0799999982	4.0	1.57079637	129.0
3895.927999999374	0.25	gratings	104.0	0.0	20.0	30.0	-30.0	0.800000012	0.0799999982	4.0	1.57079637	129.0
3896.1940159993246	0.25	gratings	128.0	0.0	20.0	-10.0	10.0	0.800000012	0.0799999982	4.0	1.57079637	129.0
3896.4609920000657	0.25	gratings	92.0	0.0	20.0	-20.0	30.0	0.800000012	0.0799999982	4.0	0.785398185	129.0
3896.728000000119	0.25	gratings	103.0	0.0	20.0	20.0	-30.0	0.800000012	0.0799999982	4.0	1.57079637	129.0
3896.9940160000697	0.25	gratings	124.0	0.0	20.0	20.0	0.0	0.800000012	0.0799999982	4.0	1.57079637	129.0
3897.2609919998795	0.25	gratings	12.0	0.0	20.0	20.0	-20.0	0.800000012	0.0799999982	4.0	0.0	129.0
3897.527999999933	0.25	gratings	15.0	0.0	20.0	-20.0	-10.0	0.800000012	0.0799999982	4.0	0.0	129.0
3897.7950079999864	0.25	gratings	96.0	0.0	20.0	20.0	30.0	0.800000012	0.0799999982	4.0	0.785398185	129.0
3898.060991999693	0.25	gratings	13.0	0.0	20.0	30.0	-20.0	0.800000012	0.0799999982	4.0	0.0	129.0
3898.3279999997467	0.25	gratings	133.0	0.0	20.0	-30.0	20.0	0.800000012	0.0799999982	4.0	1.57079637	129.0
3898.5950079998	0.25	gratings	124.0	0.0	20.0	20.0	0.0	0.800000012	0.0799999982	4.0	1.57079637	129.0
3898.860991999507	0.25	gratings	57.0	0.0	20.0	-20.0	-20.0	0.800000012	0.0799999982	4.0	0.785398185	129.0
3899.1279999995604	0.25	gratings	31.0	0.0	20.0	0.0	10.0	0.800000012	0.0799999982	4.0	0.0	129.0
3899.395007999614	0.25	gratings	102.0	0.0	20.0	10.0	-30.0	0.800000012	0.0799999982	4.0	1.57079637	129.0
3899.6609919993207	0.25	gratings	95.0	0.0	20.0	10.0	30.0	0.800000012	0.0799999982	4.0	0.785398185	129.0
3899.928991999477	0.25	gratings	128.0	0.0	20.0	-10.0	10.0	0.800000012	0.0799999982	4.0	1.57079637	129.0
3900.1959999995306	0.25	gratings	133.0	0.0	20.0	-30.0	20.0	0.800000012	0.0799999982	4.0	1.57079637	-1.0
3900.462015999481	0.25	gratings	46.0	0.0	20.0	10.0	30.0	0.800000012	0.0799999982	4.0	0.0	-1.0
3900.728991999291	0.25	gratings	136.0	0.0	20.0	0.0	20.0	0.800000012	0.0799999982	4.0	1.57079637	130.0
3900.9959999993443	0.25	gratings	40.0	0.0	20.0	20.0	20.0	0.800000012	0.0799999982	4.0	0.0	130.0
3901.262015999295	0.25	gratings	97.0	0.0	20.0	30.0	30.0	0.800000012	0.0799999982	4.0	0.785398185	130.0
3901.5300159994513	0.25	gratings	91.0	0.0	20.0	-30.0	30.0	0.800000012	0.0799999982	4.0	0.785398185	130.0
3901.7960000000894	0.25	gratings	144.0	0.0	20.0	10.0	30.0	0.800000012	0.0799999982	4.0	1.57079637	130.0
3902.0630079992115	0.25	gratings	98.0	0.0	20.0	-30.0	-30.0	0.800000012	0.0799999982	4.0	1.57079637	130.0
3902.330015999265	0.25	gratings	53.0	0.0	20.0	10.0	-30.0	0.800000012	0.0799999982	4.0	0.785398185	130.0
3902.595999999903	0.25	gratings	141.0	0.0	20.0	-20.0	30.0	0.800000012	0.0799999982	4.0	1.57079637	130.0
3902.8630079999566	0.25	gratings	111.0	0.0	20.0	30.0	-20.0	0.800000012	0.0799999982	4.0	1.57079637	130.0
3903.13001600001	0.25	gratings	0.0	0.0	20.0	-30.0	-30.0	0.800000012	0.0799999982	4.0	0.0	130.0
3903.395999999717	0.25	gratings	131.0	0.0	20.0	20.0	10.0	0.800000012	0.0799999982	4.0	1.57079637	130.0
3903.6630079997703	0.25	gratings	142.0	0.0	20.0	-10.0	30.0	0.800000012	0.0799999982	4.0	1.57079637	130.0
3903.930015999824	0.25	gratings	47.0	0.0	20.0	20.0	30.0	0.800000012	0.0799999982	4.0	0.0	130.0
3904.1969919996336	0.25	gratings	136.0	0.0	20.0	0.0	20.0	0.800000012	0.0799999982	4.0	1.57079637	130.0
3904.463999999687	0.25	gratings	43.0	0.0	20.0	-20.0	30.0	0.800000012	0.0799999982	4.0	0.0	130.0
3904.7300159996375	0.25	gratings	25.0	0.0	20.0	10.0	0.0	0.800000012	0.0799999982	4.0	0.0	130.0
3904.9969919994473	0.25	gratings	127.0	0.0	20.0	-20.0	10.0	0.800000012	0.0799999982	4.0	1.57079637	130.0
3905.247999999672	0.25	gratings	134.0	0.0	20.0	-20.0	20.0	0.800000012	0.0799999982	4.0	1.57079637	130.0
3905.5150079997256	0.25	gratings	132.0	0.0	20.0	30.0	10.0	0.800000012	0.0799999982	4.0	1.57079637	130.0
3905.7809919994324	0.25	gratings	36.0	0.0	20.0	-20.0	20.0	0.800000012	0.0799999982	4.0	0.0	130.0
3906.047999999486	0.25	gratings	109.0	0.0	20.0	10.0	-20.0	0.800000012	0.0799999982	4.0	1.57079637	130.0
3906.3150079995394	0.25	gratings	65.0	0.0	20.0	-10.0	-10.0	0.800000012	0.0799999982	4.0	0.785398185	130.0
3906.580991999246	0.25	gratings	25.0	0.0	20.0	10.0	0.0	0.800000012	0.0799999982	4.0	0.0	130.0
3906.8479999992996	0.25	gratings	20.0	0.0	20.0	30.0	-10.0	0.800000012	0.0799999982	4.0	0.0	130.0
3907.115007999353	0.25	gratings	140.0	0.0	20.0	-30.0	30.0	0.800000012	0.0799999982	4.0	1.57079637	130.0
3907.3820159994066	0.25	gratings	16.0	0.0	20.0	-10.0	-10.0	0.800000012	0.0799999982	4.0	0.0	130.0
3907.6489919992164	0.25	gratings	29.0	0.0	20.0	-20.0	10.0	0.800000012	0.0799999982	4.0	0.0	130.0
3907.91599999927	0.25	gratings	101.0	0.0	20.0	0.0	-30.0	0.800000012	0.0799999982	4.0	1.57079637	130.0
3908.1820159992203	0.25	gratings	134.0	0.0	20.0	-20.0	20.0	0.800000012	0.0799999982	4.0	1.57079637	130.0
3908.4489919999614	0.25	gratings	0.0	0.0	20.0	-30.0	-30.0	0.800000012	0.0799999982	4.0	0.0	130.0
3908.716000000015	0.25	gratings	68.0	0.0	20.0	20.0	-10.0	0.800000012	0.0799999982	4.0	0.785398185	130.0
3908.9830080000684	0.25	gratings	129.0	0.0	20.0	0.0	10.0	0.800000012	0.0799999982	4.0	1.57079637	130.0
3909.250016000122	0.25	gratings	119.0	0.0	20.0	-30.0	0.0	0.800000012	0.0799999982	4.0	1.57079637	130.0
3909.5169919999316	0.25	gratings	7.0	0.0	20.0	-30.0	-20.0	0.800000012	0.0799999982	4.0	0.0	130.0
3909.783007999882	0.25	gratings	26.0	0.0	20.0	20.0	0.0	0.800000012	0.0799999982	4.0	0.0	130.0
3910.0500159999356	0.25	gratings	96.0	0.0	20.0	20.0	30.0	0.800000012	0.0799999982	4.0	0.785398185	130.0
3910.3169919997454	0.25	gratings	91.0	0.0	20.0	-30.0	30.0	0.800000012	0.0799999982	4.0	0.785398185	130.0
3910.583999999799	0.25	gratings	129.0	0.0	20.0	0.0	10.0	0.800000012	0.0799999982	4.0	1.57079637	130.0
3910.8500159997493	0.25	gratings	135.0	0.0	20.0	-10.0	20.0	0.800000012	0.0799999982	4.0	1.57079637	130.0
3911.116991999559	0.25	gratings	97.0	0.0	20.0	30.0	30.0	0.800000012	0.0799999982	4.0	0.785398185	130.0
3911.3839999996126	0.25	gratings	13.0	0.0	20.0	30.0	-20.0	0.800000012	0.0799999982	4.0	0.0	130.0
3911.651999999769	0.25	gratings	92.0	0.0	20.0	-20.0	30.0	0.800000012	0.0799999982	4.0	0.785398185	130.0
3911.9180159997195	0.25	gratings	89.0	0.0	20.0	20.0	20.0	0.800000012	0.0799999982	4.0	0.785398185	130.0
3912.1849919995293	0.25	gratings	5.0	0.0	20.0	20.0	-30.0	0.800000012	0.0799999982	4.0	0.0	130.0
3912.4519999995828	0.25	gratings	15.0	0.0	20.0	-20.0	-10.0	0.800000012	0.0799999982	4.0	0.0	130.0
3912.7190079996362	0.25	gratings	81.0	0.0	20.0	10.0	10.0	0.800000012	0.0799999982	4.0	0.785398185	130.0
3912.984991999343	0.25	gratings	28.0	0.0	20.0	-30.0	10.0	0.800000012	0.0799999982	4.0	0.0	130.0
3913.2529919994995	0.25	gratings	27.0	0.0	20.0	30.0	0.0	0.800000012	0.0799999982	4.0	0.0	130.0
3913.519999999553	0.25	gratings	41.0	0.0	20.0	30.0	20.0	0.800000012	0.0799999982	4.0	0.0	130.0
3913.7870079996064	0.25	gratings	39.0	0.0	20.0	10.0	20.0	0.800000012	0.0799999982	4.0	0.0	130.0
3914.05401599966	0.25	gratings	9.0	0.0	20.0	-10.0	-20.0	0.800000012	0.0799999982	4.0	0.0	130.0
3914.3199999993667	0.25	gratings	31.0	0.0	20.0	0.0	10.0	0.800000012	0.0799999982	4.0	0.0	130.0
3914.58700799942	0.25	gratings	93.0	0.0	20.0	-10.0	30.0	0.800000012	0.0799999982	4.0	0.785398185	130.0
3914.8540159994736	0.25	gratings	75.0	0.0	20.0	20.0	0.0	0.800000012	0.0799999982	4.0	0.785398185	130.0
3915.1209919992834	0.25	gratings	94.0	0.0	20.0	0.0	30.0	0.800000012	0.0799999982	4.0	0.785398185	130.0
3915.387999999337	0.25	gratings	51.0	0.0	20.0	-10.0	-30.0	0.800000012	0.0799999982	4.0	0.785398185	130.0
3915.6550079993904	0.25	gratings	46.0	0.0	20.0	10.0	30.0	0.800000012	0.0799999982	4.0	0.0	130.0
3915.9209920000285	0.25	gratings	65.0	0.0	20.0	-10.0	-10.0	0.800000012	0.0799999982	4.0	0.785398185	130.0
3916.188000000082	0.25	gratings	132.0	0.0	20.0	30.0	10.0	0.800000012	0.0799999982	4.0	1.57079637	130.0
3916.455007999204	0.25	gratings	18.0	0.0	20.0	10.0	-10.0	0.800000012	0.0799999982	4.0	0.0	130.0
3916.720991999842	0.25	gratings	91.0	0.0	20.0	-30.0	30.0	0.800000012	0.0799999982	4.0	0.785398185	130.0
3916.9879999998957	0.25	gratings	28.0	0.0	20.0	-30.0	10.0	0.800000012	0.0799999982	4.0	0.0	130.0
3917.255007999949	0.25	gratings	138.0	0.0	20.0	20.0	20.0	0.800000012	0.0799999982	4.0	1.57079637	130.0
3917.5220160000026	0.25	gratings	85.0	0.0	20.0	-20.0	20.0	0.800000012	0.0799999982	4.0	0.785398185	130.0
3917.7879999997094	0.25	gratings	133.0	0.0	20.0	-30.0	20.0	0.800000012	0.0799999982	4.0	1.57079637	130.0
3918.055007999763	0.25	gratings	9.0	0.0	20.0	-10.0	-20.0	0.800000012	0.0799999982	4.0	0.0	130.0
3918.3220159998164	0.25	gratings	91.0	0.0	20.0	-30.0	30.0	0.800000012	0.0799999982	4.0	0.785398185	130.0
3918.587999999523	0.25	gratings	100.0	0.0	20.0	-10.0	-30.0	0.800000012	0.0799999982	4.0	1.57079637	130.0
3918.8550079995766	0.25	gratings	63.0	0.0	20.0	-30.0	-10.0	0.800000012	0.0799999982	4.0	0.785398185	130.0
3919.12201599963	0.25	gratings	131.0	0.0	20.0	20.0	10.0	0.800000012	0.0799999982	4.0	1.57079637	130.0
3919.38899199944	0.25	gratings	85.0	0.0	20.0	-20.0	20.0	0.800000012	0.0799999982	4.0	0.785398185	130.0
3919.6559999994934	0.25	gratings	17.0	0.0	20.0	0.0	-10.0	0.800000012	0.0799999982	4.0	0.0	130.0
3919.923007999547	0.25	gratings	48.0	0.0	20.0	30.0	30.0	0.800000012	0.0799999982	4.0	0.0	130.0
3920.1889919992536	0.25	gratings	104.0	0.0	20.0	30.0	-30.0	0.800000012	0.0799999982	4.0	1.57079637	130.0
3920.455999999307	0.25	gratings	5.0	0.0	20.0	20.0	-30.0	0.800000012	0.0799999982	4.0	0.0	130.0
3920.7230079993606	0.25	gratings	30.0	0.0	20.0	-10.0	10.0	0.800000012	0.0799999982	4.0	0.0	130.0
3920.9889919999987	0.25	gratings	2.0	0.0	20.0	-10.0	-30.0	0.800000012	0.0799999982	4.0	0.0	130.0
3921.256000000052	0.25	gratings	107.0	0.0	20.0	-10.0	-20.0	0.800000012	0.0799999982	4.0	1.57079637	130.0
3921.5230080001056	0.25	gratings	110.0	0.0	20.0	20.0	-20.0	0.800000012	0.0799999982	4.0	1.57079637	130.0
3921.7910079993308	0.25	gratings	44.0	0.0	20.0	-10.0	30.0	0.800000012	0.0799999982	4.0	0.0	130.0
3922.05999999959	0.25	gratings	35.0	0.0	20.0	-30.0	20.0	0.800000012	0.0799999982	4.0	0.0	130.0
3922.3270079996437	0.25	gratings	19.0	0.0	20.0	20.0	-10.0	0.800000012	0.0799999982	4.0	0.0	130.0
3922.594015999697	0.25	gratings	138.0	0.0	20.0	20.0	20.0	0.800000012	0.0799999982	4.0	1.57079637	130.0
3922.859999999404	0.25	gratings	20.0	0.0	20.0	30.0	-10.0	0.800000012	0.0799999982	4.0	0.0	130.0
3923.1270079994574	0.25	gratings	137.0	0.0	20.0	10.0	20.0	0.800000012	0.0799999982	4.0	1.57079637	130.0
3923.394015999511	0.25	gratings	83.0	0.0	20.0	30.0	10.0	0.800000012	0.0799999982	4.0	0.785398185	130.0
3923.6609919993207	0.25	gratings	105.0	0.0	20.0	-30.0	-20.0	0.800000012	0.0799999982	4.0	1.57079637	130.0
3923.927007999271	0.25	gratings	90.0	0.0	20.0	30.0	20.0	0.800000012	0.0799999982	4.0	0.785398185	130.0
3924.1940159993246	0.25	gratings	124.0	0.0	20.0	20.0	0.0	0.800000012	0.0799999982	4.0	1.57079637	130.0
3924.4609920000657	0.25	gratings	100.0	0.0	20.0	-10.0	-30.0	0.800000012	0.0799999982	4.0	1.57079637	130.0
3924.728000000119	0.25	gratings	51.0	0.0	20.0	-10.0	-30.0	0.800000012	0.0799999982	4.0	0.785398185	130.0
3924.9950079992414	0.25	gratings	47.0	0.0	20.0	20.0	30.0	0.800000012	0.0799999982	4.0	0.0	130.0
3925.2609919998795	0.25	gratings	32.0	0.0	20.0	10.0	10.0	0.800000012	0.0799999982	4.0	0.0	130.0
3925.527999999933	0.25	gratings	47.0	0.0	20.0	20.0	30.0	0.800000012	0.0799999982	4.0	0.0	130.0
3925.7950079999864	0.25	gratings	58.0	0.0	20.0	-10.0	-20.0	0.800000012	0.0799999982	4.0	0.785398185	130.0
3926.06201600004	0.25	gratings	108.0	0.0	20.0	0.0	-20.0	0.800000012	0.0799999982	4.0	1.57079637	130.0
3926.3289919998497	0.25	gratings	131.0	0.0	20.0	20.0	10.0	0.800000012	0.0799999982	4.0	1.57079637	130.0
3926.5950079998	0.25	gratings	93.0	0.0	20.0	-10.0	30.0	0.800000012	0.0799999982	4.0	0.785398185	130.0
3926.8620159998536	0.25	gratings	74.0	0.0	20.0	10.0	0.0	0.800000012	0.0799999982	4.0	0.785398185	130.0
3927.1289919996634	0.25	gratings	3.0	0.0	20.0	0.0	-30.0	0.800000012	0.0799999982	4.0	0.0	130.0
3927.395007999614	0.25	gratings	125.0	0.0	20.0	30.0	0.0	0.800000012	0.0799999982	4.0	1.57079637	130.0
3927.6620159996673	0.25	gratings	90.0	0.0	20.0	30.0	20.0	0.800000012	0.0799999982	4.0	0.785398185	130.0
3927.928991999477	0.25	gratings	63.0	0.0	20.0	-30.0	-10.0	0.800000012	0.0799999982	4.0	0.785398185	130.0
3928.1959999995306	0.25	gratings	76.0	0.0	20.0	30.0	0.0	0.800000012	0.0799999982	4.0	0.785398185	130.0
3928.463007999584	0.25	gratings	79.0	0.0	20.0	-10.0	10.0	0.800000012	0.0799999982	4.0	0.785398185	130.0
3928.728991999291	0.25	gratings	140.0	0.0	20.0	-30.0	30.0	0.800000012	0.0799999982	4.0	1.57079637	130.0
3928.9959999993443	0.25	gratings	107.0	0.0	20.0	-10.0	-20.0	0.800000012	0.0799999982	4.0	1.57079637	130.0
3929.263007999398	0.25	gratings	69.0	0.0	20.0	30.0	-10.0	0.800000012	0.0799999982	4.0	0.785398185	130.0
3929.528992000036	0.25	gratings	1.0	0.0	20.0	-20.0	-30.0	0.800000012	0.0799999982	4.0	0.0	130.0
3929.7960000000894	0.25	gratings	73.0	0.0	20.0	0.0	0.0	0.800000012	0.0799999982	4.0	0.785398185	130.0
3930.0630079992115	0.25	gratings	130.0	0.0	20.0	10.0	10.0	0.800000012	0.0799999982	4.0	1.57079637	-1.0
3930.3289919998497	0.25	gratings	79.0	0.0	20.0	-10.0	10.0	0.800000012	0.0799999982	4.0	0.785398185	-1.0
3930.596992000006	0.25	gratings	112.0	0.0	20.0	-30.0	-10.0	0.800000012	0.0799999982	4.0	1.57079637	-1.0
3930.8630079999566	0.25	gratings	18.0	0.0	20.0	10.0	-10.0	0.800000012	0.0799999982	4.0	0.0	131.0
3931.13001600001	0.25	gratings	76.0	0.0	20.0	30.0	0.0	0.800000012	0.0799999982	4.0	0.785398185	131.0
3931.39699199982	0.25	gratings	81.0	0.0	20.0	10.0	10.0	0.800000012	0.0799999982	4.0	0.785398185	131.0
3931.6630079997703	0.25	gratings	126.0	0.0	20.0	-30.0	10.0	0.800000012	0.0799999982	4.0	1.57079637	131.0
3931.930015999824	0.25	gratings	121.0	0.0	20.0	-10.0	0.0	0.800000012	0.0799999982	4.0	1.57079637	131.0
3932.1969919996336	0.25	gratings	41.0	0.0	20.0	30.0	20.0	0.800000012	0.0799999982	4.0	0.0	131.0
3932.463007999584	0.25	gratings	78.0	0.0	20.0	-20.0	10.0	0.800000012	0.0799999982	4.0	0.785398185	131.0
3932.7300159996375	0.25	gratings	142.0	0.0	20.0	-10.0	30.0	0.800000012	0.0799999982	4.0	1.57079637	131.0
3932.9969919994473	0.25	gratings	98.0	0.0	20.0	-30.0	-30.0	0.800000012	0.0799999982	4.0	1.57079637	131.0
3933.263999999501	0.25	gratings	27.0	0.0	20.0	30.0	0.0	0.800000012	0.0799999982	4.0	0.0	131.0
3933.5310079995543	0.25	gratings	108.0	0.0	20.0	0.0	-20.0	0.800000012	0.0799999982	4.0	1.57079637	131.0
3933.796991999261	0.25	gratings	50.0	0.0	20.0	-20.0	-30.0	0.800000012	0.0799999982	4.0	0.785398185	131.0
3934.0639999993145	0.25	gratings	15.0	0.0	20.0	-20.0	-10.0	0.800000012	0.0799999982	4.0	0.0	131.0
3934.331007999368	0.25	gratings	73.0	0.0	20.0	0.0	0.0	0.800000012	0.0799999982	4.0	0.785398185	131.0
3934.5980159994215	0.25	gratings	137.0	0.0	20.0	10.0	20.0	0.800000012	0.0799999982	4.0	1.57079637	131.0
3934.8649919992313	0.25	gratings	138.0	0.0	20.0	20.0	20.0	0.800000012	0.0799999982	4.0	1.57079637	131.0
3935.131008000113	0.25	gratings	27.0	0.0	20.0	30.0	0.0	0.800000012	0.0799999982	4.0	0.0	131.0
3935.398015999235	0.25	gratings	126.0	0.0	20.0	-30.0	10.0	0.800000012	0.0799999982	4.0	1.57079637	131.0
3935.6649919999763	0.25	gratings	32.0	0.0	20.0	10.0	10.0	0.800000012	0.0799999982	4.0	0.0	131.0
3935.931007999927	0.25	gratings	62.0	0.0	20.0	30.0	-20.0	0.800000012	0.0799999982	4.0	0.785398185	131.0
3936.1980159999803	0.25	gratings	57.0	0.0	20.0	-20.0	-20.0	0.800000012	0.0799999982	4.0	0.785398185	131.0
3936.46499199979	0.25	gratings	117.0	0.0	20.0	20.0	-10.0	0.800000012	0.0799999982	4.0	1.57079637	131.0
3936.7310079997405	0.25	gratings	123.0	0.0	20.0	10.0	0.0	0.800000012	0.0799999982	4.0	1.57079637	131.0
3936.998015999794	0.25	gratings	19.0	0.0	20.0	20.0	-10.0	0.800000012	0.0799999982	4.0	0.0	131.0
3937.264991999604	0.25	gratings	106.0	0.0	20.0	-20.0	-20.0	0.800000012	0.0799999982	4.0	1.57079637	131.0
3937.5310079995543	0.25	gratings	113.0	0.0	20.0	-20.0	-10.0	0.800000012	0.0799999982	4.0	1.57079637	131.0
3937.7980159996077	0.25	gratings	7.0	0.0	20.0	-30.0	-20.0	0.800000012	0.0799999982	4.0	0.0	131.0
3938.0649919994175	0.25	gratings	124.0	0.0	20.0	20.0	0.0	0.800000012	0.0799999982	4.0	1.57079637	131.0
3938.331007999368	0.25	gratings	69.0	0.0	20.0	30.0	-10.0	0.800000012	0.0799999982	4.0	0.785398185	131.0
3938.5980159994215	0.25	gratings	7.0	0.0	20.0	-30.0	-20.0	0.800000012	0.0799999982	4.0	0.0	131.0
3938.8649919992313	0.25	gratings	50.0	0.0	20.0	-20.0	-30.0	0.800000012	0.0799999982	4.0	0.785398185	131.0
3939.1319999992847	0.25	gratings	32.0	0.0	20.0	10.0	10.0	0.800000012	0.0799999982	4.0	0.0	131.0
3939.399007999338	0.25	gratings	70.0	0.0	20.0	-30.0	0.0	0.800000012	0.0799999982	4.0	0.785398185	131.0
3939.6649919999763	0.25	gratings	18.0	0.0	20.0	10.0	-10.0	0.800000012	0.0799999982	4.0	0.0	131.0
3939.93200000003	0.25	gratings	71.0	0.0	20.0	-20.0	0.0	0.800000012	0.0799999982	4.0	0.785398185	131.0
3940.1990080000833	0.25	gratings	66.0	0.0	20.0	0.0	-10.0	0.800000012	0.0799999982	4.0	0.785398185	131.0
3940.4660159992054	0.25	gratings	56.0	0.0	20.0	-30.0	-20.0	0.800000012	0.0799999982	4.0	0.785398185	131.0
3940.7319999998435	0.25	gratings	101.0	0.0	20.0	0.0	-30.0	0.800000012	0.0799999982	4.0	1.57079637	131.0
3940.999007999897	0.25	gratings	46.0	0.0	20.0	10.0	30.0	0.800000012	0.0799999982	4.0	0.0	131.0
3941.2660159999505	0.25	gratings	64.0	0.0	20.0	-20.0	-10.0	0.800000012	0.0799999982	4.0	0.785398185	131.0
3941.5319999996573	0.25	gratings	82.0	0.0	20.0	20.0	10.0	0.800000012	0.0799999982	4.0	0.785398185	131.0
3941.7990079997107	0.25	gratings	15.0	0.0	20.0	-20.0	-10.0	0.800000012	0.0799999982	4.0	0.0	131.0
3942.066015999764	0.25	gratings	40.0	0.0	20.0	20.0	20.0	0.800000012	0.0799999982	4.0	0.0	131.0
3942.332991999574	0.25	gratings	3.0	0.0	20.0	0.0	-30.0	0.800000012	0.0799999982	4.0	0.0	131.0
3942.5999999996275	0.25	gratings	30.0	0.0	20.0	-10.0	10.0	0.800000012	0.0799999982	4.0	0.0	131.0
3942.867007999681	0.25	gratings	69.0	0.0	20.0	30.0	-10.0	0.800000012	0.0799999982	4.0	0.785398185	131.0
3943.1329919993877	0.25	gratings	94.0	0.0	20.0	0.0	30.0	0.800000012	0.0799999982	4.0	0.785398185	131.0
3943.399999999441	0.25	gratings	31.0	0.0	20.0	0.0	10.0	0.800000012	0.0799999982	4.0	0.0	131.0
3943.6670079994947	0.25	gratings	101.0	0.0	20.0	0.0	-30.0	0.800000012	0.0799999982	4.0	1.57079637	131.0
3943.934015999548	0.25	gratings	80.0	0.0	20.0	0.0	10.0	0.800000012	0.0799999982	4.0	0.785398185	131.0
3944.199999999255	0.25	gratings	24.0	0.0	20.0	0.0	0.0	0.800000012	0.0799999982	4.0	0.0	131.0
3944.4670079993084	0.25	gratings	60.0	0.0	20.0	10.0	-20.0	0.800000012	0.0799999982	4.0	0.785398185	131.0
3944.734015999362	0.25	gratings	33.0	0.0	20.0	20.0	10.0	0.800000012	0.0799999982	4.0	0.0	131.0
3945.0	0.25	gratings	25.0	0.0	20.0	10.0	0.0	0.800000012	0.0799999982	4.0	0.0	131.0
3945.2670080000535	0.25	gratings	12.0	0.0	20.0	20.0	-20.0	0.800000012	0.0799999982	4.0	0.0	131.0
3945.534016000107	0.25	gratings	25.0	0.0	20.0	10.0	0.0	0.800000012	0.0799999982	4.0	0.0	131.0
3945.8009919999167	0.25	gratings	65.0	0.0	20.0	-10.0	-10.0	0.800000012	0.0799999982	4.0	0.785398185	131.0
3946.067007999867	0.25	gratings	99.0	0.0	20.0	-20.0	-30.0	0.800000012	0.0799999982	4.0	1.57079637	131.0
3946.3340159999207	0.25	gratings	116.0	0.0	20.0	10.0	-10.0	0.800000012	0.0799999982	4.0	1.57079637	131.0
3946.6009919997305	0.25	gratings	38.0	0.0	20.0	0.0	20.0	0.800000012	0.0799999982	4.0	0.0	131.0
3946.867007999681	0.25	gratings	130.0	0.0	20.0	10.0	10.0	0.800000012	0.0799999982	4.0	1.57079637	131.0
3947.1340159997344	0.25	gratings	56.0	0.0	20.0	-30.0	-20.0	0.800000012	0.0799999982	4.0	0.785398185	131.0
3947.400991999544	0.25	gratings	39.0	0.0	20.0	10.0	20.0	0.800000012	0.0799999982	4.0	0.0	131.0
3947.6679999995977	0.25	gratings	69.0	0.0	20.0	30.0	-10.0	0.800000012	0.0799999982	4.0	0.785398185	131.0
3947.935007999651	0.25	gratings	43.0	0.0	20.0	-20.0	30.0	0.800000012	0.0799999982	4.0	0.0	131.0
3948.2020159997046	0.25	gratings	16.0	0.0	20.0	-10.0	-10.0	0.800000012	0.0799999982	4.0	0.0	131.0
3948.4679999994114	0.25	gratings	34.0	0.0	20.0	30.0	10.0	0.800000012	0.0799999982	4.0	0.0	131.0
3948.735007999465	0.25	gratings	45.0	0.0	20.0	0.0	30.0	0.800000012	0.0799999982	4.0	0.0	131.0
3949.0020159995183	0.25	gratings	49.0	0.0	20.0	-30.0	-30.0	0.800000012	0.0799999982	4.0	0.785398185	131.0
3949.267999999225	0.25	gratings	107.0	0.0	20.0	-10.0	-20.0	0.800000012	0.0799999982	4.0	1.57079637	131.0
3949.5350079992786	0.25	gratings	84.0	0.0	20.0	-30.0	20.0	0.800000012	0.0799999982	4.0	0.785398185	131.0
3949.802015999332	0.25	gratings	86.0	0.0	20.0	-10.0	20.0	0.800000012	0.0799999982	4.0	0.785398185	131.0
3950.06799999997	0.25	gratings	105.0	0.0	20.0	-30.0	-20.0	0.800000012	0.0799999982	4.0	1.57079637	131.0
3950.3350080000237	0.25	gratings	145.0	0.0	20.0	20.0	30.0	0.800000012	0.0799999982	4.0	1.57079637	131.0
3950.602016000077	0.25	gratings	146.0	0.0	20.0	30.0	30.0	0.800000012	0.0799999982	4.0	1.57079637	131.0
3950.867999999784	0.25	gratings	118.0	0.0	20.0	30.0	-10.0	0.800000012	0.0799999982	4.0	1.57079637	131.0
3951.1350079998374	0.25	gratings	94.0	0.0	20.0	0.0	30.0	0.800000012	0.0799999982	4.0	0.785398185	131.0
3951.402015999891	0.25	gratings	70.0	0.0	20.0	-30.0	0.0	0.800000012	0.0799999982	4.0	0.785398185	131.0
3951.6679999995977	0.25	gratings	1.0	0.0	20.0	-20.0	-30.0	0.800000012	0.0799999982	4.0	0.0	131.0
3951.935999999754	0.25	gratings	99.0	0.0	20.0	-20.0	-30.0	0.800000012	0.0799999982	4.0	1.57079637	131.0
3952.2020159997046	0.25	gratings	21.0	0.0	20.0	-30.0	0.0	0.800000012	0.0799999982	4.0	0.0	131.0
3952.4689919995144	0.25	gratings	20.0	0.0	20.0	30.0	-10.0	0.800000012	0.0799999982	4.0	0.0	131.0
3952.735999999568	0.25	gratings	74.0	0.0	20.0	10.0	0.0	0.800000012	0.0799999982	4.0	0.785398185	131.0
3953.0020159995183	0.25	gratings	136.0	0.0	20.0	0.0	20.0	0.800000012	0.0799999982	4.0	1.57079637	131.0
3953.268991999328	0.25	gratings	108.0	0.0	20.0	0.0	-20.0	0.800000012	0.0799999982	4.0	1.57079637	131.0
3953.5359999993816	0.25	gratings	8.0	0.0	20.0	-20.0	-20.0	0.800000012	0.0799999982	4.0	0.0	131.0
3953.803007999435	0.25	gratings	78.0	0.0	20.0	-20.0	10.0	0.800000012	0.0799999982	4.0	0.785398185	131.0
3954.0700159994885	0.25	gratings	127.0	0.0	20.0	-20.0	10.0	0.800000012	0.0799999982	4.0	1.57079637	131.0
3954.3369919992983	0.25	gratings	97.0	0.0	20.0	30.0	30.0	0.800000012	0.0799999982	4.0	0.785398185	131.0
